#VRML V2.0 utf8
# 3D model generated by kicad-lcsc-manager
# Based on easyeda2kicad.py v1.0.1

Shape{
    appearance Appearance {
        material  Material {
            diffuseColor 0.6470588235294118 0.6196078431372549 0.5882352941176471
            specularColor 0.45098039215686275 0.43529411764705883 0.4117647058823529
            ambientIntensity 0.6242
            transparency 0.0
            shininess 0.5
        }
    }
    geometry IndexedFaceSet {
        ccw TRUE
        solid FALSE
        coord DEF co Coordinate {
            point [
                -2.3031 -2.0669 0.9843, -2.3031 -2.0669 1.689, -2.3031 -1.7323 0.9843, -2.3031 -1.7323 1.689, -2.3031 2.2638 1.689, -2.3031 2.2638 0.9843, -2.3031 1.9291 1.689, -2.3031 1.9291 0.9843, -2.2165 -1.7323 1.689, -2.1063 -2.2638 1.689, 2.3031 -1.7323 1.689, 2.2165 -1.7323 1.689, 2.3031 -2.0669 1.689, 2.1063 -2.2638 1.689, 2.2964 -2.1179 1.689, 2.1063 2.4606 1.689, 2.2165 1.9291 1.689, 2.3031 1.9291 1.689, -2.2768 -2.1654 1.689, -2.2455 -2.2061 1.689, -2.2047 -2.2374 1.689, 2.1572 -2.2571 1.689, 2.2047 -2.2374 1.689, 2.2455 -2.2061 1.689, -2.2964 -2.1179 1.689, -2.1572 -2.2571 1.689, 2.2768 -2.1654 1.689, -2.2165 1.9291 1.689, -2.1063 2.4606 1.689, 2.2455 2.403 1.689, 2.2047 2.4343 1.689, 2.1572 2.4539 1.689, -2.2047 2.4343 1.689, -2.2455 2.403 1.689, -2.2768 2.3622 1.689, -2.1572 2.4539 1.689, -2.2964 2.3147 1.689, 2.3031 2.2638 1.689, 2.2964 2.3147 1.689, 2.2768 2.3622 1.689, 2.2165 -1.7323 0.9843, 2.3031 -1.7323 0.9843, 2.1063 -2.2638 0.9843, 2.3031 -2.0669 0.9843, 2.2964 -2.1179 0.9843, -2.2165 -1.7323 0.9843, -2.1063 -2.2638 0.9843, -2.2047 -2.2374 0.9843, -2.2455 -2.2061 0.9843, -2.2768 -2.1654 0.9843, -2.2165 1.9291 0.9843, -2.1063 2.4606 0.9843, -2.1572 2.4539 0.9843, -2.2768 2.3622 0.9843, -2.2455 2.403 0.9843, -2.2047 2.4343 0.9843, 2.2768 -2.1654 0.9843, 2.2455 -2.2061 0.9843, 2.1572 -2.2571 0.9843, 2.2047 -2.2374 0.9843, -2.1572 -2.2571 0.9843, -2.2964 -2.1179 0.9843, 2.3031 1.9291 0.9843, 2.2165 1.9291 0.9843, 2.3031 2.2638 0.9843, 2.1063 2.4606 0.9843, 2.1572 2.4539 0.9843, -2.2964 2.3147 0.9843, 2.2047 2.4343 0.9843, 2.2455 2.403 0.9843, 2.2768 2.3622 0.9843, 2.2964 2.3147 0.9843
            ]
        }
        coordIndex [
            0,1,2,-1,2,1,3,-1,4,5,6,-1,6,5,7,-1,8,3,9,-1,9,3,1,-1,10,11,12,-1,12,11,13,-1,12,13,14,-1,15,16,17,-1,18,19,20,-1,21,22,23,-1,1,24,9,-1,9,24,18,-1,9,18,25,-1,25,18,20,-1,21,23,13,-1,13,23,26,-1,13,26,14,-1,6,27,4,-1,4,27,28,-1,29,30,31,-1,32,33,34,-1,15,28,16,-1,16,28,27,-1,16,27,11,-1,11,27,8,-1,11,8,13,-1,13,8,9,-1,28,35,4,-1,4,35,32,-1,4,32,36,-1,36,32,34,-1,17,37,15,-1,15,37,38,-1,15,38,31,-1,31,38,39,-1,31,39,29,-1,40,41,42,-1,42,41,43,-1,42,43,44,-1,2,45,0,-1,0,45,46,-1,47,48,49,-1,50,7,51,-1,51,7,5,-1,51,5,52,-1,53,54,55,-1,44,56,42,-1,42,56,57,-1,42,57,58,-1,58,57,59,-1,46,60,0,-1,0,60,47,-1,0,47,61,-1,61,47,49,-1,62,63,64,-1,64,63,65,-1,64,65,66,-1,42,46,40,-1,40,46,45,-1,40,45,63,-1,63,45,50,-1,63,50,65,-1,65,50,51,-1,52,5,55,-1,55,5,67,-1,55,67,53,-1,66,68,69,-1,69,70,66,-1,66,70,71,-1,66,71,64,-1,62,64,17,-1,17,64,37,-1,1,0,61,-1,1,61,24,-1,24,61,49,-1,24,49,18,-1,18,49,48,-1,18,48,19,-1,19,48,47,-1,19,47,20,-1,20,47,60,-1,20,60,25,-1,25,60,46,-1,25,46,9,-1,13,9,42,-1,42,9,46,-1,13,42,58,-1,13,58,21,-1,21,58,59,-1,21,59,22,-1,22,59,57,-1,22,57,23,-1,23,57,56,-1,23,56,26,-1,26,56,44,-1,26,44,14,-1,14,44,43,-1,14,43,12,-1,10,12,41,-1,41,12,43,-1,37,64,71,-1,37,71,38,-1,38,71,70,-1,38,70,39,-1,39,70,69,-1,39,69,29,-1,29,69,68,-1,29,68,30,-1,30,68,66,-1,30,66,31,-1,31,66,65,-1,31,65,15,-1,28,15,51,-1,51,15,65,-1,28,51,52,-1,28,52,35,-1,35,52,55,-1,35,55,32,-1,32,55,54,-1,32,54,33,-1,33,54,53,-1,33,53,34,-1,34,53,67,-1,34,67,36,-1,36,67,5,-1,36,5,4,-1,63,62,16,-1,16,62,17,-1,41,40,10,-1,10,40,11,-1,63,16,40,-1,40,16,11,-1,2,3,45,-1,45,3,8,-1,50,27,7,-1,7,27,6,-1,45,8,50,-1,50,8,27,-1,
        ]
    }
}
Shape{
    appearance Appearance {
        material  Material {
            diffuseColor 0.7764705882352941 0.7568627450980392 0.7372549019607844
            specularColor 0.38823529411764707 0.3764705882352941 0.3686274509803922
            ambientIntensity 0.7605
            transparency 0.0
            shininess 0.5
        }
    }
    geometry IndexedFaceSet {
        ccw TRUE
        solid FALSE
        coord DEF co Coordinate {
            point [
                -0.458 -1.5109 1.7717, -0.6759 -1.4322 1.7717, -2.0669 -2.0276 1.7717, 1.069 -1.1888 1.7717, 0.8809 -1.3241 1.7717, 2.0669 -2.0276 1.7717, 0.6759 -1.4322 1.7717, 0.458 -1.5109 1.7717, 2.0975 -2.0235 1.7717, 2.126 -2.0117 1.7717, 2.1504 -1.993 1.7717, 2.2047 -0.4331 1.7717, 1.5866 -0.4331 1.7717, 2.2047 -1.7126 1.7717, 1.4979 -0.6472 1.7717, 2.185 -1.7126 1.7717, 1.3805 -0.847 1.7717, 2.185 -1.9094 1.7717, 1.2366 -1.0287 1.7717, 2.181 -1.94 1.7717, 2.1692 -1.9685 1.7717, 0.2312 -1.5588 1.7717, 0.0 -1.5748 1.7717, -0.2312 -1.5588 1.7717, -1.5866 -0.4331 1.7717, -2.2047 -0.4331 1.7717, -1.4979 -0.6472 1.7717, -2.2047 -1.7126 1.7717, -1.3805 -0.847 1.7717, -2.185 -1.7126 1.7717, -1.2366 -1.0287 1.7717, -2.185 -1.9094 1.7717, -1.069 -1.1888 1.7717, -2.181 -1.94 1.7717, -2.1692 -1.9685 1.7717, -2.1504 -1.993 1.7717, -2.126 -2.0117 1.7717, -0.8809 -1.3241 1.7717, -2.0975 -2.0235 1.7717, -2.185 -1.7126 1.6929, -2.2047 -1.7126 1.6929, -2.2047 -0.9882 1.6929, 2.2047 -1.7126 1.6929, 2.185 -1.7126 1.6929, 2.2047 -0.9882 1.6929, 1.4979 -0.6472 1.6929, 2.2047 -0.4331 1.6929, 1.5866 -0.4331 1.6929, -0.8809 -1.3241 1.6929, -0.6759 -1.4322 1.6929, -2.0669 -2.0276 1.6929, -0.458 -1.5109 1.6929, 2.0669 -2.0276 1.6929, 0.458 -1.5109 1.6929, 0.6759 -1.4322 1.6929, -0.2312 -1.5588 1.6929, 0.0 -1.5748 1.6929, 0.2312 -1.5588 1.6929, 2.181 -1.94 1.6929, 1.069 -1.1888 1.6929, 2.185 -1.9094 1.6929, 1.2366 -1.0287 1.6929, 1.3805 -0.847 1.6929, 2.1692 -1.9685 1.6929, 2.1504 -1.993 1.6929, 2.126 -2.0117 1.6929, 0.8809 -1.3241 1.6929, 2.0975 -2.0235 1.6929, -2.0975 -2.0235 1.6929, -1.2366 -1.0287 1.6929, -1.069 -1.1888 1.6929, -2.126 -2.0117 1.6929, -2.1504 -1.993 1.6929, -2.1692 -1.9685 1.6929, -2.2047 -0.4331 1.6929, -1.5866 -0.4331 1.6929, -1.4979 -0.6472 1.6929, -1.3805 -0.847 1.6929, -2.185 -1.9094 1.6929, -2.181 -1.94 1.6929, 2.2244 -1.1811 0.3937, 2.2244 -1.1811 0.0787, 2.2244 -1.7126 0.0787, 2.2244 -0.4015 0.4279, 2.2244 -0.4109 0.4428, 2.2244 1.185 1.6732, 2.2244 0.6351 0.4646, 2.2244 0.6202 0.4553, 2.2244 -0.3957 0.4112, 2.2244 0.6077 0.4428, 2.2244 0.5983 0.4279, 2.2244 0.5906 0.3937, 2.2244 0.5906 -0.5295, 2.2244 -0.3937 -0.5295, 2.2244 -1.7126 1.6732, 2.2244 -1.1365 0.4646, 2.2244 -1.1515 0.4553, 2.2244 0.5925 0.4112, 2.2244 -0.3937 0.3937, 2.2244 0.4606 1.6732, 2.2244 -1.1639 0.4428, 2.2244 -1.1733 0.4279, 2.2244 -1.1791 0.4112, 2.2244 1.3702 0.4279, 2.2244 1.9094 1.6732, 2.2244 1.376 0.4112, 2.2244 1.9094 0.0787, 2.2244 1.378 0.3937, 2.2244 1.378 0.0787, 2.2244 1.3608 0.4428, 2.2244 1.3483 0.4553, 2.2244 1.3334 0.4646, 2.2244 1.3167 0.4705, 2.2244 1.2992 0.4724, 2.2244 0.6693 0.4724, 2.2244 0.6518 0.4705, 2.2244 -0.4233 0.4553, 2.2244 -0.4383 0.4646, 2.2244 -0.2638 1.6732, 2.2244 -0.4549 0.4705, 2.2244 -0.4724 0.4724, 2.2244 -0.9882 1.6732, 2.2244 -1.1024 0.4724, 2.2244 -1.1199 0.4705, -2.2244 1.378 0.3937, -2.2244 1.378 0.0787, -2.2244 1.9094 0.0787, -2.2244 -1.1639 0.4428, -2.2244 -1.1515 0.4553, -2.2244 -1.7126 1.6732, -2.2244 -1.1811 0.0787, -2.2244 -1.1811 0.3937, -2.2244 -1.7126 0.0787, -2.2244 -1.1791 0.4112, -2.2244 -1.1733 0.4279, -2.2244 -0.3937 -0.5295, -2.2244 0.5906 -0.5295, -2.2244 -0.3937 0.3937, -2.2244 0.5906 0.3937, -2.2244 -0.3957 0.4112, -2.2244 0.5925 0.4112, -2.2244 0.5983 0.4279, -2.2244 0.4606 1.6732, -2.2244 -0.2638 1.6732, -2.2244 -0.4549 0.4705, -2.2244 1.3483 0.4553, -2.2244 1.9094 1.6732, -2.2244 1.3334 0.4646, -2.2244 1.3167 0.4705, -2.2244 1.3608 0.4428, -2.2244 1.3702 0.4279, -2.2244 1.376 0.4112, -2.2244 0.6077 0.4428, -2.2244 0.6202 0.4553, -2.2244 0.6351 0.4646, -2.2244 -1.1365 0.4646, -2.2244 -1.1199 0.4705, -2.2244 -0.9882 1.6732, -2.2244 -1.1024 0.4724, -2.2244 -0.4724 0.4724, -2.2244 -0.4383 0.4646, -2.2244 -0.4233 0.4553, -2.2244 1.185 1.6732, -2.2244 -0.4109 0.4428, -2.2244 -0.4015 0.4279, -2.2244 0.6518 0.4705, -2.2244 0.6693 0.4724, -2.2244 1.2992 0.4724, 2.2244 -0.0591 -1.378, 2.2244 0.2559 -1.378, 2.3031 -0.0591 -1.378, 2.3031 0.2559 -1.378, 2.3031 -0.2894 -1.107, 2.3031 0.4862 -1.107, 2.2244 -0.3073 -1.0859, 2.2244 0.5041 -1.0859, 2.385 -0.3937 -0.8077, 2.385 0.5906 -0.8077, 2.2831 0.5906 -0.9843, 2.2831 -0.3937 -0.9843, 2.374 -0.3937 -0.9843, 2.374 0.5906 -0.9843, 2.4759 -0.3937 -0.8077, 2.4759 0.5906 -0.8077, 2.3031 -0.3937 -0.5084, 2.3031 0.5906 -0.5084, 2.3031 1.378 0.3937, 2.3031 1.378 0.1181, 2.3031 1.9094 0.1181, 2.3031 0.5983 0.4279, 2.3031 0.6077 0.4428, 2.3031 -0.3957 0.4112, 2.3031 0.6202 0.4553, 2.3031 0.6351 0.4646, 2.3031 -1.1811 0.1181, 2.3031 -1.1811 0.3937, 2.3031 -1.7126 0.1181, 2.3031 -1.1791 0.4112, 2.3031 -1.7126 1.6732, 2.3031 -1.1733 0.4279, 2.3031 -1.1639 0.4428, 2.3031 -1.1515 0.4553, 2.3031 -1.1365 0.4646, 2.3031 -1.1199 0.4705, 2.3031 -0.4383 0.4646, 2.3031 -0.4233 0.4553, 2.3031 1.9094 1.6732, 2.3031 -0.3937 0.3937, 2.3031 0.5906 0.3937, 2.3031 0.5925 0.4112, 2.3031 -0.4109 0.4428, 2.3031 -0.4015 0.4279, 2.3031 1.3483 0.4553, 2.3031 1.3334 0.4646, 2.3031 1.3167 0.4705, 2.3031 1.3608 0.4428, 2.3031 1.3702 0.4279, 2.3031 1.376 0.4112, 2.3031 -1.1024 0.4724, 2.3031 -0.4724 0.4724, 2.3031 -0.4549 0.4705, 2.3031 0.6518 0.4705, 2.3031 0.6693 0.4724, 2.3031 1.2992 0.4724, 2.2991 -1.7126 0.0875, 2.2873 -1.7126 0.0591, 1.437 -1.7126 0.0787, 1.437 -1.7126 -0.0, 2.185 -1.7126 -0.0, 2.2156 -1.7126 0.004, 2.2441 -1.7126 0.0158, 2.2686 -1.7126 0.0346, 2.2686 1.9094 0.0346, 2.2441 1.9094 0.0158, 1.437 1.9094 -0.0, 1.437 1.9094 0.0787, 2.185 1.9094 -0.0, 2.2156 1.9094 0.004, 2.2991 1.9094 0.0875, 2.2873 1.9094 0.0591, 2.185 1.9094 1.6929, 2.185 2.1063 1.6929, 2.185 1.9094 1.7717, 2.185 2.1063 1.7717, 2.181 2.1369 1.6929, 2.181 2.1369 1.7717, 2.1692 2.1654 1.6929, 2.1692 2.1654 1.7717, 2.1504 2.1898 1.6929, 2.1504 2.1898 1.7717, 2.126 2.2086 1.6929, 2.126 2.2086 1.7717, 2.0975 2.2204 1.6929, 2.0975 2.2204 1.7717, 2.0669 2.2244 1.6929, 2.0669 2.2244 1.7717, -2.0669 2.2244 1.7717, -2.0669 2.2244 1.6929, -2.0975 2.2204 1.6929, -2.0975 2.2204 1.7717, -2.126 2.2086 1.6929, -2.126 2.2086 1.7717, -2.1504 2.1898 1.6929, -2.1504 2.1898 1.7717, -2.1692 2.1654 1.6929, -2.1692 2.1654 1.7717, -2.181 2.1369 1.6929, -2.181 2.1369 1.7717, -2.185 2.1063 1.6929, -2.185 2.1063 1.7717, -2.185 1.9094 1.7717, -2.185 1.9094 1.6929, -2.2047 0.6299 1.7717, -1.5866 0.6299 1.7717, -2.2047 1.9094 1.7717, -1.4979 0.844 1.7717, -1.3805 1.0439 1.7717, -1.2366 1.2255 1.7717, -1.069 1.3856 1.7717, -0.8809 1.521 1.7717, -0.6759 1.629 1.7717, -0.458 1.7078 1.7717, 0.458 1.7078 1.7717, 0.6759 1.629 1.7717, -0.2312 1.7556 1.7717, 0.0 1.7717 1.7717, 0.2312 1.7556 1.7717, 1.2366 1.2255 1.7717, 0.8809 1.521 1.7717, 1.069 1.3856 1.7717, 1.5866 0.6299 1.7717, 2.2047 0.6299 1.7717, 1.4979 0.844 1.7717, 2.2047 1.9094 1.7717, 1.3805 1.0439 1.7717, 2.2047 1.9094 1.6929, 2.2047 1.185 1.6929, -1.4979 0.844 1.6929, -1.5866 0.6299 1.6929, -2.2047 0.6299 1.6929, -2.2047 1.185 1.6929, -2.2047 1.9094 1.6929, -1.3805 1.0439 1.6929, -1.2366 1.2255 1.6929, -0.458 1.7078 1.6929, -0.6759 1.629 1.6929, 0.458 1.7078 1.6929, 0.6759 1.629 1.6929, 0.8809 1.521 1.6929, -0.8809 1.521 1.6929, -1.069 1.3856 1.6929, 0.2312 1.7556 1.6929, 0.0 1.7717 1.6929, -0.2312 1.7556 1.6929, 1.2366 1.2255 1.6929, 1.069 1.3856 1.6929, 2.2047 0.6299 1.6929, 1.5866 0.6299 1.6929, 1.4979 0.844 1.6929, 1.3805 1.0439 1.6929, -2.2244 -0.0591 -1.378, -2.3031 -0.0591 -1.378, -2.2244 0.2559 -1.378, -2.3031 0.2559 -1.378, -2.2244 -0.3073 -1.0859, -2.2244 0.5041 -1.0859, -2.3031 -0.2894 -1.107, -2.3031 0.4862 -1.107, -2.374 0.5906 -0.9843, -2.374 -0.3937 -0.9843, -2.4759 0.5906 -0.8077, -2.4759 -0.3937 -0.8077, -2.2831 -0.3937 -0.9843, -2.2831 0.5906 -0.9843, -2.385 -0.3937 -0.8077, -2.385 0.5906 -0.8077, -2.3031 -0.3937 -0.5084, -2.3031 0.5906 -0.5084, -2.2047 0.4606 1.6929, -2.2098 0.4606 1.6922, -2.2098 -0.9882 1.6922, -2.2098 -1.7126 1.6922, -2.2146 -0.9882 1.6903, -2.2146 -1.7126 1.6903, -2.2186 -0.9882 1.6871, -2.2186 -1.7126 1.6871, -2.2218 -0.9882 1.6831, -2.2218 -1.7126 1.6831, -2.2237 -0.9882 1.6783, -2.2237 -1.7126 1.6783, -2.2047 -0.2638 1.6929, -2.2098 -0.2638 1.6922, -2.2146 -0.2638 1.6903, -2.2186 -0.2638 1.6871, -2.2218 -0.2638 1.6831, -2.2237 -0.2638 1.6783, -2.2146 0.4606 1.6903, -2.2186 0.4606 1.6871, -2.2218 0.4606 1.6831, -2.2237 0.4606 1.6783, -2.2098 1.185 1.6922, -2.2146 1.185 1.6903, -2.2186 1.185 1.6871, -2.2218 1.185 1.6831, -2.2237 1.185 1.6783, -2.2098 1.9094 1.6922, -2.2146 1.9094 1.6903, -2.2186 1.9094 1.6871, -2.2218 1.9094 1.6831, -2.2237 1.9094 1.6783, -2.2302 -1.7126 1.7683, -2.2539 -1.7126 1.7585, -2.2743 -1.7126 1.7428, -2.29 -1.7126 1.7224, -2.2998 -1.7126 1.6987, -2.3031 -1.7126 1.6732, -2.2441 -0.4331 1.7634, -2.2441 0.6299 1.7634, -2.2539 1.9094 1.7585, -2.2302 -0.4331 1.7683, -2.2302 1.9094 1.7683, -2.2302 0.6299 1.7683, -2.2743 1.9094 1.7428, -2.29 1.9094 1.7224, -2.2998 1.9094 1.6987, -2.3031 1.9094 1.6732, -2.2686 -1.7126 0.0346, -2.2441 -1.7126 0.0158, -2.3031 -1.7126 0.1181, -1.437 -1.7126 -0.0, -1.437 -1.7126 0.0787, -2.185 -1.7126 -0.0, -2.2156 -1.7126 0.004, -2.2991 -1.7126 0.0875, -2.2873 -1.7126 0.0591, -2.3031 -1.1811 0.3937, -2.3031 -1.1811 0.1181, -2.3031 0.5983 0.4279, -2.3031 -0.3937 0.3937, -2.3031 0.6077 0.4428, -2.3031 0.6202 0.4553, -2.3031 -0.4109 0.4428, -2.3031 -0.4233 0.4553, -2.3031 -1.1024 0.4724, -2.3031 -1.1199 0.4705, -2.3031 -1.1365 0.4646, -2.3031 -1.1515 0.4553, -2.3031 1.3702 0.4279, -2.3031 1.376 0.4112, -2.3031 1.9094 0.1181, -2.3031 1.378 0.3937, -2.3031 1.378 0.1181, -2.3031 1.3608 0.4428, -2.3031 1.3483 0.4553, -2.3031 1.3334 0.4646, -2.3031 1.3167 0.4705, -2.3031 1.2992 0.4724, -2.3031 0.6693 0.4724, -2.3031 -0.4383 0.4646, -2.3031 -0.4549 0.4705, -2.3031 -0.4724 0.4724, -2.3031 -1.1639 0.4428, -2.3031 -1.1733 0.4279, -2.3031 -1.1791 0.4112, -2.3031 0.5906 0.3937, -2.3031 0.5925 0.4112, -2.3031 -0.4015 0.4279, -2.3031 -0.3957 0.4112, -2.3031 0.6518 0.4705, -2.3031 0.6351 0.4646, -2.2991 1.9094 0.0875, -2.2873 1.9094 0.0591, -1.437 1.9094 0.0787, -1.437 1.9094 -0.0, -2.185 1.9094 -0.0, -2.2156 1.9094 0.004, -2.2441 1.9094 0.0158, -2.2686 1.9094 0.0346, -2.185 1.378 -0.0, -1.437 1.378 -0.0, -1.3635 1.3867 -0.0, -1.294 1.8751 -0.0, -1.2324 1.834 -0.0, -1.294 1.4123 -0.0, -1.1259 1.6437 -0.0, -1.146 1.5724 -0.0, -1.146 1.715 -0.0, -1.1822 1.5078 -0.0, -1.3635 1.9007 -0.0, -1.1822 1.7796 -0.0, -1.2324 1.4534 -0.0, -2.2991 1.378 0.0875, -1.437 1.378 0.0787, -2.2156 1.378 0.004, -2.2441 1.378 0.0158, -2.2873 1.378 0.0591, -2.2686 1.378 0.0346, -1.437 -1.1811 0.0787, -1.437 -1.1811 -0.0, -2.185 -1.1811 -0.0, -2.2686 -1.1811 0.0346, -2.2873 -1.1811 0.0591, -2.2991 -1.1811 0.0875, -2.2156 -1.1811 0.004, -2.2441 -1.1811 0.0158, -1.2324 -1.6371 -0.0, -1.294 -1.6783 -0.0, -1.294 -1.2154 -0.0, -1.3635 -1.1898 -0.0, -1.3635 -1.7039 -0.0, -1.2324 -1.2566 -0.0, -1.146 -1.5181 -0.0, -1.1822 -1.5827 -0.0, -1.1822 -1.311 -0.0, -1.146 -1.3756 -0.0, -1.1259 -1.4469 -0.0, 2.2302 -0.4331 1.7683, 2.2302 -1.7126 1.7683, 2.2302 0.6299 1.7683, 2.2441 0.6299 1.7634, 2.2539 1.9094 1.7585, 2.2441 -0.4331 1.7634, 2.2539 -1.7126 1.7585, 2.2302 1.9094 1.7683, 2.2743 -1.7126 1.7428, 2.2743 1.9094 1.7428, 2.29 -1.7126 1.7224, 2.29 1.9094 1.7224, 2.2998 -1.7126 1.6987, 2.2998 1.9094 1.6987, 2.2237 -1.7126 1.6783, 2.2218 -1.7126 1.6831, 2.2186 -1.7126 1.6871, 2.2146 -1.7126 1.6903, 2.2098 -1.7126 1.6922, 2.2047 -0.2638 1.6929, 2.2098 -0.2638 1.6922, 2.2098 1.185 1.6922, 2.2098 1.9094 1.6922, 2.2146 1.185 1.6903, 2.2146 1.9094 1.6903, 2.2186 1.185 1.6871, 2.2186 1.9094 1.6871, 2.2218 1.185 1.6831, 2.2218 1.9094 1.6831, 2.2237 1.185 1.6783, 2.2237 1.9094 1.6783, 2.2047 0.4606 1.6929, 2.2098 0.4606 1.6922, 2.2146 0.4606 1.6903, 2.2186 0.4606 1.6871, 2.2218 0.4606 1.6831, 2.2237 0.4606 1.6783, 2.2146 -0.2638 1.6903, 2.2186 -0.2638 1.6871, 2.2218 -0.2638 1.6831, 2.2237 -0.2638 1.6783, 2.2098 -0.9882 1.6922, 2.2146 -0.9882 1.6903, 2.2186 -0.9882 1.6871, 2.2218 -0.9882 1.6831, 2.2237 -0.9882 1.6783, 2.185 1.378 -0.0, 1.437 1.378 -0.0, 1.3635 1.3867 -0.0, 1.146 1.5724 -0.0, 1.1259 1.6437 -0.0, 1.146 1.715 -0.0, 1.1822 1.7796 -0.0, 1.2324 1.834 -0.0, 1.2324 1.4534 -0.0, 1.294 1.8751 -0.0, 1.294 1.4123 -0.0, 1.3635 1.9007 -0.0, 1.1822 1.5078 -0.0, 1.437 1.378 0.0787, 2.2686 1.378 0.0346, 2.2873 1.378 0.0591, 2.2991 1.378 0.0875, 2.2156 1.378 0.004, 2.2441 1.378 0.0158, 2.185 -1.1811 -0.0, 1.437 -1.1811 -0.0, 1.3635 -1.7039 -0.0, 1.294 -1.6783 -0.0, 1.2324 -1.6371 -0.0, 1.3635 -1.1898 -0.0, 1.146 -1.5181 -0.0, 1.1259 -1.4469 -0.0, 1.146 -1.3756 -0.0, 1.1822 -1.311 -0.0, 1.2324 -1.2566 -0.0, 1.294 -1.2154 -0.0, 1.1822 -1.5827 -0.0, 2.2991 -1.1811 0.0875, 1.437 -1.1811 0.0787, 2.2156 -1.1811 0.004, 2.2441 -1.1811 0.0158, 2.2873 -1.1811 0.0591, 2.2686 -1.1811 0.0346, -1.294 -1.2154 0.0787, -1.294 -1.6783 0.0787, -1.2324 -1.6371 0.0787, -1.3635 -1.7039 0.0787, -1.3635 -1.1898 0.0787, -1.1259 -1.4469 0.0787, -1.146 -1.3756 0.0787, -1.146 -1.5181 0.0787, -1.1822 -1.311 0.0787, -1.1822 -1.5827 0.0787, -1.2324 -1.2566 0.0787, -1.3635 1.3867 0.0787, -1.294 1.4123 0.0787, -1.2324 1.4534 0.0787, -1.1822 1.5078 0.0787, -1.3635 1.9007 0.0787, -1.146 1.5724 0.0787, -1.1259 1.6437 0.0787, -1.146 1.715 0.0787, -1.1822 1.7796 0.0787, -1.2324 1.834 0.0787, -1.294 1.8751 0.0787, 1.3635 -1.7039 0.0787, 1.294 -1.6783 0.0787, 1.2324 -1.6371 0.0787, 1.3635 -1.1898 0.0787, 1.294 -1.2154 0.0787, 1.2324 -1.2566 0.0787, 1.1822 -1.311 0.0787, 1.146 -1.3756 0.0787, 1.1259 -1.4469 0.0787, 1.146 -1.5181 0.0787, 1.1822 -1.5827 0.0787, 1.3635 1.3867 0.0787, 1.294 1.4123 0.0787, 1.294 1.8751 0.0787, 1.2324 1.834 0.0787, 1.2324 1.4534 0.0787, 1.146 1.715 0.0787, 1.1259 1.6437 0.0787, 1.146 1.5724 0.0787, 1.1822 1.7796 0.0787, 1.1822 1.5078 0.0787, 1.3635 1.9007 0.0787
            ]
        }
        coordIndex [
            0,1,2,-1,3,4,5,-1,5,4,6,-1,5,6,7,-1,5,8,3,-1,3,8,9,-1,3,9,10,-1,11,12,13,-1,13,12,14,-1,13,14,15,-1,15,14,16,-1,15,16,17,-1,17,16,18,-1,17,18,19,-1,19,18,3,-1,19,3,20,-1,20,3,10,-1,7,21,5,-1,5,21,22,-1,5,22,2,-1,2,22,23,-1,2,23,0,-1,24,25,26,-1,26,25,27,-1,26,27,28,-1,28,27,29,-1,28,29,30,-1,30,29,31,-1,30,31,32,-1,32,31,33,-1,33,34,32,-1,32,34,35,-1,32,35,36,-1,1,37,2,-1,2,37,32,-1,2,32,38,-1,38,32,36,-1,39,40,41,-1,42,43,44,-1,44,43,45,-1,44,45,46,-1,46,45,47,-1,48,49,50,-1,50,49,51,-1,52,53,54,-1,51,55,50,-1,50,55,56,-1,50,56,52,-1,52,56,57,-1,52,57,53,-1,58,59,60,-1,60,59,61,-1,60,61,43,-1,43,61,62,-1,43,62,45,-1,58,63,59,-1,59,63,64,-1,59,64,65,-1,54,66,52,-1,52,66,59,-1,52,59,67,-1,67,59,65,-1,68,69,50,-1,50,69,70,-1,50,70,48,-1,68,71,69,-1,69,71,72,-1,69,72,73,-1,74,75,41,-1,41,75,76,-1,41,76,39,-1,39,76,77,-1,39,77,78,-1,78,77,69,-1,78,69,79,-1,79,69,73,-1,80,81,82,-1,83,84,85,-1,86,87,88,-1,88,87,89,-1,88,89,90,-1,91,92,93,-1,94,95,96,-1,90,97,88,-1,88,97,91,-1,88,91,98,-1,98,91,93,-1,85,84,99,-1,96,100,94,-1,94,100,101,-1,94,101,82,-1,82,101,102,-1,82,102,80,-1,103,104,105,-1,105,104,106,-1,105,106,107,-1,107,106,108,-1,103,109,104,-1,104,109,110,-1,104,110,111,-1,111,112,104,-1,104,112,113,-1,104,113,114,-1,85,104,83,-1,83,104,114,-1,83,114,88,-1,88,114,115,-1,88,115,86,-1,84,116,99,-1,99,116,117,-1,99,117,118,-1,117,119,118,-1,118,119,120,-1,118,120,121,-1,121,120,122,-1,121,122,94,-1,94,122,123,-1,94,123,95,-1,124,125,126,-1,127,128,129,-1,130,131,132,-1,132,131,133,-1,132,133,129,-1,129,133,134,-1,129,134,127,-1,135,136,137,-1,137,136,138,-1,137,138,139,-1,139,138,140,-1,139,140,141,-1,142,143,144,-1,145,146,147,-1,147,146,148,-1,145,149,146,-1,146,149,150,-1,146,150,126,-1,126,150,151,-1,126,151,124,-1,141,152,139,-1,139,152,153,-1,139,153,154,-1,128,155,129,-1,129,155,156,-1,129,156,157,-1,157,156,158,-1,157,158,143,-1,143,158,159,-1,143,159,144,-1,144,160,142,-1,142,160,161,-1,142,161,162,-1,162,161,163,-1,162,163,146,-1,146,163,164,-1,146,164,139,-1,154,165,139,-1,139,165,166,-1,139,166,146,-1,146,166,167,-1,146,167,148,-1,168,169,170,-1,170,169,171,-1,170,171,172,-1,172,171,173,-1,174,175,168,-1,168,175,169,-1,176,177,178,-1,175,174,178,-1,178,174,179,-1,178,179,176,-1,172,173,180,-1,180,173,181,-1,180,181,182,-1,182,181,183,-1,93,92,176,-1,176,92,177,-1,182,183,184,-1,184,183,185,-1,186,187,188,-1,189,190,191,-1,191,190,192,-1,191,192,193,-1,194,195,196,-1,196,195,197,-1,196,197,198,-1,198,197,199,-1,198,199,200,-1,200,201,198,-1,198,201,202,-1,198,202,203,-1,204,205,206,-1,184,185,207,-1,207,185,208,-1,207,208,191,-1,191,208,209,-1,191,209,189,-1,205,210,206,-1,206,210,211,-1,206,211,191,-1,212,206,213,-1,213,206,214,-1,212,215,206,-1,206,215,216,-1,206,216,188,-1,188,216,217,-1,188,217,186,-1,203,218,198,-1,198,218,219,-1,198,219,206,-1,206,219,220,-1,206,220,204,-1,193,221,191,-1,191,221,222,-1,191,222,206,-1,206,222,223,-1,206,223,214,-1,198,94,196,-1,196,94,82,-1,196,82,224,-1,224,82,225,-1,226,227,82,-1,82,227,228,-1,82,228,229,-1,229,230,82,-1,82,230,231,-1,82,231,225,-1,106,232,233,-1,104,206,106,-1,106,206,188,-1,234,235,236,-1,236,235,106,-1,236,106,237,-1,237,106,233,-1,188,238,106,-1,106,238,239,-1,106,239,232,-1,15,17,43,-1,43,17,60,-1,39,78,29,-1,29,78,31,-1,31,78,79,-1,31,79,33,-1,33,79,73,-1,33,73,34,-1,34,73,72,-1,34,72,35,-1,35,72,71,-1,35,71,36,-1,36,71,68,-1,36,68,38,-1,38,68,50,-1,38,50,2,-1,5,2,52,-1,52,2,50,-1,5,52,67,-1,5,67,8,-1,8,67,65,-1,8,65,9,-1,9,65,64,-1,9,64,10,-1,10,64,63,-1,10,63,20,-1,20,63,58,-1,20,58,19,-1,19,58,60,-1,19,60,17,-1,240,241,242,-1,242,241,243,-1,243,241,244,-1,243,244,245,-1,245,244,246,-1,245,246,247,-1,247,246,248,-1,247,248,249,-1,249,248,250,-1,249,250,251,-1,251,250,252,-1,251,252,253,-1,253,252,254,-1,253,254,255,-1,256,255,257,-1,257,255,254,-1,256,257,258,-1,256,258,259,-1,259,258,260,-1,259,260,261,-1,261,260,262,-1,261,262,263,-1,263,262,264,-1,263,264,265,-1,265,264,266,-1,265,266,267,-1,267,266,268,-1,267,268,269,-1,270,269,271,-1,271,269,268,-1,272,273,274,-1,274,273,275,-1,274,275,270,-1,270,275,276,-1,270,276,269,-1,269,276,277,-1,269,277,267,-1,278,279,256,-1,256,279,280,-1,256,280,281,-1,255,282,283,-1,281,284,256,-1,256,284,285,-1,256,285,255,-1,255,285,286,-1,255,286,282,-1,278,256,277,-1,277,256,259,-1,277,259,261,-1,247,249,287,-1,261,263,277,-1,277,263,265,-1,277,265,267,-1,247,287,245,-1,283,288,255,-1,255,288,289,-1,255,289,253,-1,253,289,287,-1,253,287,251,-1,251,287,249,-1,290,291,292,-1,292,291,293,-1,292,293,294,-1,294,293,242,-1,294,242,287,-1,287,242,243,-1,287,243,245,-1,240,295,296,-1,297,298,299,-1,300,301,271,-1,299,300,297,-1,297,300,271,-1,297,271,302,-1,302,271,303,-1,304,305,257,-1,306,254,307,-1,307,254,308,-1,305,309,257,-1,257,309,310,-1,257,310,258,-1,258,310,303,-1,306,311,254,-1,254,311,312,-1,254,312,257,-1,257,312,313,-1,257,313,304,-1,252,314,254,-1,254,314,315,-1,254,315,308,-1,271,268,303,-1,303,268,266,-1,303,266,264,-1,252,250,314,-1,314,250,248,-1,314,248,246,-1,264,262,303,-1,303,262,260,-1,303,260,258,-1,316,317,296,-1,296,317,318,-1,296,318,240,-1,240,318,319,-1,240,319,241,-1,241,319,314,-1,241,314,244,-1,244,314,246,-1,320,321,322,-1,322,321,323,-1,324,320,325,-1,325,320,322,-1,321,326,323,-1,323,326,327,-1,327,326,328,-1,328,326,329,-1,328,329,330,-1,330,329,331,-1,324,325,332,-1,332,325,333,-1,332,333,334,-1,334,333,335,-1,331,336,330,-1,330,336,337,-1,135,334,136,-1,136,334,335,-1,40,39,27,-1,27,39,29,-1,270,271,274,-1,274,271,301,-1,299,338,339,-1,74,41,340,-1,41,40,340,-1,340,40,341,-1,340,341,342,-1,342,341,343,-1,342,343,344,-1,344,343,345,-1,344,345,346,-1,346,345,347,-1,346,347,348,-1,348,347,349,-1,348,349,157,-1,157,349,129,-1,350,74,351,-1,351,74,340,-1,351,340,352,-1,352,340,342,-1,352,342,353,-1,353,342,344,-1,353,344,354,-1,354,344,346,-1,354,346,355,-1,355,346,348,-1,355,348,143,-1,143,348,157,-1,338,350,339,-1,339,350,351,-1,339,351,356,-1,356,351,352,-1,356,352,357,-1,357,352,353,-1,357,353,358,-1,358,353,354,-1,358,354,359,-1,359,354,355,-1,359,355,142,-1,142,355,143,-1,300,299,360,-1,360,299,339,-1,360,339,361,-1,361,339,356,-1,361,356,362,-1,362,356,357,-1,362,357,363,-1,363,357,358,-1,363,358,364,-1,364,358,359,-1,364,359,162,-1,162,359,142,-1,301,300,365,-1,365,300,360,-1,365,360,366,-1,366,360,361,-1,366,361,367,-1,367,361,362,-1,367,362,368,-1,368,362,363,-1,368,363,369,-1,369,363,364,-1,369,364,146,-1,146,364,162,-1,40,27,341,-1,341,27,370,-1,341,370,343,-1,343,370,371,-1,343,371,345,-1,345,371,372,-1,345,372,347,-1,347,372,373,-1,347,373,349,-1,349,373,374,-1,349,374,129,-1,129,374,375,-1,376,377,378,-1,379,376,371,-1,378,377,380,-1,371,370,379,-1,379,370,27,-1,379,27,25,-1,377,381,380,-1,380,381,272,-1,380,272,274,-1,376,378,371,-1,371,378,382,-1,371,382,372,-1,372,382,383,-1,372,383,373,-1,373,383,384,-1,373,384,374,-1,374,384,385,-1,374,385,375,-1,146,385,369,-1,369,385,384,-1,369,384,368,-1,368,384,383,-1,368,383,367,-1,367,383,382,-1,367,382,366,-1,366,382,378,-1,366,378,365,-1,365,378,380,-1,365,380,301,-1,301,380,274,-1,132,386,387,-1,129,375,132,-1,132,375,388,-1,389,390,391,-1,391,390,132,-1,391,132,392,-1,392,132,387,-1,388,393,132,-1,132,393,394,-1,132,394,386,-1,395,396,388,-1,397,398,399,-1,399,398,400,-1,385,401,402,-1,403,404,375,-1,375,404,405,-1,375,405,406,-1,407,385,408,-1,408,385,409,-1,408,409,410,-1,410,409,411,-1,407,412,385,-1,385,412,413,-1,385,413,414,-1,414,415,385,-1,385,415,416,-1,385,416,417,-1,402,418,385,-1,385,418,419,-1,385,419,375,-1,375,419,420,-1,375,420,403,-1,406,421,375,-1,375,421,422,-1,375,422,388,-1,388,422,423,-1,388,423,395,-1,337,336,424,-1,424,336,398,-1,424,398,425,-1,425,398,397,-1,401,385,426,-1,426,385,417,-1,426,417,427,-1,427,417,428,-1,427,428,398,-1,398,428,429,-1,398,429,400,-1,385,146,409,-1,409,146,126,-1,409,126,430,-1,430,126,431,-1,432,433,126,-1,126,433,434,-1,126,434,435,-1,435,436,126,-1,126,436,437,-1,126,437,431,-1,424,138,337,-1,337,138,136,-1,337,136,330,-1,330,136,335,-1,330,335,328,-1,328,335,333,-1,138,424,140,-1,140,424,425,-1,140,425,141,-1,141,425,397,-1,141,397,152,-1,152,397,399,-1,152,399,153,-1,153,399,400,-1,153,400,154,-1,154,400,429,-1,154,429,165,-1,165,429,428,-1,165,428,166,-1,166,428,417,-1,417,416,166,-1,166,416,167,-1,167,416,148,-1,148,416,415,-1,148,415,147,-1,147,415,414,-1,147,414,145,-1,145,414,413,-1,145,413,149,-1,149,413,412,-1,149,412,150,-1,150,412,407,-1,150,407,151,-1,151,407,408,-1,151,408,124,-1,124,408,410,-1,438,434,439,-1,439,434,433,-1,439,433,440,-1,441,442,443,-1,444,445,446,-1,446,445,447,-1,440,433,443,-1,443,433,448,-1,443,448,441,-1,442,449,443,-1,443,449,446,-1,443,446,450,-1,450,446,447,-1,124,410,125,-1,125,410,411,-1,125,411,451,-1,439,452,438,-1,438,452,125,-1,438,125,453,-1,453,125,454,-1,451,455,125,-1,125,455,456,-1,125,456,454,-1,328,333,327,-1,327,333,325,-1,327,325,323,-1,323,325,322,-1,321,320,326,-1,326,320,324,-1,326,324,329,-1,329,324,332,-1,329,332,331,-1,331,332,334,-1,331,334,336,-1,336,334,135,-1,336,135,398,-1,398,135,137,-1,159,420,144,-1,144,420,419,-1,144,419,160,-1,160,419,418,-1,160,418,161,-1,161,418,402,-1,161,402,163,-1,163,402,401,-1,163,401,164,-1,164,401,426,-1,164,426,139,-1,139,426,427,-1,139,427,137,-1,137,427,398,-1,403,420,158,-1,158,420,159,-1,131,395,133,-1,133,395,423,-1,133,423,134,-1,134,423,422,-1,134,422,127,-1,127,422,421,-1,127,421,128,-1,128,421,406,-1,128,406,155,-1,155,406,405,-1,155,405,156,-1,156,405,404,-1,156,404,158,-1,158,404,403,-1,395,131,396,-1,396,131,130,-1,457,458,130,-1,130,458,459,-1,460,461,130,-1,130,461,462,-1,130,462,396,-1,459,463,130,-1,130,463,464,-1,130,464,460,-1,391,459,389,-1,389,459,458,-1,465,466,467,-1,458,468,389,-1,389,468,467,-1,389,467,469,-1,469,467,466,-1,470,471,467,-1,467,471,472,-1,467,472,465,-1,470,473,471,-1,471,473,474,-1,471,474,475,-1,13,15,42,-1,42,15,43,-1,240,242,295,-1,295,242,293,-1,476,11,477,-1,477,11,13,-1,478,479,480,-1,476,477,481,-1,481,477,482,-1,481,482,479,-1,480,483,478,-1,478,483,293,-1,478,293,291,-1,479,482,480,-1,480,482,484,-1,480,484,485,-1,485,484,486,-1,485,486,487,-1,487,486,488,-1,487,488,489,-1,489,488,198,-1,489,198,206,-1,94,198,490,-1,490,198,488,-1,490,488,491,-1,491,488,486,-1,491,486,492,-1,492,486,484,-1,492,484,493,-1,493,484,482,-1,493,482,494,-1,494,482,477,-1,494,477,42,-1,42,477,13,-1,46,495,496,-1,316,296,497,-1,296,295,497,-1,497,295,498,-1,497,498,499,-1,499,498,500,-1,499,500,501,-1,501,500,502,-1,501,502,503,-1,503,502,504,-1,503,504,505,-1,505,504,506,-1,505,506,85,-1,85,506,104,-1,507,316,508,-1,508,316,497,-1,508,497,509,-1,509,497,499,-1,509,499,510,-1,510,499,501,-1,510,501,511,-1,511,501,503,-1,511,503,512,-1,512,503,505,-1,512,505,99,-1,99,505,85,-1,495,507,496,-1,496,507,508,-1,496,508,513,-1,513,508,509,-1,513,509,514,-1,514,509,510,-1,514,510,515,-1,515,510,511,-1,515,511,516,-1,516,511,512,-1,516,512,118,-1,118,512,99,-1,44,46,517,-1,517,46,496,-1,517,496,518,-1,518,496,513,-1,518,513,519,-1,519,513,514,-1,519,514,520,-1,520,514,515,-1,520,515,521,-1,521,515,516,-1,521,516,121,-1,121,516,118,-1,42,44,494,-1,494,44,517,-1,494,517,493,-1,493,517,518,-1,493,518,492,-1,492,518,519,-1,492,519,491,-1,491,519,520,-1,491,520,490,-1,490,520,521,-1,490,521,94,-1,94,521,121,-1,295,293,498,-1,498,293,483,-1,498,483,500,-1,500,483,480,-1,500,480,502,-1,502,480,485,-1,502,485,504,-1,504,485,487,-1,504,487,506,-1,506,487,489,-1,506,489,104,-1,104,489,206,-1,236,522,234,-1,234,522,523,-1,234,523,524,-1,525,526,527,-1,528,529,530,-1,530,529,531,-1,524,532,234,-1,234,532,530,-1,234,530,533,-1,533,530,531,-1,528,530,527,-1,527,530,534,-1,527,534,525,-1,186,107,187,-1,187,107,108,-1,535,523,108,-1,108,523,522,-1,536,537,108,-1,108,537,538,-1,108,538,187,-1,522,539,108,-1,108,539,540,-1,108,540,536,-1,107,186,105,-1,105,186,217,-1,105,217,103,-1,103,217,216,-1,103,216,109,-1,109,216,215,-1,109,215,110,-1,110,215,212,-1,110,212,111,-1,111,212,213,-1,111,213,112,-1,112,213,214,-1,112,214,113,-1,113,214,223,-1,113,223,114,-1,114,223,222,-1,114,222,115,-1,115,222,221,-1,115,221,86,-1,86,221,193,-1,86,193,87,-1,87,193,192,-1,87,192,89,-1,89,192,190,-1,89,190,90,-1,90,190,189,-1,90,189,97,-1,97,189,209,-1,97,209,91,-1,91,209,208,-1,181,178,183,-1,183,178,177,-1,183,177,185,-1,185,177,92,-1,185,92,208,-1,208,92,91,-1,171,169,173,-1,173,169,175,-1,173,175,181,-1,181,175,178,-1,541,228,542,-1,542,228,227,-1,542,227,543,-1,543,544,542,-1,542,544,545,-1,542,545,546,-1,547,548,549,-1,550,551,545,-1,545,551,552,-1,545,552,546,-1,550,545,549,-1,549,545,553,-1,549,553,547,-1,80,195,81,-1,81,195,194,-1,81,194,554,-1,542,555,541,-1,541,555,81,-1,541,81,556,-1,556,81,557,-1,554,558,81,-1,81,558,559,-1,81,559,557,-1,122,218,123,-1,123,218,203,-1,123,203,95,-1,95,203,202,-1,95,202,96,-1,96,202,201,-1,96,201,100,-1,100,201,200,-1,100,200,101,-1,101,200,199,-1,101,199,102,-1,102,199,197,-1,102,197,80,-1,80,197,195,-1,120,219,122,-1,122,219,218,-1,98,207,88,-1,88,207,191,-1,88,191,83,-1,83,191,211,-1,83,211,84,-1,84,211,210,-1,84,210,116,-1,116,210,205,-1,116,205,117,-1,117,205,204,-1,117,204,119,-1,119,204,220,-1,119,220,120,-1,120,220,219,-1,207,98,184,-1,184,98,93,-1,184,93,182,-1,182,93,176,-1,182,176,180,-1,180,176,179,-1,180,179,172,-1,172,179,174,-1,172,174,170,-1,170,174,168,-1,130,132,457,-1,457,132,390,-1,560,561,562,-1,390,563,457,-1,457,563,561,-1,457,561,564,-1,564,561,560,-1,565,566,567,-1,567,566,568,-1,562,569,560,-1,560,569,567,-1,560,567,570,-1,570,567,568,-1,475,565,567,-1,475,567,471,-1,471,567,569,-1,471,569,472,-1,472,569,562,-1,472,562,465,-1,465,562,561,-1,465,561,466,-1,466,561,563,-1,466,563,469,-1,469,563,390,-1,469,390,389,-1,458,457,564,-1,458,564,468,-1,468,564,560,-1,468,560,467,-1,467,560,570,-1,467,570,470,-1,470,570,568,-1,470,568,473,-1,473,568,566,-1,473,566,474,-1,474,566,565,-1,474,565,475,-1,432,126,125,-1,125,452,432,-1,432,452,571,-1,432,571,572,-1,572,573,432,-1,432,573,574,-1,432,574,575,-1,576,577,578,-1,578,579,576,-1,576,579,580,-1,576,580,574,-1,574,580,581,-1,574,581,575,-1,433,432,575,-1,433,575,448,-1,448,575,581,-1,448,581,441,-1,441,581,580,-1,441,580,442,-1,442,580,579,-1,442,579,449,-1,449,579,578,-1,449,578,446,-1,446,578,577,-1,446,577,444,-1,444,577,576,-1,444,576,445,-1,445,576,574,-1,445,574,447,-1,447,574,573,-1,447,573,450,-1,450,573,572,-1,450,572,443,-1,443,572,571,-1,443,571,440,-1,440,571,452,-1,440,452,439,-1,82,81,226,-1,226,81,555,-1,226,555,582,-1,582,555,583,-1,583,555,584,-1,584,555,585,-1,584,585,586,-1,586,587,584,-1,584,587,588,-1,584,588,589,-1,590,591,589,-1,589,591,592,-1,589,592,584,-1,227,226,582,-1,227,582,543,-1,543,582,583,-1,543,583,544,-1,544,583,584,-1,544,584,545,-1,545,584,592,-1,545,592,553,-1,553,592,591,-1,553,591,547,-1,547,591,590,-1,547,590,548,-1,555,542,546,-1,555,546,585,-1,585,546,552,-1,585,552,586,-1,586,552,551,-1,586,551,587,-1,587,551,550,-1,587,550,588,-1,588,550,549,-1,588,549,589,-1,589,549,548,-1,589,548,590,-1,108,106,535,-1,535,106,235,-1,535,235,593,-1,593,235,594,-1,595,596,597,-1,598,599,600,-1,596,601,597,-1,597,601,598,-1,597,598,602,-1,602,598,600,-1,594,235,597,-1,597,235,603,-1,597,603,595,-1,526,599,598,-1,526,598,527,-1,527,598,601,-1,527,601,528,-1,528,601,596,-1,528,596,529,-1,529,596,595,-1,529,595,531,-1,531,595,603,-1,531,603,533,-1,533,603,235,-1,533,235,234,-1,599,526,525,-1,599,525,600,-1,600,525,534,-1,600,534,602,-1,602,534,530,-1,602,530,597,-1,597,530,532,-1,597,532,594,-1,594,532,524,-1,594,524,593,-1,593,524,523,-1,593,523,535,-1,522,236,237,-1,522,237,539,-1,539,237,233,-1,539,233,540,-1,540,233,232,-1,540,232,536,-1,536,232,239,-1,536,239,537,-1,537,239,238,-1,537,238,538,-1,538,238,188,-1,538,188,187,-1,228,541,556,-1,228,556,229,-1,229,556,557,-1,229,557,230,-1,230,557,559,-1,230,559,231,-1,231,559,558,-1,231,558,225,-1,225,558,554,-1,225,554,224,-1,224,554,194,-1,224,194,196,-1,434,438,453,-1,434,453,435,-1,435,453,454,-1,435,454,436,-1,436,454,456,-1,436,456,437,-1,437,456,455,-1,437,455,431,-1,431,455,451,-1,431,451,430,-1,430,451,411,-1,430,411,409,-1,459,391,392,-1,459,392,463,-1,463,392,387,-1,463,387,464,-1,464,387,386,-1,464,386,460,-1,460,386,394,-1,460,394,461,-1,461,394,393,-1,461,393,462,-1,462,393,388,-1,462,388,396,-1,
        ]
    }
}
Shape{
    appearance Appearance {
        material  Material {
            diffuseColor 0.6470588235294118 0.6196078431372549 0.5882352941176471
            specularColor 0.45098039215686275 0.43529411764705883 0.4117647058823529
            ambientIntensity 0.6242
            transparency 0.0
            shininess 0.5
        }
    }
    geometry IndexedFaceSet {
        ccw TRUE
        solid FALSE
        coord DEF co Coordinate {
            point [
                2.2047 0.6299 1.6929, 2.2047 0.4606 1.6929, 2.2441 0.6299 1.6929, 2.2047 -0.2638 1.6929, 2.2441 -0.4331 1.6929, 2.2047 -0.4331 1.6929, 1.5866 -0.4331 1.6929, 1.5866 -0.4331 1.7717, 2.2441 -0.4331 1.7634, 2.2302 -0.4331 1.7683, 2.2047 -0.4331 1.7717, 2.2441 0.6299 1.7634, 1.5866 0.6299 1.7717, 1.5866 0.6299 1.6929, 2.2047 0.6299 1.7717, 2.2302 0.6299 1.7683, -2.2441 -0.4331 1.6929, -2.2441 0.6299 1.6929, -2.2441 -0.4331 1.7634, -2.2441 0.6299 1.7634, -1.5866 -0.4331 1.7717, -1.5866 -0.4331 1.6929, -2.2047 -0.4331 1.7717, -2.2047 -0.4331 1.6929, -2.2302 -0.4331 1.7683, -2.2047 0.6299 1.6929, -1.5866 0.6299 1.6929, -1.5866 0.6299 1.7717, -2.2302 0.6299 1.7683, -2.2047 0.6299 1.7717, -2.2047 -0.2638 1.6929, -2.2047 0.4606 1.6929, -1.4979 -0.6472 1.6929, -1.4979 -0.6472 1.7717, -1.3805 -0.847 1.6929, -1.3805 -0.847 1.7717, -1.2366 -1.0287 1.6929, -1.2366 -1.0287 1.7717, -1.069 -1.1888 1.6929, -1.069 -1.1888 1.7717, -0.8809 -1.3241 1.6929, -0.8809 -1.3241 1.7717, -0.6759 -1.4322 1.6929, -0.6759 -1.4322 1.7717, -0.458 -1.5109 1.6929, -0.458 -1.5109 1.7717, -0.2312 -1.5588 1.6929, -0.2312 -1.5588 1.7717, 0.0 -1.5748 1.6929, 0.0 -1.5748 1.7717, 0.2312 -1.5588 1.6929, 0.2312 -1.5588 1.7717, 0.458 -1.5109 1.6929, 0.458 -1.5109 1.7717, 0.6759 -1.4322 1.6929, 0.6759 -1.4322 1.7717, 0.8809 -1.3241 1.6929, 0.8809 -1.3241 1.7717, 1.069 -1.1888 1.6929, 1.069 -1.1888 1.7717, 1.2366 -1.0287 1.6929, 1.2366 -1.0287 1.7717, 1.3805 -0.847 1.6929, 1.3805 -0.847 1.7717, 1.4979 -0.6472 1.6929, 1.4979 -0.6472 1.7717, 1.4979 0.844 1.6929, 1.4979 0.844 1.7717, 1.3805 1.0439 1.6929, 1.3805 1.0439 1.7717, 1.2366 1.2255 1.6929, 1.2366 1.2255 1.7717, 1.069 1.3856 1.6929, 1.069 1.3856 1.7717, 0.8809 1.521 1.6929, 0.8809 1.521 1.7717, 0.6759 1.629 1.6929, 0.6759 1.629 1.7717, 0.458 1.7078 1.6929, 0.458 1.7078 1.7717, 0.2312 1.7556 1.6929, 0.2312 1.7556 1.7717, 0.0 1.7717 1.6929, 0.0 1.7717 1.7717, -0.2312 1.7556 1.6929, -0.2312 1.7556 1.7717, -0.458 1.7078 1.6929, -0.458 1.7078 1.7717, -0.6759 1.629 1.6929, -0.6759 1.629 1.7717, -0.8809 1.521 1.6929, -0.8809 1.521 1.7717, -1.069 1.3856 1.6929, -1.069 1.3856 1.7717, -1.2366 1.2255 1.6929, -1.2366 1.2255 1.7717, -1.3805 1.0439 1.6929, -1.3805 1.0439 1.7717, -1.4979 0.844 1.6929, -1.4979 0.844 1.7717
            ]
        }
        coordIndex [
            0,1,2,-1,2,1,3,-1,2,3,4,-1,4,3,5,-1,5,6,7,-1,8,4,9,-1,9,4,5,-1,9,5,10,-1,10,5,7,-1,2,4,11,-1,11,4,8,-1,12,13,14,-1,14,13,0,-1,14,0,15,-1,15,0,2,-1,15,2,11,-1,16,17,18,-1,18,17,19,-1,20,21,22,-1,22,21,23,-1,22,23,24,-1,24,23,16,-1,24,16,18,-1,25,26,27,-1,19,17,28,-1,28,17,25,-1,28,25,29,-1,29,25,27,-1,23,30,16,-1,16,30,31,-1,16,31,17,-1,17,31,25,-1,21,20,32,-1,32,20,33,-1,32,33,34,-1,34,33,35,-1,34,35,36,-1,36,35,37,-1,36,37,38,-1,38,37,39,-1,38,39,40,-1,40,39,41,-1,40,41,42,-1,42,41,43,-1,42,43,44,-1,44,43,45,-1,44,45,46,-1,46,45,47,-1,46,47,48,-1,48,47,49,-1,48,49,50,-1,50,49,51,-1,50,51,52,-1,52,51,53,-1,52,53,54,-1,54,53,55,-1,54,55,56,-1,56,55,57,-1,56,57,58,-1,58,57,59,-1,58,59,60,-1,60,59,61,-1,60,61,62,-1,62,61,63,-1,62,63,64,-1,64,63,65,-1,64,65,6,-1,6,65,7,-1,13,12,66,-1,66,12,67,-1,66,67,68,-1,68,67,69,-1,68,69,70,-1,70,69,71,-1,70,71,72,-1,72,71,73,-1,72,73,74,-1,74,73,75,-1,74,75,76,-1,76,75,77,-1,76,77,78,-1,78,77,79,-1,78,79,80,-1,80,79,81,-1,80,81,82,-1,82,81,83,-1,82,83,84,-1,84,83,85,-1,84,85,86,-1,86,85,87,-1,86,87,88,-1,88,87,89,-1,88,89,90,-1,90,89,91,-1,90,91,92,-1,92,91,93,-1,92,93,94,-1,94,93,95,-1,94,95,96,-1,96,95,97,-1,96,97,98,-1,98,97,99,-1,98,99,26,-1,26,99,27,-1,
        ]
    }
}
Shape{
    appearance Appearance {
        material  Material {
            diffuseColor 0.0 0.7450980392156863 0.5294117647058824
            specularColor 0.0 0.6549019607843137 0.4666666666666667
            ambientIntensity 0.4977
            transparency 0.0
            shininess 0.5
        }
    }
    geometry IndexedFaceSet {
        ccw TRUE
        solid FALSE
        coord DEF co Coordinate {
            point [
                -1.0039 -0.9449 -0.0, -2.185 -0.9449 -0.0, -2.185 0.0979 -0.0, 0.0387 0.0991 -0.0, 0.0467 0.0979 -0.0, 0.0226 0.0979 -0.0, 0.0392 0.1682 -0.0, 0.0488 0.1695 -0.0, 0.0303 0.1644 -0.0, 0.0565 0.1686 -0.0, 0.0624 0.1665 -0.0, 0.0226 2.2244 -0.0, 2.0669 2.2244 -0.0, 2.185 2.1063 -0.0, 1.0039 1.1417 -0.0, 1.0039 1.9488 -0.0, 2.185 1.9488 -0.0, 2.126 2.2086 -0.0, 2.1504 2.1898 -0.0, 2.1692 2.1654 -0.0, 2.0975 2.2204 -0.0, 2.181 2.1369 -0.0, 0.0679 0.1628 -0.0, 0.0726 0.1576 -0.0, 0.0759 0.1515 -0.0, 0.0693 0.1011 -0.0, 0.0956 0.0984 -0.0, 0.0617 0.0985 -0.0, 0.0566 0.0979 -0.0, 0.1359 0.0984 -0.0, 2.185 1.1417 -0.0, 2.185 0.0979 -0.0, 0.1359 0.1772 -0.0, 0.1254 0.1772 -0.0, 0.0847 0.1564 -0.0, 0.0801 0.1638 -0.0, 0.073 0.1706 -0.0, 0.0655 0.1749 -0.0, 0.078 0.1431 -0.0, 0.0783 0.137 -0.0, 0.0775 0.1284 -0.0, 0.0756 0.1051 -0.0, 0.0816 0.1114 -0.0, 0.0956 0.1071 -0.0, 0.0858 0.1189 -0.0, 0.1254 0.1071 -0.0, 0.0303 0.175 -0.0, 0.0394 0.1775 -0.0, 0.0488 0.1781 -0.0, 0.0568 0.1775 -0.0, 0.0881 0.1272 -0.0, 0.0889 0.1363 -0.0, 0.0878 0.1475 -0.0, 0.0754 0.1217 -0.0, 0.0721 0.1162 -0.0, 0.0684 0.1123 -0.0, 0.0636 0.109 -0.0, 0.0579 0.1069 -0.0, 0.0505 0.1061 -0.0, 0.0401 0.1073 -0.0, 0.0317 0.1104 -0.0, 0.0303 0.1111 -0.0, 0.0303 0.1025 -0.0, 1.0039 -0.9449 -0.0, 1.0039 -1.752 -0.0, 0.0226 -2.0276 -0.0, 2.185 -1.752 -0.0, 2.185 -1.9094 -0.0, 0.052 0.0975 -0.0, 2.185 -0.9449 -0.0, 0.0498 0.0975 -0.0, 2.0669 -2.0276 -0.0, 2.0975 -2.0235 -0.0, 2.181 -1.94 -0.0, 2.1692 -1.9685 -0.0, 2.126 -2.0117 -0.0, 2.1504 -1.993 -0.0, -0.1634 0.1205 -0.0, -0.1308 0.1205 -0.0, -0.1233 0.0984 -0.0, -0.1118 0.0984 -0.0, -0.1021 0.12 -0.0, -0.0976 0.113 -0.0, -0.0911 0.1068 -0.0, -0.0829 0.102 -0.0, -0.0738 0.0993 -0.0, -1.0039 1.9488 -0.0, -2.185 1.9488 -0.0, -2.185 2.1063 -0.0, -0.0254 0.1772 -0.0, -0.0254 0.1685 -0.0, -0.0427 0.1772 -0.0, 0.0044 0.1685 -0.0, 0.0044 0.1426 -0.0, -0.0235 0.1426 -0.0, -0.0235 0.134 -0.0, 0.0044 0.134 -0.0, 0.0044 0.1071 -0.0, -0.0273 0.1071 -0.0, -0.0273 0.0984 -0.0, -0.0427 0.0984 -0.0, -0.0641 0.0984 -0.0, 0.0149 0.0984 -0.0, 0.0149 0.1772 -0.0, -2.0669 2.2244 -0.0, -2.185 1.1417 -0.0, -1.0039 1.1417 -0.0, -0.1829 0.0984 -0.0, -0.1713 0.0984 -0.0, -2.1692 2.1654 -0.0, -2.1504 2.1898 -0.0, -2.126 2.2086 -0.0, -0.1416 0.1772 -0.0, -0.0855 0.1727 -0.0, -0.094 0.167 -0.0, -0.0649 0.1772 -0.0, -0.0763 0.1759 -0.0, -2.181 2.1369 -0.0, -2.0975 2.2204 -0.0, -0.0941 0.1669 -0.0, -0.0997 0.1607 -0.0, -0.1034 0.154 -0.0, -0.1055 0.1462 -0.0, -0.106 0.1388 -0.0, -0.1049 0.1282 -0.0, -1.0039 -1.752 -0.0, -2.185 -1.9094 -0.0, -2.185 -1.752 -0.0, -0.1521 0.1772 -0.0, -2.0669 -2.0276 -0.0, -2.0975 -2.0235 -0.0, -2.181 -1.94 -0.0, -2.126 -2.0117 -0.0, -2.1692 -1.9685 -0.0, -2.1504 -1.993 -0.0, 1.1024 2.2244 0.6299, 2.0669 2.2244 0.9803, 1.1024 2.2244 0.5512, 0.8661 2.2244 0.5512, 0.8661 2.2244 0.6299, -0.8661 2.2244 0.6299, -2.0669 2.2244 0.9803, -1.1024 2.2244 0.6299, -1.1024 2.2244 0.5512, -0.8661 2.2244 0.5512, -2.185 2.1063 0.9803, -2.181 2.1369 0.9803, -2.1692 2.1654 0.9803, -2.1504 2.1898 0.9803, -2.126 2.2086 0.9803, -2.0975 2.2204 0.9803, 2.0975 2.2204 0.9803, 2.126 2.2086 0.9803, 2.1504 2.1898 0.9803, 2.1692 2.1654 0.9803, 2.181 2.1369 0.9803, 2.185 2.1063 0.9803, 2.185 -1.752 0.0984, 2.185 -1.9094 0.9803, 2.185 -0.9449 0.0984, 2.185 1.1417 0.0984, 2.185 1.9488 0.0984, 2.181 -1.94 0.9803, 2.1692 -1.9685 0.9803, 2.1504 -1.993 0.9803, 2.126 -2.0117 0.9803, 2.0975 -2.0235 0.9803, 2.0669 -2.0276 0.9803, -0.8661 -2.0276 0.5295, -2.0669 -2.0276 0.9803, -0.1181 -2.0276 0.4508, 0.1181 -2.0276 0.4508, 0.1181 -2.0276 0.5295, -0.1181 -2.0276 0.5295, -0.8661 -2.0276 0.4508, -1.1024 -2.0276 0.4508, -1.1024 -2.0276 0.5295, 0.8661 -2.0276 0.4508, 0.8661 -2.0276 0.5295, 1.1024 -2.0276 0.5295, 1.1024 -2.0276 0.4508, -2.0975 -2.0235 0.9803, -2.126 -2.0117 0.9803, -2.1504 -1.993 0.9803, -2.1692 -1.9685 0.9803, -2.181 -1.94 0.9803, -2.185 -1.9094 0.9803, -2.185 1.9488 0.0984, -2.185 1.1417 0.0984, -2.185 -0.9449 0.0984, -2.185 -1.752 0.0984, 1.0039 -0.9449 0.0984, 1.0039 -1.752 0.0984, -1.0039 -1.752 0.0984, -1.0039 -0.9449 0.0984, -1.0039 1.1417 0.0984, -1.0039 1.9488 0.0984, 1.0039 1.9488 0.0984, 1.0039 1.1417 0.0984
            ]
        }
        coordIndex [
            0,1,2,-1,3,4,5,-1,6,7,8,-1,8,7,9,-1,8,9,10,-1,11,12,13,-1,14,11,15,-1,15,11,13,-1,15,13,16,-1,17,18,19,-1,12,20,13,-1,13,20,17,-1,13,17,21,-1,21,17,19,-1,10,22,8,-1,8,22,23,-1,8,23,24,-1,25,26,27,-1,27,26,28,-1,29,30,31,-1,30,29,14,-1,14,29,32,-1,14,32,33,-1,34,35,33,-1,33,35,36,-1,33,36,37,-1,24,38,8,-1,8,38,39,-1,8,39,40,-1,25,41,26,-1,26,41,42,-1,26,42,43,-1,43,42,44,-1,43,44,45,-1,46,11,47,-1,47,11,14,-1,47,14,48,-1,48,14,33,-1,48,33,49,-1,49,33,37,-1,44,50,45,-1,45,50,51,-1,45,51,33,-1,33,51,52,-1,33,52,34,-1,40,53,8,-1,8,53,54,-1,8,54,55,-1,55,56,8,-1,8,56,57,-1,8,57,58,-1,58,59,8,-1,8,59,60,-1,8,60,61,-1,46,8,11,-1,11,8,61,-1,11,61,5,-1,5,61,62,-1,5,62,3,-1,63,64,65,-1,64,66,67,-1,26,29,28,-1,28,29,31,-1,28,31,68,-1,68,31,69,-1,68,69,70,-1,70,69,63,-1,70,63,4,-1,65,64,71,-1,71,64,67,-1,71,67,72,-1,67,73,72,-1,72,73,74,-1,72,74,75,-1,75,74,76,-1,77,78,79,-1,80,81,82,-1,82,83,80,-1,80,83,84,-1,80,84,85,-1,86,87,88,-1,89,90,91,-1,92,93,90,-1,90,93,94,-1,90,94,91,-1,91,94,95,-1,96,97,95,-1,95,97,98,-1,95,98,91,-1,91,98,99,-1,91,99,100,-1,100,99,5,-1,100,5,101,-1,99,102,5,-1,5,102,103,-1,5,103,11,-1,11,103,86,-1,11,86,104,-1,104,86,88,-1,2,105,106,-1,107,108,5,-1,109,110,111,-1,112,113,114,-1,103,89,86,-1,86,89,91,-1,86,91,106,-1,106,91,115,-1,106,115,112,-1,112,115,116,-1,112,116,113,-1,88,117,104,-1,104,117,109,-1,104,109,118,-1,118,109,111,-1,114,119,112,-1,112,119,120,-1,112,120,121,-1,121,122,112,-1,112,122,123,-1,112,123,80,-1,80,123,124,-1,80,124,81,-1,85,101,80,-1,80,101,5,-1,80,5,79,-1,79,5,108,-1,79,108,77,-1,4,63,5,-1,5,63,65,-1,5,65,125,-1,125,65,126,-1,125,126,127,-1,125,0,5,-1,5,0,2,-1,5,2,107,-1,107,2,106,-1,107,106,128,-1,128,106,112,-1,65,129,126,-1,126,129,130,-1,126,130,131,-1,131,130,132,-1,131,132,133,-1,133,132,134,-1,135,136,137,-1,137,136,12,-1,137,12,138,-1,138,12,11,-1,135,139,136,-1,136,139,140,-1,136,140,141,-1,141,140,142,-1,141,142,104,-1,104,142,143,-1,104,143,11,-1,11,143,144,-1,11,144,138,-1,138,144,140,-1,138,140,139,-1,88,145,146,-1,88,146,117,-1,117,146,147,-1,117,147,109,-1,109,147,148,-1,109,148,110,-1,110,148,149,-1,110,149,111,-1,111,149,150,-1,111,150,118,-1,118,150,141,-1,118,141,104,-1,12,136,151,-1,12,151,20,-1,20,151,152,-1,20,152,17,-1,17,152,153,-1,17,153,18,-1,18,153,154,-1,18,154,19,-1,19,154,155,-1,19,155,21,-1,21,155,156,-1,21,156,13,-1,67,66,157,-1,67,157,158,-1,158,157,159,-1,158,159,156,-1,31,30,160,-1,69,31,159,-1,159,31,160,-1,159,160,156,-1,156,160,161,-1,156,161,13,-1,13,161,16,-1,67,158,162,-1,67,162,73,-1,73,162,163,-1,73,163,74,-1,74,163,164,-1,74,164,76,-1,76,164,165,-1,76,165,75,-1,75,165,166,-1,75,166,72,-1,72,166,167,-1,72,167,71,-1,168,167,169,-1,129,65,170,-1,170,65,171,-1,172,167,173,-1,173,167,168,-1,173,168,170,-1,170,168,174,-1,170,174,129,-1,129,174,175,-1,129,175,169,-1,169,175,176,-1,169,176,168,-1,65,71,171,-1,171,71,177,-1,171,177,172,-1,172,177,178,-1,172,178,167,-1,167,178,179,-1,167,179,71,-1,71,179,180,-1,71,180,177,-1,129,169,181,-1,129,181,130,-1,130,181,182,-1,130,182,132,-1,132,182,183,-1,132,183,134,-1,134,183,184,-1,134,184,133,-1,133,184,185,-1,133,185,131,-1,131,185,186,-1,131,186,126,-1,88,87,187,-1,88,187,145,-1,145,187,188,-1,145,188,186,-1,2,1,189,-1,127,126,190,-1,190,126,186,-1,190,186,189,-1,189,186,188,-1,189,188,2,-1,2,188,105,-1,154,153,152,-1,156,145,158,-1,158,145,186,-1,158,186,169,-1,141,145,136,-1,136,145,156,-1,136,156,151,-1,151,156,152,-1,152,156,155,-1,152,155,154,-1,149,148,147,-1,141,150,145,-1,145,150,149,-1,145,149,146,-1,146,149,147,-1,169,186,181,-1,181,186,185,-1,181,185,182,-1,182,185,184,-1,182,184,183,-1,164,163,165,-1,165,163,166,-1,169,167,158,-1,158,167,166,-1,158,166,162,-1,162,166,163,-1,159,191,69,-1,69,191,63,-1,191,192,63,-1,63,192,64,-1,192,157,64,-1,64,157,66,-1,192,191,157,-1,157,191,159,-1,190,193,127,-1,127,193,125,-1,193,194,125,-1,125,194,0,-1,194,189,0,-1,0,189,1,-1,189,194,190,-1,190,194,193,-1,188,195,105,-1,105,195,106,-1,195,196,106,-1,106,196,86,-1,196,187,86,-1,86,187,87,-1,196,195,187,-1,187,195,188,-1,161,197,16,-1,16,197,15,-1,197,198,15,-1,15,198,14,-1,198,160,14,-1,14,160,30,-1,160,198,161,-1,161,198,197,-1,
        ]
    }
}
Shape{
    appearance Appearance {
        material  Material {
            diffuseColor 0.9686274509803922 0.8784313725490196 0.6
            specularColor 0.6784313725490196 0.615686274509804 0.4196078431372549
            ambientIntensity 0.8737
            transparency 0.0
            shininess 0.5
        }
    }
    geometry IndexedFaceSet {
        ccw TRUE
        solid FALSE
        coord DEF co Coordinate {
            point [
                1.1024 2.8937 -1.378, 1.1024 2.815 -1.378, 0.8661 2.8937 -1.378, 0.8661 2.815 -1.378, 1.1024 2.7362 0.6299, 1.1024 2.2244 0.6299, 1.1024 2.7362 0.5512, 1.1024 2.2244 0.5512, 0.8661 2.7362 0.5512, 0.8661 2.2244 0.5512, 0.8661 2.7362 0.6299, 0.8661 2.2244 0.6299, 1.1024 2.815 0.4724, 1.1024 2.8937 0.4724, 1.1024 2.8123 0.4928, 1.1024 2.8883 0.5132, 1.1024 2.8044 0.5118, 1.1024 2.8726 0.5512, 1.1024 2.7919 0.5281, 1.1024 2.8476 0.5838, 1.1024 2.7756 0.5406, 1.1024 2.815 0.6088, 1.1024 2.7566 0.5485, 1.1024 2.777 0.6246, 0.8661 2.7566 0.5485, 0.8661 2.7756 0.5406, 0.8661 2.7919 0.5281, 0.8661 2.8044 0.5118, 0.8661 2.8123 0.4928, 0.8661 2.815 0.4724, 0.8661 2.777 0.6246, 0.8661 2.815 0.6088, 0.8661 2.8476 0.5838, 0.8661 2.8726 0.5512, 0.8661 2.8883 0.5132, 0.8661 2.8937 0.4724, -0.8661 2.8937 -1.378, -0.8661 2.815 -1.378, -1.1024 2.8937 -1.378, -1.1024 2.815 -1.378, -0.8661 2.7362 0.6299, -0.8661 2.2244 0.6299, -0.8661 2.7362 0.5512, -0.8661 2.2244 0.5512, -1.1024 2.7362 0.5512, -1.1024 2.2244 0.5512, -1.1024 2.7362 0.6299, -1.1024 2.2244 0.6299, -0.8661 2.815 0.4724, -0.8661 2.8937 0.4724, -0.8661 2.8123 0.4928, -0.8661 2.8883 0.5132, -0.8661 2.8044 0.5118, -0.8661 2.8726 0.5512, -0.8661 2.7919 0.5281, -0.8661 2.8476 0.5838, -0.8661 2.7756 0.5406, -0.8661 2.815 0.6088, -0.8661 2.7566 0.5485, -0.8661 2.777 0.6246, -1.1024 2.7566 0.5485, -1.1024 2.7756 0.5406, -1.1024 2.7919 0.5281, -1.1024 2.8044 0.5118, -1.1024 2.8123 0.4928, -1.1024 2.815 0.4724, -1.1024 2.777 0.6246, -1.1024 2.815 0.6088, -1.1024 2.8476 0.5838, -1.1024 2.8726 0.5512, -1.1024 2.8883 0.5132, -1.1024 2.8937 0.4724, -1.1024 -2.8937 -1.378, -1.1024 -2.815 -1.378, -0.8661 -2.8937 -1.378, -0.8661 -2.815 -1.378, -1.1024 -2.7362 0.5295, -1.1024 -2.0276 0.5295, -1.1024 -2.7362 0.4508, -1.1024 -2.0276 0.4508, -0.8661 -2.7362 0.4508, -0.8661 -2.0276 0.4508, -0.8661 -2.7362 0.5295, -0.8661 -2.0276 0.5295, -1.1024 -2.777 0.5242, -1.1024 -2.7537 0.4488, -1.1024 -2.815 0.5084, -1.1024 -2.7704 0.443, -1.1024 -2.8476 0.4834, -1.1024 -2.815 0.372, -1.1024 -2.8937 0.372, -1.1024 -2.813 0.3896, -1.1024 -2.8883 0.4128, -1.1024 -2.8072 0.4062, -1.1024 -2.8726 0.4508, -1.1024 -2.7978 0.4211, -1.1024 -2.7853 0.4336, -0.8661 -2.7537 0.4488, -0.8661 -2.7704 0.443, -0.8661 -2.7853 0.4336, -0.8661 -2.7978 0.4211, -0.8661 -2.8072 0.4062, -0.8661 -2.813 0.3896, -0.8661 -2.815 0.372, -0.8661 -2.777 0.5242, -0.8661 -2.815 0.5084, -0.8661 -2.8476 0.4834, -0.8661 -2.8937 0.372, -0.8661 -2.8883 0.4128, -0.8661 -2.8726 0.4508, 0.1181 -2.8937 -1.378, -0.1181 -2.8937 -1.378, 0.1181 -2.815 -1.378, -0.1181 -2.815 -1.378, -0.1181 -2.7362 0.4508, -0.1181 -2.0276 0.4508, 0.1181 -2.7362 0.4508, 0.1181 -2.0276 0.4508, 0.1181 -2.7362 0.5295, 0.1181 -2.0276 0.5295, -0.1181 -2.7362 0.5295, -0.1181 -2.0276 0.5295, -0.1181 -2.7537 0.4488, 0.1181 -2.7537 0.4488, -0.1181 -2.7704 0.443, 0.1181 -2.7704 0.443, -0.1181 -2.7853 0.4336, 0.1181 -2.7853 0.4336, -0.1181 -2.7978 0.4211, 0.1181 -2.7978 0.4211, -0.1181 -2.8072 0.4062, 0.1181 -2.8072 0.4062, -0.1181 -2.813 0.3896, 0.1181 -2.813 0.3896, -0.1181 -2.815 0.372, 0.1181 -2.815 0.372, 0.1181 -2.777 0.5242, 0.1181 -2.815 0.5084, 0.1181 -2.8476 0.4834, 0.1181 -2.8937 0.372, 0.1181 -2.8883 0.4128, 0.1181 -2.8726 0.4508, -0.1181 -2.8937 0.372, -0.1181 -2.8883 0.4128, -0.1181 -2.8726 0.4508, -0.1181 -2.8476 0.4834, -0.1181 -2.815 0.5084, -0.1181 -2.777 0.5242, 1.1024 -2.8937 -1.378, 0.8661 -2.8937 -1.378, 1.1024 -2.815 -1.378, 0.8661 -2.815 -1.378, 0.8661 -2.7362 0.4508, 0.8661 -2.0276 0.4508, 1.1024 -2.7362 0.4508, 1.1024 -2.0276 0.4508, 1.1024 -2.7362 0.5295, 1.1024 -2.0276 0.5295, 0.8661 -2.7362 0.5295, 0.8661 -2.0276 0.5295, 0.8661 -2.7537 0.4488, 1.1024 -2.7537 0.4488, 0.8661 -2.7704 0.443, 1.1024 -2.7704 0.443, 0.8661 -2.7853 0.4336, 1.1024 -2.7853 0.4336, 0.8661 -2.7978 0.4211, 1.1024 -2.7978 0.4211, 0.8661 -2.8072 0.4062, 1.1024 -2.8072 0.4062, 0.8661 -2.813 0.3896, 1.1024 -2.813 0.3896, 0.8661 -2.815 0.372, 1.1024 -2.815 0.372, 1.1024 -2.777 0.5242, 1.1024 -2.815 0.5084, 1.1024 -2.8476 0.4834, 1.1024 -2.8937 0.372, 1.1024 -2.8883 0.4128, 1.1024 -2.8726 0.4508, 0.8661 -2.8937 0.372, 0.8661 -2.8883 0.4128, 0.8661 -2.8726 0.4508, 0.8661 -2.8476 0.4834, 0.8661 -2.815 0.5084, 0.8661 -2.777 0.5242
            ]
        }
        coordIndex [
            0,1,2,-1,2,1,3,-1,4,5,6,-1,6,5,7,-1,6,7,8,-1,8,7,9,-1,8,9,10,-1,10,9,11,-1,11,5,10,-1,10,5,4,-1,12,13,14,-1,14,13,15,-1,14,15,16,-1,16,15,17,-1,16,17,18,-1,18,17,19,-1,18,19,20,-1,20,19,21,-1,20,21,22,-1,22,21,23,-1,22,23,6,-1,6,23,4,-1,6,8,22,-1,22,8,24,-1,22,24,20,-1,20,24,25,-1,20,25,18,-1,18,25,26,-1,18,26,16,-1,16,26,27,-1,16,27,14,-1,14,27,28,-1,14,28,12,-1,12,28,29,-1,8,10,24,-1,24,10,30,-1,24,30,25,-1,25,30,31,-1,25,31,26,-1,26,31,32,-1,26,32,27,-1,27,32,33,-1,27,33,28,-1,28,33,34,-1,28,34,29,-1,29,34,35,-1,13,35,34,-1,13,34,15,-1,15,34,33,-1,15,33,17,-1,17,33,32,-1,17,32,19,-1,19,32,31,-1,19,31,21,-1,21,31,30,-1,21,30,23,-1,23,30,10,-1,23,10,4,-1,0,13,1,-1,1,13,12,-1,1,12,3,-1,3,12,29,-1,3,29,2,-1,2,29,35,-1,35,13,2,-1,2,13,0,-1,36,37,38,-1,38,37,39,-1,40,41,42,-1,42,41,43,-1,42,43,44,-1,44,43,45,-1,44,45,46,-1,46,45,47,-1,47,41,46,-1,46,41,40,-1,48,49,50,-1,50,49,51,-1,50,51,52,-1,52,51,53,-1,52,53,54,-1,54,53,55,-1,54,55,56,-1,56,55,57,-1,56,57,58,-1,58,57,59,-1,58,59,42,-1,42,59,40,-1,42,44,58,-1,58,44,60,-1,58,60,56,-1,56,60,61,-1,56,61,54,-1,54,61,62,-1,54,62,52,-1,52,62,63,-1,52,63,50,-1,50,63,64,-1,50,64,48,-1,48,64,65,-1,44,46,60,-1,60,46,66,-1,60,66,61,-1,61,66,67,-1,61,67,62,-1,62,67,68,-1,62,68,63,-1,63,68,69,-1,63,69,64,-1,64,69,70,-1,64,70,65,-1,65,70,71,-1,49,71,70,-1,49,70,51,-1,51,70,69,-1,51,69,53,-1,53,69,68,-1,53,68,55,-1,55,68,67,-1,55,67,57,-1,57,67,66,-1,57,66,59,-1,59,66,46,-1,59,46,40,-1,36,49,37,-1,37,49,48,-1,37,48,39,-1,39,48,65,-1,39,65,38,-1,38,65,71,-1,71,49,38,-1,38,49,36,-1,72,73,74,-1,74,73,75,-1,76,77,78,-1,78,77,79,-1,78,79,80,-1,80,79,81,-1,80,81,82,-1,82,81,83,-1,83,77,82,-1,82,77,76,-1,76,78,84,-1,84,78,85,-1,84,85,86,-1,86,85,87,-1,86,87,88,-1,89,90,91,-1,91,90,92,-1,91,92,93,-1,93,92,94,-1,93,94,95,-1,95,94,88,-1,95,88,96,-1,96,88,87,-1,78,80,85,-1,85,80,97,-1,85,97,87,-1,87,97,98,-1,87,98,96,-1,96,98,99,-1,96,99,95,-1,95,99,100,-1,95,100,93,-1,93,100,101,-1,93,101,91,-1,91,101,102,-1,91,102,89,-1,89,102,103,-1,80,82,97,-1,97,82,104,-1,97,104,98,-1,98,104,105,-1,98,105,99,-1,99,105,106,-1,107,103,108,-1,108,103,102,-1,108,102,109,-1,109,102,101,-1,109,101,106,-1,106,101,100,-1,106,100,99,-1,90,107,108,-1,90,108,92,-1,92,108,109,-1,92,109,94,-1,94,109,106,-1,94,106,88,-1,88,106,105,-1,88,105,86,-1,86,105,104,-1,86,104,84,-1,84,104,82,-1,84,82,76,-1,72,90,73,-1,73,90,89,-1,73,89,75,-1,75,89,103,-1,75,103,74,-1,74,103,107,-1,107,90,74,-1,74,90,72,-1,110,111,112,-1,112,111,113,-1,114,115,116,-1,116,115,117,-1,116,117,118,-1,118,117,119,-1,118,119,120,-1,120,119,121,-1,121,115,120,-1,120,115,114,-1,114,116,122,-1,122,116,123,-1,122,123,124,-1,124,123,125,-1,124,125,126,-1,126,125,127,-1,126,127,128,-1,128,127,129,-1,128,129,130,-1,130,129,131,-1,130,131,132,-1,132,131,133,-1,132,133,134,-1,134,133,135,-1,116,118,123,-1,123,118,136,-1,123,136,125,-1,125,136,137,-1,125,137,127,-1,127,137,138,-1,139,135,140,-1,140,135,133,-1,140,133,141,-1,141,133,131,-1,141,131,138,-1,138,131,129,-1,138,129,127,-1,142,139,140,-1,142,140,143,-1,143,140,141,-1,143,141,144,-1,144,141,138,-1,144,138,145,-1,145,138,137,-1,145,137,146,-1,146,137,136,-1,146,136,147,-1,147,136,118,-1,147,118,120,-1,120,114,147,-1,147,114,122,-1,147,122,146,-1,146,122,124,-1,146,124,145,-1,134,142,132,-1,132,142,143,-1,132,143,130,-1,130,143,144,-1,130,144,128,-1,128,144,145,-1,128,145,126,-1,126,145,124,-1,113,134,112,-1,112,134,135,-1,112,135,110,-1,110,135,139,-1,110,139,111,-1,111,139,142,-1,142,134,111,-1,111,134,113,-1,148,149,150,-1,150,149,151,-1,152,153,154,-1,154,153,155,-1,154,155,156,-1,156,155,157,-1,156,157,158,-1,158,157,159,-1,159,153,158,-1,158,153,152,-1,152,154,160,-1,160,154,161,-1,160,161,162,-1,162,161,163,-1,162,163,164,-1,164,163,165,-1,164,165,166,-1,166,165,167,-1,166,167,168,-1,168,167,169,-1,168,169,170,-1,170,169,171,-1,170,171,172,-1,172,171,173,-1,154,156,161,-1,161,156,174,-1,161,174,163,-1,163,174,175,-1,163,175,165,-1,165,175,176,-1,177,173,178,-1,178,173,171,-1,178,171,179,-1,179,171,169,-1,179,169,176,-1,176,169,167,-1,176,167,165,-1,180,177,178,-1,180,178,181,-1,181,178,179,-1,181,179,182,-1,182,179,176,-1,182,176,183,-1,183,176,175,-1,183,175,184,-1,184,175,174,-1,184,174,185,-1,185,174,156,-1,185,156,158,-1,158,152,185,-1,185,152,160,-1,185,160,184,-1,184,160,162,-1,184,162,183,-1,172,180,170,-1,170,180,181,-1,170,181,168,-1,168,181,182,-1,168,182,166,-1,166,182,183,-1,166,183,164,-1,164,183,162,-1,151,172,150,-1,150,172,173,-1,150,173,148,-1,148,173,177,-1,148,177,149,-1,149,177,180,-1,180,172,149,-1,149,172,151,-1,
        ]
    }
}
Shape{
    appearance Appearance {
        material  Material {
            diffuseColor 1.0 1.0 1.0
            specularColor 0.8784313725490196 0.8784313725490196 0.8784313725490196
            ambientIntensity 1.0
            transparency 0.0
            shininess 0.5
        }
    }
    geometry IndexedFaceSet {
        ccw TRUE
        solid FALSE
        coord DEF co Coordinate {
            point [
                -0.1634 0.1205 0.0039, -0.1634 0.1205 -0.0, -0.1713 0.0984 0.0039, -0.1713 0.0984 -0.0, -0.1308 0.1205 0.0039, -0.1308 0.1205 -0.0, -0.1233 0.0984 0.0039, -0.1233 0.0984 -0.0, -0.1118 0.0984 0.0039, -0.1118 0.0984 -0.0, -0.1416 0.1772 0.0039, -0.1416 0.1772 -0.0, -0.1521 0.1772 0.0039, -0.1521 0.1772 -0.0, -0.1829 0.0984 0.0039, -0.1829 0.0984 -0.0, -0.1335 0.1292 0.0039, -0.1598 0.1292 0.0039, -0.1452 0.162 0.0039, -0.146 0.1648 0.0039, -0.1465 0.1676 0.0039, -0.1468 0.1676 0.0039, -0.1473 0.1648 0.0039, -0.148 0.162 0.0039, -0.1468 0.1676 -0.0, -0.1473 0.1648 -0.0, -0.148 0.162 -0.0, -0.1465 0.1676 -0.0, -0.1452 0.162 -0.0, -0.146 0.1648 -0.0, -0.1335 0.1292 -0.0, -0.1598 0.1292 -0.0, -0.0649 0.1772 0.0039, -0.0649 0.1772 -0.0, -0.0427 0.1772 0.0039, -0.0427 0.1772 -0.0, -0.106 0.1388 0.0039, -0.106 0.1388 -0.0, -0.1055 0.1462 -0.0, -0.1055 0.1462 0.0039, -0.1034 0.154 -0.0, -0.1034 0.154 0.0039, -0.0997 0.1607 -0.0, -0.0997 0.1607 0.0039, -0.0941 0.1669 -0.0, -0.0941 0.1669 0.0039, -0.094 0.167 -0.0, -0.094 0.167 0.0039, -0.0855 0.1727 -0.0, -0.0855 0.1727 0.0039, -0.0763 0.1759 -0.0, -0.0763 0.1759 0.0039, -0.0641 0.0984 0.0039, -0.0641 0.0984 -0.0, -0.0738 0.0993 -0.0, -0.0738 0.0993 0.0039, -0.0829 0.102 -0.0, -0.0829 0.102 0.0039, -0.0911 0.1068 -0.0, -0.0911 0.1068 0.0039, -0.0976 0.113 -0.0, -0.0976 0.113 0.0039, -0.1021 0.12 -0.0, -0.1021 0.12 0.0039, -0.1049 0.1282 -0.0, -0.1049 0.1282 0.0039, -0.0427 0.0984 0.0039, -0.0427 0.0984 -0.0, -0.0902 0.1575 0.0039, -0.0864 0.1615 0.0039, -0.0807 0.1653 0.0039, -0.0742 0.1675 0.0039, -0.0648 0.1685 0.0039, -0.0532 0.1685 0.0039, -0.0532 0.1071 0.0039, -0.0644 0.1071 0.0039, -0.0727 0.1078 0.0039, -0.0793 0.1099 0.0039, -0.0847 0.1131 0.0039, -0.0891 0.1175 0.0039, -0.0924 0.1229 0.0039, -0.0948 0.1303 0.0039, -0.0955 0.1386 0.0039, -0.0948 0.1464 0.0039, -0.093 0.1526 0.0039, -0.0644 0.1071 -0.0, -0.0532 0.1071 -0.0, -0.0955 0.1386 -0.0, -0.0948 0.1303 -0.0, -0.0924 0.1229 -0.0, -0.0891 0.1175 -0.0, -0.0847 0.1131 -0.0, -0.0793 0.1099 -0.0, -0.0727 0.1078 -0.0, -0.0648 0.1685 -0.0, -0.0742 0.1675 -0.0, -0.0807 0.1653 -0.0, -0.0864 0.1615 -0.0, -0.0902 0.1575 -0.0, -0.093 0.1526 -0.0, -0.0948 0.1464 -0.0, -0.0532 0.1685 -0.0, 0.0149 0.1772 0.0039, 0.0149 0.1772 -0.0, 0.0149 0.0984 0.0039, 0.0149 0.0984 -0.0, -0.0254 0.1772 0.0039, -0.0254 0.1772 -0.0, -0.0254 0.1685 0.0039, -0.0254 0.1685 -0.0, 0.0044 0.1685 0.0039, 0.0044 0.1685 -0.0, 0.0044 0.1426 0.0039, 0.0044 0.1426 -0.0, -0.0235 0.1426 0.0039, -0.0235 0.1426 -0.0, -0.0235 0.134 0.0039, -0.0235 0.134 -0.0, 0.0044 0.134 0.0039, 0.0044 0.134 -0.0, 0.0044 0.1071 0.0039, 0.0044 0.1071 -0.0, -0.0273 0.1071 0.0039, -0.0273 0.1071 -0.0, -0.0273 0.0984 0.0039, -0.0273 0.0984 -0.0, 0.0889 0.1363 0.0039, 0.0889 0.1363 -0.0, 0.0881 0.1272 -0.0, 0.0881 0.1272 0.0039, 0.0858 0.1189 -0.0, 0.0858 0.1189 0.0039, 0.0816 0.1114 -0.0, 0.0816 0.1114 0.0039, 0.0756 0.1051 -0.0, 0.0756 0.1051 0.0039, 0.0693 0.1011 -0.0, 0.0693 0.1011 0.0039, 0.0617 0.0985 -0.0, 0.0617 0.0985 0.0039, 0.052 0.0975 0.0039, 0.0566 0.0979 -0.0, 0.052 0.0975 -0.0, 0.0488 0.1781 0.0039, 0.0488 0.1781 -0.0, 0.0568 0.1775 -0.0, 0.0568 0.1775 0.0039, 0.0655 0.1749 -0.0, 0.0655 0.1749 0.0039, 0.073 0.1706 -0.0, 0.073 0.1706 0.0039, 0.0801 0.1638 -0.0, 0.0801 0.1638 0.0039, 0.0847 0.1564 -0.0, 0.0847 0.1564 0.0039, 0.0878 0.1475 -0.0, 0.0878 0.1475 0.0039, 0.0303 0.175 0.0039, 0.0303 0.175 -0.0, 0.0394 0.1775 -0.0, 0.0394 0.1775 0.0039, 0.0303 0.1644 0.0039, 0.0303 0.1644 -0.0, 0.0488 0.1695 0.0039, 0.0488 0.1695 -0.0, 0.0392 0.1682 -0.0, 0.0392 0.1682 0.0039, 0.0783 0.137 0.0039, 0.0783 0.137 -0.0, 0.078 0.1431 -0.0, 0.078 0.1431 0.0039, 0.0759 0.1515 -0.0, 0.0759 0.1515 0.0039, 0.0726 0.1576 -0.0, 0.0726 0.1576 0.0039, 0.0679 0.1628 -0.0, 0.0679 0.1628 0.0039, 0.0624 0.1665 -0.0, 0.0624 0.1665 0.0039, 0.0565 0.1686 -0.0, 0.0565 0.1686 0.0039, 0.0505 0.1061 0.0039, 0.0505 0.1061 -0.0, 0.0579 0.1069 -0.0, 0.0579 0.1069 0.0039, 0.0636 0.109 -0.0, 0.0636 0.109 0.0039, 0.0684 0.1123 -0.0, 0.0684 0.1123 0.0039, 0.0721 0.1162 -0.0, 0.0721 0.1162 0.0039, 0.0754 0.1217 -0.0, 0.0754 0.1217 0.0039, 0.0775 0.1284 -0.0, 0.0775 0.1284 0.0039, 0.0303 0.1111 0.0039, 0.0303 0.1111 -0.0, 0.0317 0.1104 -0.0, 0.0317 0.1104 0.0039, 0.0401 0.1073 -0.0, 0.0401 0.1073 0.0039, 0.0303 0.1025 0.0039, 0.0303 0.1025 -0.0, 0.0387 0.0991 0.0039, 0.0498 0.0975 -0.0, 0.0498 0.0975 0.0039, 0.0467 0.0979 -0.0, 0.0387 0.0991 -0.0, 0.1359 0.1772 0.0039, 0.1359 0.1772 -0.0, 0.1359 0.0984 0.0039, 0.1359 0.0984 -0.0, 0.1254 0.1772 0.0039, 0.1254 0.1772 -0.0, 0.1254 0.1071 0.0039, 0.1254 0.1071 -0.0, 0.0956 0.1071 0.0039, 0.0956 0.1071 -0.0, 0.0956 0.0984 0.0039, 0.0956 0.0984 -0.0
            ]
        }
        coordIndex [
            0,1,2,-1,2,1,3,-1,4,5,0,-1,0,5,1,-1,6,7,4,-1,4,7,5,-1,8,9,6,-1,6,9,7,-1,10,11,8,-1,8,11,9,-1,12,13,10,-1,10,13,11,-1,14,15,12,-1,12,15,13,-1,14,2,15,-1,15,2,3,-1,16,4,17,-1,17,4,0,-1,18,10,16,-1,16,10,8,-1,16,8,4,-1,4,8,6,-1,18,19,10,-1,10,19,20,-1,10,20,12,-1,12,20,21,-1,12,21,22,-1,22,23,12,-1,12,23,17,-1,12,17,14,-1,14,17,0,-1,14,0,2,-1,21,24,25,-1,21,25,22,-1,22,25,26,-1,22,26,23,-1,20,27,21,-1,21,27,24,-1,18,28,29,-1,18,29,19,-1,19,29,27,-1,19,27,20,-1,16,30,18,-1,18,30,28,-1,17,31,16,-1,16,31,30,-1,26,31,23,-1,23,31,17,-1,32,33,34,-1,34,33,35,-1,36,37,38,-1,36,38,39,-1,39,38,40,-1,39,40,41,-1,41,40,42,-1,41,42,43,-1,43,42,44,-1,43,44,45,-1,45,44,46,-1,45,46,47,-1,47,46,48,-1,47,48,49,-1,49,48,50,-1,49,50,51,-1,51,50,33,-1,51,33,32,-1,52,53,54,-1,52,54,55,-1,55,54,56,-1,55,56,57,-1,57,56,58,-1,57,58,59,-1,59,58,60,-1,59,60,61,-1,61,60,62,-1,61,62,63,-1,63,62,64,-1,63,64,65,-1,65,64,37,-1,65,37,36,-1,66,67,52,-1,52,67,53,-1,66,34,67,-1,67,34,35,-1,41,43,68,-1,68,43,45,-1,68,45,69,-1,69,45,47,-1,69,47,70,-1,70,47,49,-1,70,49,71,-1,71,49,51,-1,71,51,72,-1,72,51,32,-1,72,32,73,-1,73,32,34,-1,73,34,74,-1,74,34,66,-1,74,66,75,-1,75,66,52,-1,75,52,76,-1,76,52,55,-1,76,55,77,-1,77,55,57,-1,77,57,78,-1,78,57,59,-1,78,59,79,-1,79,59,61,-1,79,61,80,-1,80,61,63,-1,80,63,81,-1,81,63,65,-1,81,65,82,-1,82,65,36,-1,82,36,83,-1,83,36,39,-1,83,39,84,-1,84,39,41,-1,84,41,68,-1,75,85,74,-1,74,85,86,-1,82,87,88,-1,82,88,81,-1,81,88,89,-1,81,89,80,-1,80,89,90,-1,80,90,79,-1,79,90,91,-1,79,91,78,-1,78,91,92,-1,78,92,77,-1,77,92,93,-1,77,93,76,-1,76,93,85,-1,76,85,75,-1,72,94,95,-1,72,95,71,-1,71,95,96,-1,71,96,70,-1,70,96,97,-1,70,97,69,-1,69,97,98,-1,69,98,68,-1,68,98,99,-1,68,99,84,-1,84,99,100,-1,84,100,83,-1,83,100,87,-1,83,87,82,-1,73,101,72,-1,72,101,94,-1,86,101,74,-1,74,101,73,-1,102,103,104,-1,104,103,105,-1,106,107,102,-1,102,107,103,-1,108,109,106,-1,106,109,107,-1,110,111,108,-1,108,111,109,-1,112,113,110,-1,110,113,111,-1,114,115,112,-1,112,115,113,-1,116,117,114,-1,114,117,115,-1,118,119,116,-1,116,119,117,-1,120,121,118,-1,118,121,119,-1,122,123,120,-1,120,123,121,-1,124,125,122,-1,122,125,123,-1,124,104,125,-1,125,104,105,-1,104,124,122,-1,122,120,104,-1,104,120,118,-1,104,118,102,-1,108,106,110,-1,110,106,102,-1,110,102,112,-1,112,102,118,-1,112,118,114,-1,114,118,116,-1,126,127,128,-1,126,128,129,-1,129,128,130,-1,129,130,131,-1,131,130,132,-1,131,132,133,-1,133,132,134,-1,133,134,135,-1,135,134,136,-1,135,136,137,-1,137,136,138,-1,137,138,139,-1,139,138,140,-1,140,138,141,-1,140,141,142,-1,143,144,145,-1,143,145,146,-1,146,145,147,-1,146,147,148,-1,148,147,149,-1,148,149,150,-1,150,149,151,-1,150,151,152,-1,152,151,153,-1,152,153,154,-1,154,153,155,-1,154,155,156,-1,156,155,127,-1,156,127,126,-1,157,158,159,-1,157,159,160,-1,160,159,144,-1,160,144,143,-1,161,162,157,-1,157,162,158,-1,163,164,165,-1,163,165,166,-1,166,165,162,-1,166,162,161,-1,167,168,169,-1,167,169,170,-1,170,169,171,-1,170,171,172,-1,172,171,173,-1,172,173,174,-1,174,173,175,-1,174,175,176,-1,176,175,177,-1,176,177,178,-1,178,177,179,-1,178,179,180,-1,180,179,164,-1,180,164,163,-1,181,182,183,-1,181,183,184,-1,184,183,185,-1,184,185,186,-1,186,185,187,-1,186,187,188,-1,188,187,189,-1,188,189,190,-1,190,189,191,-1,190,191,192,-1,192,191,193,-1,192,193,194,-1,194,193,168,-1,194,168,167,-1,195,196,197,-1,195,197,198,-1,198,197,199,-1,198,199,200,-1,200,199,182,-1,200,182,181,-1,201,202,195,-1,195,202,196,-1,202,201,203,-1,140,142,204,-1,140,204,205,-1,205,204,206,-1,205,206,203,-1,203,206,207,-1,203,207,202,-1,184,140,181,-1,181,140,205,-1,181,205,200,-1,200,205,203,-1,200,203,198,-1,198,203,201,-1,198,201,195,-1,161,157,166,-1,166,157,160,-1,166,160,163,-1,163,160,143,-1,163,143,180,-1,180,143,146,-1,180,146,178,-1,178,146,148,-1,178,148,176,-1,176,148,150,-1,176,150,174,-1,174,150,152,-1,174,152,172,-1,172,152,154,-1,172,154,170,-1,170,154,156,-1,170,156,167,-1,167,156,126,-1,167,126,194,-1,194,126,129,-1,194,129,192,-1,192,129,131,-1,192,131,190,-1,190,131,133,-1,190,133,188,-1,188,133,135,-1,188,135,186,-1,186,135,137,-1,186,137,184,-1,184,137,139,-1,184,139,140,-1,208,209,210,-1,210,209,211,-1,212,213,208,-1,208,213,209,-1,214,215,212,-1,212,215,213,-1,216,217,214,-1,214,217,215,-1,218,219,216,-1,216,219,217,-1,218,210,219,-1,219,210,211,-1,212,208,214,-1,214,208,210,-1,214,210,216,-1,216,210,218,-1,
        ]
    }
}
Shape{
    appearance Appearance {
        material  Material {
            diffuseColor 0.0 0.7450980392156863 0.5294117647058824
            specularColor 0.0 0.6549019607843137 0.4666666666666667
            ambientIntensity 0.4977
            transparency 0.0
            shininess 0.5
        }
    }
    geometry IndexedFaceSet {
        ccw TRUE
        solid FALSE
        coord DEF co Coordinate {
            point [
                -0.1335 0.1292 -0.0, -0.1598 0.1292 -0.0, -0.1452 0.162 -0.0, -0.148 0.162 -0.0, -0.146 0.1648 -0.0, -0.1473 0.1648 -0.0, -0.1465 0.1676 -0.0, -0.1468 0.1676 -0.0, -0.0532 0.1685 -0.0, -0.0532 0.1071 -0.0, -0.0648 0.1685 -0.0, -0.0644 0.1071 -0.0, -0.0727 0.1078 -0.0, -0.0955 0.1386 -0.0, -0.0948 0.1464 -0.0, -0.093 0.1526 -0.0, -0.0742 0.1675 -0.0, -0.0793 0.1099 -0.0, -0.0847 0.1131 -0.0, -0.0891 0.1175 -0.0, -0.0924 0.1229 -0.0, -0.0948 0.1303 -0.0, -0.0902 0.1575 -0.0, -0.0864 0.1615 -0.0, -0.0807 0.1653 -0.0
            ]
        }
        coordIndex [
            0,1,2,-1,2,1,3,-1,2,3,4,-1,4,3,5,-1,4,5,6,-1,6,5,7,-1,8,9,10,-1,10,9,11,-1,10,11,12,-1,13,14,10,-1,10,14,15,-1,10,15,16,-1,12,17,10,-1,10,17,18,-1,10,18,19,-1,19,20,10,-1,10,20,21,-1,10,21,13,-1,22,23,15,-1,15,23,24,-1,15,24,16,-1,
        ]
    }
}
Shape{
    appearance Appearance {
        material  Material {
            diffuseColor 0.7764705882352941 0.7568627450980392 0.7372549019607844
            specularColor 0.38823529411764707 0.3764705882352941 0.3686274509803922
            ambientIntensity 0.7605
            transparency 0.0
            shininess 0.5
        }
    }
    geometry IndexedFaceSet {
        ccw TRUE
        solid FALSE
        coord DEF co Coordinate {
            point [
                1.558 0.5906 1.6929, 2.2047 0.5906 1.6929, 2.2047 -0.3937 1.6929, -2.2047 -0.3937 1.6929, -2.2047 0.5906 1.6929, -1.558 -0.3937 1.6929, -1.558 0.5906 1.6929, -1.4789 0.793 1.6929, 1.558 -0.3937 1.6929, 1.4789 -0.5962 1.6929, 0.1087 -1.5318 1.6929, 0.1087 1.7287 1.6929, 0.3241 1.6998 1.6929, -0.7341 -1.3612 1.6929, 0.5338 1.6426 1.6929, 0.7341 1.5581 1.6929, -1.3736 0.9832 1.6929, -1.244 1.1577 1.6929, -1.0923 1.3135 1.6929, -0.9214 1.4477 1.6929, -0.7341 1.5581 1.6929, -0.5338 1.6426 1.6929, -0.9214 -1.2509 1.6929, -1.0923 -1.1166 1.6929, -1.244 -0.9608 1.6929, 0.9214 1.4477 1.6929, 1.0923 1.3135 1.6929, 1.244 1.1577 1.6929, -0.3241 -1.503 1.6929, -0.5338 -1.4458 1.6929, 1.4789 0.793 1.6929, 1.3736 0.9832 1.6929, -0.3241 1.6998 1.6929, -0.1087 1.7287 1.6929, -1.4789 -0.5962 1.6929, -1.3736 -0.7863 1.6929, -0.1087 -1.5318 1.6929, 1.3736 -0.7863 1.6929, 1.244 -0.9608 1.6929, 1.0923 -1.1166 1.6929, 0.9214 -1.2509 1.6929, 0.7341 -1.3612 1.6929, 0.3241 -1.503 1.6929, 0.5338 -1.4458 1.6929
            ]
        }
        coordIndex [
            0,1,2,-1,3,4,5,-1,5,4,6,-1,5,6,7,-1,8,9,10,-1,11,12,13,-1,13,12,14,-1,13,14,15,-1,7,16,5,-1,5,16,17,-1,5,17,18,-1,18,19,5,-1,5,19,20,-1,5,20,21,-1,13,22,11,-1,11,22,23,-1,11,23,24,-1,15,25,13,-1,13,25,26,-1,13,26,27,-1,28,29,30,-1,30,29,13,-1,30,13,31,-1,31,13,27,-1,21,32,5,-1,5,32,33,-1,5,33,34,-1,34,33,11,-1,34,11,35,-1,35,11,24,-1,2,8,0,-1,0,8,10,-1,0,10,30,-1,30,10,36,-1,30,36,28,-1,9,37,10,-1,10,37,38,-1,10,38,39,-1,39,40,10,-1,10,40,41,-1,10,41,42,-1,42,41,43,-1,
        ]
    }
}
Shape{
    appearance Appearance {
        material  Material {
            diffuseColor 0.6470588235294118 0.6196078431372549 0.5882352941176471
            specularColor 0.45098039215686275 0.43529411764705883 0.4117647058823529
            ambientIntensity 0.6242
            transparency 0.0
            shininess 0.5
        }
    }
    geometry IndexedFaceSet {
        ccw TRUE
        solid FALSE
        coord DEF co Coordinate {
            point [
                -1.558 0.5906 1.6929, -1.558 0.5906 1.7717, -1.4789 0.793 1.7717, -1.4789 0.793 1.6929, -1.3736 0.9832 1.7717, -1.3736 0.9832 1.6929, -1.244 1.1577 1.7717, -1.244 1.1577 1.6929, -1.0923 1.3135 1.7717, -1.0923 1.3135 1.6929, -0.9214 1.4477 1.7717, -0.9214 1.4477 1.6929, -0.7341 1.5581 1.7717, -0.7341 1.5581 1.6929, -0.5338 1.6426 1.7717, -0.5338 1.6426 1.6929, -0.3241 1.6998 1.7717, -0.3241 1.6998 1.6929, -0.1087 1.7287 1.7717, -0.1087 1.7287 1.6929, 0.1087 1.7287 1.7717, 0.1087 1.7287 1.6929, 0.3241 1.6998 1.7717, 0.3241 1.6998 1.6929, 0.5338 1.6426 1.7717, 0.5338 1.6426 1.6929, 0.7341 1.5581 1.7717, 0.7341 1.5581 1.6929, 0.9214 1.4477 1.7717, 0.9214 1.4477 1.6929, 1.0923 1.3135 1.7717, 1.0923 1.3135 1.6929, 1.244 1.1577 1.7717, 1.244 1.1577 1.6929, 1.3736 0.9832 1.7717, 1.3736 0.9832 1.6929, 1.4789 0.793 1.7717, 1.4789 0.793 1.6929, 1.558 0.5906 1.7717, 1.558 0.5906 1.6929, 2.2047 0.5906 1.6929, 2.2047 0.5906 1.7717, 2.2047 -0.3937 1.6929, 2.2047 -0.3937 1.7717, 1.558 -0.3937 1.6929, 1.558 -0.3937 1.7717, 1.4789 -0.5962 1.7717, 1.4789 -0.5962 1.6929, 1.3736 -0.7863 1.7717, 1.3736 -0.7863 1.6929, 1.244 -0.9608 1.7717, 1.244 -0.9608 1.6929, 1.0923 -1.1166 1.7717, 1.0923 -1.1166 1.6929, 0.9214 -1.2509 1.7717, 0.9214 -1.2509 1.6929, 0.7341 -1.3612 1.7717, 0.7341 -1.3612 1.6929, 0.5338 -1.4458 1.7717, 0.5338 -1.4458 1.6929, 0.3241 -1.503 1.7717, 0.3241 -1.503 1.6929, 0.1087 -1.5318 1.7717, 0.1087 -1.5318 1.6929, -0.1087 -1.5318 1.7717, -0.1087 -1.5318 1.6929, -0.3241 -1.503 1.7717, -0.3241 -1.503 1.6929, -0.5338 -1.4458 1.7717, -0.5338 -1.4458 1.6929, -0.7341 -1.3612 1.7717, -0.7341 -1.3612 1.6929, -0.9214 -1.2509 1.7717, -0.9214 -1.2509 1.6929, -1.0923 -1.1166 1.7717, -1.0923 -1.1166 1.6929, -1.244 -0.9608 1.7717, -1.244 -0.9608 1.6929, -1.3736 -0.7863 1.7717, -1.3736 -0.7863 1.6929, -1.4789 -0.5962 1.7717, -1.4789 -0.5962 1.6929, -1.558 -0.3937 1.7717, -1.558 -0.3937 1.6929, -2.2047 -0.3937 1.6929, -2.2047 -0.3937 1.7717, -2.2047 0.5906 1.6929, -2.2047 0.5906 1.7717
            ]
        }
        coordIndex [
            0,1,2,-1,0,2,3,-1,3,2,4,-1,3,4,5,-1,5,4,6,-1,5,6,7,-1,7,6,8,-1,7,8,9,-1,9,8,10,-1,9,10,11,-1,11,10,12,-1,11,12,13,-1,13,12,14,-1,13,14,15,-1,15,14,16,-1,15,16,17,-1,17,16,18,-1,17,18,19,-1,19,18,20,-1,19,20,21,-1,21,20,22,-1,21,22,23,-1,23,22,24,-1,23,24,25,-1,25,24,26,-1,25,26,27,-1,27,26,28,-1,27,28,29,-1,29,28,30,-1,29,30,31,-1,31,30,32,-1,31,32,33,-1,33,32,34,-1,33,34,35,-1,35,34,36,-1,35,36,37,-1,37,36,38,-1,37,38,39,-1,40,39,41,-1,41,39,38,-1,42,40,43,-1,43,40,41,-1,44,42,45,-1,45,42,43,-1,44,45,46,-1,44,46,47,-1,47,46,48,-1,47,48,49,-1,49,48,50,-1,49,50,51,-1,51,50,52,-1,51,52,53,-1,53,52,54,-1,53,54,55,-1,55,54,56,-1,55,56,57,-1,57,56,58,-1,57,58,59,-1,59,58,60,-1,59,60,61,-1,61,60,62,-1,61,62,63,-1,63,62,64,-1,63,64,65,-1,65,64,66,-1,65,66,67,-1,67,66,68,-1,67,68,69,-1,69,68,70,-1,69,70,71,-1,71,70,72,-1,71,72,73,-1,73,72,74,-1,73,74,75,-1,75,74,76,-1,75,76,77,-1,77,76,78,-1,77,78,79,-1,79,78,80,-1,79,80,81,-1,81,80,82,-1,81,82,83,-1,84,83,85,-1,85,83,82,-1,86,84,87,-1,87,84,85,-1,0,86,1,-1,1,86,87,-1,
        ]
    }
}
Shape{
    appearance Appearance {
        material  Material {
            diffuseColor 0.7764705882352941 0.7568627450980392 0.7372549019607844
            specularColor 0.38823529411764707 0.3764705882352941 0.3686274509803922
            ambientIntensity 0.7605
            transparency 0.0
            shininess 0.5
        }
    }
    geometry IndexedFaceSet {
        ccw TRUE
        solid FALSE
        coord DEF co Coordinate {
            point [
                1.567 0.2552 1.7717, 1.5748 0.0984 1.7717, 2.2047 0.5906 1.7717, 2.2047 -0.3937 1.7717, -1.558 0.5906 1.7717, -2.2047 0.5906 1.7717, -1.5572 0.3331 1.7717, 1.567 -0.0584 1.7717, 1.5436 -0.2136 1.7717, 1.558 -0.3937 1.7717, 1.5048 -0.3658 1.7717, 1.4789 -0.5962 1.7717, -2.2047 -0.3937 1.7717, -1.558 -0.3937 1.7717, -1.5261 -0.2902 1.7717, 1.4789 0.793 1.7717, 1.4511 0.7101 1.7717, 1.558 0.5906 1.7717, 1.5048 0.5626 1.7717, 1.5436 0.4105 1.7717, -1.5572 -0.1363 1.7717, -1.5728 0.0199 1.7717, -1.5728 0.1769 1.7717, -1.5261 0.487 1.7717, -1.4798 0.637 1.7717, -1.4789 0.793 1.7717, -1.4188 0.7817 1.7717, -1.3736 0.9832 1.7717, -1.3438 0.9196 1.7717, -1.244 1.1577 1.7717, 1.4511 -0.5133 1.7717, 1.383 -0.6547 1.7717, 1.3736 -0.7863 1.7717, 1.3012 -0.7887 1.7717, 1.244 -0.9608 1.7717, 1.2064 -0.9138 1.7717, 1.0923 -1.1166 1.7717, -0.7341 1.5581 1.7717, -0.6477 1.5339 1.7717, -0.5338 1.6426 1.7717, -0.5016 1.5912 1.7717, -0.3241 1.6998 1.7717, -0.3504 1.6337 1.7717, -0.1087 1.7287 1.7717, 1.0996 -1.0289 1.7717, 0.9819 -1.1328 1.7717, 0.9214 -1.2509 1.7717, 0.8544 -1.2245 1.7717, 0.7341 -1.3612 1.7717, 0.7184 -1.3029 1.7717, 0.5338 -1.4458 1.7717, -1.2553 1.0493 1.7717, -1.1544 1.1696 1.7717, -1.0923 1.3135 1.7717, -1.042 1.2792 1.7717, -0.9214 1.4477 1.7717, -0.9193 1.3771 1.7717, -0.7874 1.4622 1.7717, 0.5338 1.6426 1.7717, 0.5753 1.5644 1.7717, 0.7341 1.5581 1.7717, 0.7184 1.4998 1.7717, 0.9214 1.4477 1.7717, 0.8544 1.4213 1.7717, 1.0923 1.3135 1.7717, 0.5753 -1.3675 1.7717, 0.4265 -1.4175 1.7717, 0.3241 -1.503 1.7717, 0.2735 -1.4525 1.7717, 0.1087 -1.5318 1.7717, 0.1177 -1.472 1.7717, -0.1087 -1.5318 1.7717, -0.0393 -1.4759 1.7717, -0.1958 -1.4642 1.7717, -0.3241 -1.503 1.7717, -0.3504 -1.4369 1.7717, -0.5338 -1.4458 1.7717, -0.5016 -1.3944 1.7717, -0.7341 -1.3612 1.7717, -0.1958 1.661 1.7717, -0.0393 1.6727 1.7717, 0.1087 1.7287 1.7717, 0.1177 1.6688 1.7717, 0.3241 1.6998 1.7717, 0.2735 1.6493 1.7717, 0.4265 1.6144 1.7717, 0.9819 1.3297 1.7717, 1.0996 1.2258 1.7717, 1.244 1.1577 1.7717, 1.2064 1.1107 1.7717, 1.3736 0.9832 1.7717, 1.3012 0.9855 1.7717, 1.383 0.8516 1.7717, -0.6477 -1.337 1.7717, -0.7874 -1.2654 1.7717, -0.9214 -1.2509 1.7717, -0.9193 -1.1802 1.7717, -1.0923 -1.1166 1.7717, -1.042 -1.0823 1.7717, -1.244 -0.9608 1.7717, -1.1544 -0.9727 1.7717, -1.2553 -0.8524 1.7717, -1.3736 -0.7863 1.7717, -1.3438 -0.7227 1.7717, -1.4789 -0.5962 1.7717, -1.4188 -0.5849 1.7717, -1.4798 -0.4402 1.7717
            ]
        }
        coordIndex [
            0,1,2,-1,2,1,3,-1,4,5,6,-1,1,7,3,-1,3,7,8,-1,3,8,9,-1,9,8,10,-1,9,10,11,-1,12,13,14,-1,15,16,17,-1,17,16,18,-1,17,18,2,-1,2,18,19,-1,2,19,0,-1,14,20,12,-1,12,20,21,-1,12,21,5,-1,5,21,22,-1,5,22,6,-1,6,23,4,-1,4,23,24,-1,4,24,25,-1,25,24,26,-1,25,26,27,-1,27,26,28,-1,27,28,29,-1,10,30,11,-1,11,30,31,-1,11,31,32,-1,32,31,33,-1,32,33,34,-1,34,33,35,-1,34,35,36,-1,37,38,39,-1,39,38,40,-1,39,40,41,-1,41,40,42,-1,41,42,43,-1,35,44,36,-1,36,44,45,-1,36,45,46,-1,46,45,47,-1,46,47,48,-1,48,47,49,-1,48,49,50,-1,28,51,29,-1,29,51,52,-1,29,52,53,-1,53,52,54,-1,53,54,55,-1,55,54,56,-1,55,56,37,-1,37,56,57,-1,37,57,38,-1,58,59,60,-1,60,59,61,-1,60,61,62,-1,62,61,63,-1,62,63,64,-1,49,65,50,-1,50,65,66,-1,50,66,67,-1,67,66,68,-1,67,68,69,-1,69,68,70,-1,69,70,71,-1,70,72,71,-1,71,72,73,-1,71,73,74,-1,74,73,75,-1,74,75,76,-1,76,75,77,-1,76,77,78,-1,42,79,43,-1,43,79,80,-1,43,80,81,-1,81,80,82,-1,81,82,83,-1,83,82,84,-1,83,84,58,-1,58,84,85,-1,58,85,59,-1,63,86,64,-1,64,86,87,-1,64,87,88,-1,88,87,89,-1,88,89,90,-1,90,89,91,-1,90,91,15,-1,15,91,92,-1,15,92,16,-1,77,93,78,-1,78,93,94,-1,78,94,95,-1,95,94,96,-1,95,96,97,-1,97,96,98,-1,97,98,99,-1,98,100,99,-1,99,100,101,-1,99,101,102,-1,102,101,103,-1,102,103,104,-1,104,103,105,-1,104,105,13,-1,13,105,106,-1,13,106,14,-1,
        ]
    }
}
Shape{
    appearance Appearance {
        material  Material {
            diffuseColor 0.6470588235294118 0.6196078431372549 0.5882352941176471
            specularColor 0.45098039215686275 0.43529411764705883 0.4117647058823529
            ambientIntensity 0.6242
            transparency 0.0
            shininess 0.5
        }
    }
    geometry IndexedFaceSet {
        ccw TRUE
        solid FALSE
        coord DEF co Coordinate {
            point [
                -1.3626 -0.1069 4.3307, -1.378 0.0984 4.3307, -1.3762 0.0297 1.9685, -1.3626 -0.1069 1.9685, -1.3353 -0.2416 1.9685, -1.3167 -0.3077 4.3307, -1.3151 -0.3072 1.9685, -1.2949 -0.3729 1.9685, -1.2415 -0.4994 4.3307, -1.2415 -0.4994 1.9685, -1.1758 -0.6201 1.9685, -1.1385 -0.6778 4.3307, -1.1371 -0.6768 1.9685, -1.0984 -0.7336 1.9685, -1.0101 -0.8388 4.3307, -1.0101 -0.8388 1.9685, -0.9118 -0.9347 1.9685, -0.8591 -0.9789 4.3307, -0.8581 -0.9776 1.9685, -0.8044 -1.0204 1.9685, -0.689 -1.0949 4.3307, -0.689 -1.0949 1.9685, -0.5667 -1.1576 1.9685, -0.5034 -1.1843 4.3307, -0.5028 -1.1827 1.9685, -0.4389 -1.2078 1.9685, -0.3066 -1.245 4.3307, -0.3066 -1.245 1.9685, -0.1713 -1.2688 1.9685, -0.103 -1.2757 4.3307, -0.1028 -1.274 1.9685, -0.0344 -1.2791 1.9685, 0.103 -1.2757 4.3307, 0.103 -1.2757 1.9685, 0.2393 -1.2586 1.9685, 0.3066 -1.245 4.3307, 0.3062 -1.2433 1.9685, 0.3732 -1.228 1.9685, 0.5034 -1.1843 4.3307, 0.5034 -1.1843 1.9685, 0.6286 -1.1278 1.9685, 0.689 -1.0949 4.3307, 0.6881 -1.0934 1.9685, 0.7476 -1.0591 1.9685, 0.8591 -0.9789 4.3307, 0.8591 -0.9789 1.9685, 0.9621 -0.888 1.9685, 1.0101 -0.8388 4.3307, 1.0089 -0.8377 1.9685, 1.0556 -0.7873 1.9685, 1.1385 -0.6778 4.3307, 1.1385 -0.6778 1.9685, 1.2101 -0.5606 1.9685, 1.2415 -0.4994 4.3307, 1.2399 -0.4987 1.9685, 1.2698 -0.4368 1.9685, 1.3167 -0.3077 4.3307, 1.3167 -0.3077 1.9685, 1.3506 -0.1746 1.9685, 1.3626 -0.1069 4.3307, 1.3609 -0.1067 1.9685, 1.3711 -0.0388 1.9685, 1.378 0.0984 4.3307, 1.378 0.0984 1.9685, 1.3711 0.2356 1.9685, 1.3626 0.3038 4.3307, 1.3609 0.3035 1.9685, 1.3506 0.3715 1.9685, 1.3167 0.5046 4.3307, 1.3167 0.5046 1.9685, 1.2698 0.6337 1.9685, 1.2415 0.6963 4.3307, 1.2399 0.6956 1.9685, 1.2101 0.7574 1.9685, 1.1385 0.8747 4.3307, 1.1385 0.8747 1.9685, 1.0556 0.9842 1.9685, 1.0101 1.0357 4.3307, 1.0089 1.0345 1.9685, 0.9621 1.0849 1.9685, 0.8591 1.1758 4.3307, 0.8591 1.1758 1.9685, 0.7476 1.2559 1.9685, 0.689 1.2918 4.3307, 0.6881 1.2903 1.9685, 0.6286 1.3246 1.9685, 0.5034 1.3811 4.3307, 0.5034 1.3811 1.9685, 0.3732 1.4249 1.9685, 0.3066 1.4418 4.3307, 0.3062 1.4402 1.9685, 0.2393 1.4554 1.9685, 0.103 1.4725 4.3307, 0.103 1.4725 1.9685, -0.0344 1.4759 1.9685, -0.103 1.4725 4.3307, -0.1028 1.4708 1.9685, -0.1713 1.4657 1.9685, -0.3066 1.4418 4.3307, -0.3066 1.4418 1.9685, -0.4389 1.4046 1.9685, -0.5034 1.3811 4.3307, -0.5028 1.3795 1.9685, -0.5667 1.3544 1.9685, -0.689 1.2918 4.3307, -0.689 1.2918 1.9685, -0.8044 1.2172 1.9685, -0.8591 1.1758 4.3307, -0.8581 1.1744 1.9685, -0.9118 1.1316 1.9685, -1.0101 1.0357 4.3307, -1.0101 1.0357 1.9685, -1.0984 0.9304 1.9685, -1.1385 0.8747 4.3307, -1.1371 0.8737 1.9685, -1.1758 0.8169 1.9685, -1.2415 0.6963 4.3307, -1.2415 0.6963 1.9685, -1.2949 0.5697 1.9685, -1.3167 0.5046 4.3307, -1.3151 0.5041 1.9685, -1.3353 0.4384 1.9685, -1.3626 0.3038 4.3307, -1.3626 0.3038 1.9685, -1.3762 0.1671 1.9685, -1.3762 0.0984 1.9685, 0.7275 -0.2029 4.5276, 1.1286 -0.2497 4.5276, 0.7723 -0.0552 4.5276, 1.1679 -0.0776 4.5276, 0.7874 0.0984 4.5276, 1.1811 0.0984 4.5276, 0.7723 0.252 4.5276, 0.4375 -0.5563 4.5276, 0.7364 -0.825 4.5276, 0.5568 -0.4584 4.5276, 0.8658 -0.7049 4.5276, 0.6547 -0.339 4.5276, 0.9759 -0.5669 4.5276, 1.0641 -0.414 4.5276, -0.1536 -0.6738 4.5276, -0.0883 -1.0794 4.5276, 0.0 -0.689 4.5276, 0.0883 -1.0794 4.5276, 0.1536 -0.6738 4.5276, 0.2628 -1.0531 4.5276, 0.3013 -0.629 4.5276, 0.4315 -1.001 4.5276, 0.5906 -0.9244 4.5276, -0.5568 -0.4584 4.5276, -0.7364 -0.825 4.5276, -0.4375 -0.5563 4.5276, -0.5906 -0.9244 4.5276, -0.3013 -0.629 4.5276, -0.4315 -1.001 4.5276, -0.2628 -1.0531 4.5276, -0.7723 -0.0552 4.5276, -1.1286 -0.2497 4.5276, -0.7275 -0.2029 4.5276, -1.0641 -0.414 4.5276, -0.6547 -0.339 4.5276, -0.9759 -0.5669 4.5276, -0.8658 -0.7049 4.5276, -0.7275 0.3998 4.5276, -1.1286 0.4466 4.5276, -0.7723 0.252 4.5276, -1.1679 0.2745 4.5276, -0.7874 0.0984 4.5276, -1.1811 0.0984 4.5276, -1.1679 -0.0776 4.5276, -0.4375 0.7531 4.5276, -0.7364 1.0218 4.5276, -0.5568 0.6552 4.5276, -0.8658 0.9018 4.5276, -0.6547 0.5359 4.5276, -0.9759 0.7638 4.5276, -1.0641 0.6109 4.5276, 0.0 0.8858 4.5276, -0.0883 1.2762 4.5276, -0.1536 0.8707 4.5276, -0.2628 1.2499 4.5276, -0.3013 0.8259 4.5276, -0.4315 1.1979 4.5276, -0.5906 1.1213 4.5276, 1.1679 0.2745 4.5276, 1.1286 0.4466 4.5276, 0.7275 0.3998 4.5276, 1.0641 0.6109 4.5276, 0.6547 0.5359 4.5276, 0.9759 0.7638 4.5276, 0.5568 0.6552 4.5276, 0.8658 0.9018 4.5276, 0.7364 1.0218 4.5276, 0.4375 0.7531 4.5276, 0.5906 1.1213 4.5276, 0.3013 0.8259 4.5276, 0.4315 1.1979 4.5276, 0.1536 0.8707 4.5276, 0.2628 1.2499 4.5276, 0.0883 1.2762 4.5276, -0.7723 0.252 4.9213, -0.7275 0.3998 4.9213, -0.6547 0.5359 4.9213, -0.5568 0.6552 4.9213, -0.4375 0.7531 4.9213, -0.3013 0.8259 4.9213, -0.1536 0.8707 4.9213, 0.0 0.8858 4.9213, 0.1536 0.8707 4.9213, 0.3013 0.8259 4.9213, 0.4375 0.7531 4.9213, 0.5568 0.6552 4.9213, 0.6547 0.5359 4.9213, 0.7275 0.3998 4.9213, 0.7723 0.252 4.9213, 0.7874 0.0984 4.9213, 0.7723 -0.0552 4.9213, 0.7275 -0.2029 4.9213, 0.6547 -0.339 4.9213, 0.5568 -0.4584 4.9213, 0.4375 -0.5563 4.9213, 0.3013 -0.629 4.9213, 0.1536 -0.6738 4.9213, 0.0 -0.689 4.9213, -0.1536 -0.6738 4.9213, -0.3013 -0.629 4.9213, -0.4375 -0.5563 4.9213, -0.5568 -0.4584 4.9213, -0.6547 -0.339 4.9213, -0.7275 -0.2029 4.9213, -0.7723 -0.0552 4.9213, -0.7874 0.0984 4.9213, 0.0 0.0984 4.9213, 1.3572 -0.1759 1.9176, 1.3231 -0.3097 1.9176, 1.2759 -0.4394 1.9176, 1.216 -0.5638 1.9176, 1.1441 -0.6816 1.9176, 1.0607 -0.7916 1.9176, 0.9668 -0.8928 1.9176, 0.8633 -0.9841 1.9176, 0.7512 -1.0647 1.9176, 0.6317 -1.1337 1.9176, 0.5059 -1.1905 1.9176, 0.375 -1.2345 1.9176, 0.2404 -1.2652 1.9176, 0.1035 -1.2824 1.9176, -0.0345 -1.2858 1.9176, -0.1722 -1.2755 1.9176, -0.3081 -1.2515 1.9176, -0.441 -1.2141 1.9176, -0.5695 -1.1637 1.9176, -0.6923 -1.1007 1.9176, -0.8083 -1.0258 1.9176, -0.9162 -0.9398 1.9176, -1.015 -0.8434 1.9176, -1.1038 -0.7376 1.9176, -1.1815 -0.6236 1.9176, -1.2475 -0.5024 1.9176, -1.3012 -0.3752 1.9176, -1.3418 -0.2433 1.9176, -1.3692 -0.1079 1.9176, -1.3829 0.0294 1.9176, -1.3829 0.1674 1.9176, -1.3692 0.3048 1.9176, -1.3418 0.4401 1.9176, -1.3012 0.572 1.9176, -1.2475 0.6992 1.9176, -1.1815 0.8204 1.9176, -1.1038 0.9345 1.9176, -1.015 1.0402 1.9176, -0.9162 1.1366 1.9176, -0.8083 1.2227 1.9176, -0.6923 1.2976 1.9176, -0.5695 1.3606 1.9176, -0.441 1.411 1.9176, -0.3081 1.4484 1.9176, -0.1722 1.4723 1.9176, -0.0345 1.4827 1.9176, 0.1035 1.4792 1.9176, 0.2404 1.462 1.9176, 0.375 1.4313 1.9176, 0.5059 1.3874 1.9176, 0.6317 1.3306 1.9176, 0.7512 1.2616 1.9176, 0.8633 1.181 1.9176, 0.9668 1.0897 1.9176, 1.0607 0.9885 1.9176, 1.1441 0.8784 1.9176, 1.216 0.7606 1.9176, 1.2759 0.6363 1.9176, 1.3231 0.5066 1.9176, 1.3572 0.3728 1.9176, 1.3778 0.2363 1.9176, 1.3847 0.0984 1.9176, 1.3778 -0.0394 1.9176, 1.3973 0.2383 1.8701, 1.3765 0.3767 1.8701, 1.3419 0.5124 1.8701, 1.2941 0.6439 1.8701, 1.2333 0.77 1.8701, 1.1603 0.8895 1.8701, 1.0758 1.0011 1.8701, 0.9806 1.1037 1.8701, 0.8756 1.1964 1.8701, 0.7619 1.2781 1.8701, 0.6407 1.3481 1.8701, 0.5131 1.4057 1.8701, 0.3803 1.4503 1.8701, 0.2439 1.4814 1.8701, 0.1049 1.4988 1.8701, -0.035 1.5023 1.8701, -0.1746 1.4919 1.8701, -0.3125 1.4675 1.8701, -0.4473 1.4296 1.8701, -0.5776 1.3785 1.8701, -0.7022 1.3146 1.8701, -0.8198 1.2387 1.8701, -0.9292 1.1514 1.8701, -1.0294 1.0536 1.8701, -1.1194 0.9464 1.8701, -1.1983 0.8307 1.8701, -1.2653 0.7077 1.8701, -1.3196 0.5787 1.8701, -1.3609 0.445 1.8701, -1.3886 0.3077 1.8701, -1.4026 0.1684 1.8701, -1.4026 0.0284 1.8701, -1.3886 -0.1109 1.8701, -1.3609 -0.2481 1.8701, -1.3196 -0.3819 1.8701, -1.2653 -0.5109 1.8701, -1.1983 -0.6338 1.8701, -1.1194 -0.7495 1.8701, -1.0294 -0.8568 1.8701, -0.9292 -0.9545 1.8701, -0.8198 -1.0418 1.8701, -0.7022 -1.1178 1.8701, -0.5776 -1.1816 1.8701, -0.4473 -1.2328 1.8701, -0.3125 -1.2707 1.8701, -0.1746 -1.295 1.8701, -0.035 -1.3055 1.8701, 0.1049 -1.302 1.8701, 0.2439 -1.2846 1.8701, 0.3803 -1.2534 1.8701, 0.5131 -1.2088 1.8701, 0.6407 -1.1512 1.8701, 0.7619 -1.0812 1.8701, 0.8756 -0.9995 1.8701, 0.9806 -0.9069 1.8701, 1.0758 -0.8043 1.8701, 1.1603 -0.6927 1.8701, 1.2333 -0.5732 1.8701, 1.2941 -0.4471 1.8701, 1.3419 -0.3155 1.8701, 1.3765 -0.1798 1.8701, 1.3973 -0.0414 1.8701, 1.4043 0.0984 1.8701, 1.4285 0.2414 1.8293, 1.4071 0.3829 1.8293, 1.3718 0.5216 1.8293, 1.3229 0.6561 1.8293, 1.2608 0.785 1.8293, 1.1862 0.9071 1.8293, 1.0997 1.0212 1.8293, 1.0024 1.1261 1.8293, 0.8951 1.2208 1.8293, 0.7789 1.3044 1.8293, 0.6549 1.3759 1.8293, 0.5245 1.4348 1.8293, 0.3888 1.4804 1.8293, 0.2493 1.5122 1.8293, 0.1073 1.53 1.8293, -0.0358 1.5336 1.8293, -0.1785 1.5229 1.8293, -0.3195 1.498 1.8293, -0.4572 1.4593 1.8293, -0.5904 1.407 1.8293, -0.7178 1.3417 1.8293, -0.838 1.2641 1.8293, -0.9499 1.1748 1.8293, -1.0524 1.0749 1.8293, -1.1444 0.9653 1.8293, -1.225 0.847 1.8293, -1.2934 0.7213 1.8293, -1.349 0.5894 1.8293, -1.3912 0.4527 1.8293, -1.4196 0.3124 1.8293, -1.4338 0.17 1.8293, -1.4338 0.0269 1.8293, -1.4196 -0.1155 1.8293, -1.3912 -0.2558 1.8293, -1.349 -0.3926 1.8293, -1.2934 -0.5245 1.8293, -1.225 -0.6502 1.8293, -1.1444 -0.7684 1.8293, -1.0524 -0.878 1.8293, -0.9499 -0.978 1.8293, -0.838 -1.0672 1.8293, -0.7178 -1.1448 1.8293, -0.5904 -1.2101 1.8293, -0.4572 -1.2624 1.8293, -0.3195 -1.3012 1.8293, -0.1785 -1.326 1.8293, -0.0358 -1.3367 1.8293, 0.1073 -1.3332 1.8293, 0.2493 -1.3154 1.8293, 0.3888 -1.2835 1.8293, 0.5245 -1.2379 1.8293, 0.6549 -1.1791 1.8293, 0.7789 -1.1075 1.8293, 0.8951 -1.024 1.8293, 1.0024 -0.9293 1.8293, 1.0997 -0.8244 1.8293, 1.1862 -0.7103 1.8293, 1.2608 -0.5882 1.8293, 1.3229 -0.4592 1.8293, 1.3718 -0.3247 1.8293, 1.4071 -0.186 1.8293, 1.4285 -0.0445 1.8293, 1.4356 0.0984 1.8293, 1.469 0.2454 1.798, 1.4471 0.391 1.798, 1.4108 0.5336 1.798, 1.3604 0.6719 1.798, 1.2966 0.8045 1.798, 1.2198 0.9301 1.798, 1.131 1.0474 1.798, 1.0309 1.1553 1.798, 0.9205 1.2527 1.798, 0.801 1.3386 1.798, 0.6735 1.4122 1.798, 0.5394 1.4727 1.798, 0.3999 1.5196 1.798, 0.2564 1.5524 1.798, 0.1103 1.5707 1.798, -0.0368 1.5743 1.798, -0.1836 1.5633 1.798, -0.3285 1.5378 1.798, -0.4702 1.4979 1.798, -0.6072 1.4442 1.798, -0.7382 1.377 1.798, -0.8618 1.2972 1.798, -0.9769 1.2054 1.798, -1.0823 1.1026 1.798, -1.1769 0.9899 1.798, -1.2598 0.8683 1.798, -1.3302 0.739 1.798, -1.3873 0.6034 1.798, -1.4307 0.4627 1.798, -1.4599 0.3185 1.798, -1.4745 0.172 1.798, -1.4745 0.0248 1.798, -1.4599 -0.1216 1.798, -1.4307 -0.2659 1.798, -1.3873 -0.4065 1.798, -1.3302 -0.5422 1.798, -1.2598 -0.6714 1.798, -1.1769 -0.793 1.798, -1.0823 -0.9058 1.798, -0.9769 -1.0085 1.798, -0.8618 -1.1003 1.798, -0.7382 -1.1802 1.798, -0.6072 -1.2473 1.798, -0.4702 -1.3011 1.798, -0.3285 -1.3409 1.798, -0.1836 -1.3665 1.798, -0.0368 -1.3775 1.798, 0.1103 -1.3738 1.798, 0.2564 -1.3555 1.798, 0.3999 -1.3228 1.798, 0.5394 -1.2759 1.798, 0.6735 -1.2154 1.798, 0.801 -1.1418 1.798, 0.9205 -1.0559 1.798, 1.0309 -0.9585 1.798, 1.131 -0.8506 1.798, 1.2198 -0.7332 1.798, 1.2966 -0.6077 1.798, 1.3604 -0.4751 1.798, 1.4108 -0.3367 1.798, 1.4471 -0.1941 1.798, 1.469 -0.0486 1.798, 1.4764 0.0984 1.798, 1.5163 0.2502 1.7784, 1.4936 0.4004 1.7784, 1.4562 0.5476 1.7784, 1.4042 0.6903 1.7784, 1.3383 0.8272 1.7784, 1.2591 0.9568 1.7784, 1.1673 1.0779 1.7784, 1.064 1.1893 1.7784, 0.9501 1.2898 1.7784, 0.8268 1.3785 1.7784, 0.6952 1.4545 1.7784, 0.5567 1.5169 1.7784, 0.4127 1.5653 1.7784, 0.2646 1.5991 1.7784, 0.1139 1.618 1.7784, -0.038 1.6218 1.7784, -0.1895 1.6105 1.7784, -0.3391 1.5841 1.7784, -0.4853 1.5429 1.7784, -0.6267 1.4874 1.7784, -0.7619 1.4181 1.7784, -0.8895 1.3357 1.7784, -1.0083 1.241 1.7784, -1.1171 1.1349 1.7784, -1.2147 1.0185 1.7784, -1.3003 0.893 1.7784, -1.3729 0.7596 1.7784, -1.432 0.6196 1.7784, -1.4767 0.4744 1.7784, -1.5068 0.3255 1.7784, -1.522 0.1744 1.7784, -1.522 0.0225 1.7784, -1.5068 -0.1287 1.7784, -1.4767 -0.2776 1.7784, -1.432 -0.4228 1.7784, -1.3729 -0.5628 1.7784, -1.3003 -0.6962 1.7784, -1.2147 -0.8217 1.7784, -1.1171 -0.9381 1.7784, -1.0083 -1.0441 1.7784, -0.8895 -1.1389 1.7784, -0.7619 -1.2213 1.7784, -0.6267 -1.2906 1.7784, -0.4853 -1.3461 1.7784, -0.3391 -1.3872 1.7784, -0.1895 -1.4136 1.7784, -0.038 -1.425 1.7784, 0.1139 -1.4212 1.7784, 0.2646 -1.4023 1.7784, 0.4127 -1.3685 1.7784, 0.5567 -1.3201 1.7784, 0.6952 -1.2576 1.7784, 0.8268 -1.1817 1.7784, 0.9501 -1.093 1.7784, 1.064 -0.9925 1.7784, 1.1673 -0.8811 1.7784, 1.2591 -0.76 1.7784, 1.3383 -0.6304 1.7784, 1.4042 -0.4935 1.7784, 1.4562 -0.3507 1.7784, 1.4936 -0.2035 1.7784, 1.5163 -0.0533 1.7784, 1.5239 0.0984 1.7784, 1.567 0.2552 1.7717, 1.5436 0.4105 1.7717, 1.5048 0.5626 1.7717, 1.4511 0.7101 1.7717, 1.383 0.8516 1.7717, 1.3012 0.9855 1.7717, 1.2064 1.1107 1.7717, 1.0996 1.2258 1.7717, 0.9819 1.3297 1.7717, 0.8544 1.4213 1.7717, 0.7184 1.4998 1.7717, 0.5753 1.5644 1.7717, 0.4265 1.6144 1.7717, 0.2735 1.6493 1.7717, 0.1177 1.6688 1.7717, -0.0393 1.6727 1.7717, -0.1958 1.661 1.7717, -0.3504 1.6337 1.7717, -0.5016 1.5912 1.7717, -0.6477 1.5339 1.7717, -0.7874 1.4622 1.7717, -0.9193 1.3771 1.7717, -1.042 1.2792 1.7717, -1.1544 1.1696 1.7717, -1.2553 1.0493 1.7717, -1.3438 0.9196 1.7717, -1.4188 0.7817 1.7717, -1.4798 0.637 1.7717, -1.5261 0.487 1.7717, -1.5572 0.3331 1.7717, -1.5728 0.1769 1.7717, -1.5728 0.0199 1.7717, -1.5572 -0.1363 1.7717, -1.5261 -0.2902 1.7717, -1.4798 -0.4402 1.7717, -1.4188 -0.5849 1.7717, -1.3438 -0.7227 1.7717, -1.2553 -0.8524 1.7717, -1.1544 -0.9727 1.7717, -1.042 -1.0823 1.7717, -0.9193 -1.1802 1.7717, -0.7874 -1.2654 1.7717, -0.6477 -1.337 1.7717, -0.5016 -1.3944 1.7717, -0.3504 -1.4369 1.7717, -0.1958 -1.4642 1.7717, -0.0393 -1.4759 1.7717, 0.1177 -1.472 1.7717, 0.2735 -1.4525 1.7717, 0.4265 -1.4175 1.7717, 0.5753 -1.3675 1.7717, 0.7184 -1.3029 1.7717, 0.8544 -1.2245 1.7717, 0.9819 -1.1328 1.7717, 1.0996 -1.0289 1.7717, 1.2064 -0.9138 1.7717, 1.3012 -0.7887 1.7717, 1.383 -0.6547 1.7717, 1.4511 -0.5133 1.7717, 1.5048 -0.3658 1.7717, 1.5436 -0.2136 1.7717, 1.567 -0.0584 1.7717, 1.5748 0.0984 1.7717, 0.9555 0.7927 4.9213, 1.0229 0.689 4.9213, 1.0524 0.6346 4.5276, -0.9555 0.7927 4.5276, -0.8352 0.9336 4.9213, -0.8352 0.9336 4.5276, -0.6942 1.054 4.9213, -0.6942 1.054 4.5276, -0.5362 1.1508 4.9213, -0.5362 1.1508 4.5276, -0.365 1.2217 4.9213, -0.365 1.2217 4.5276, -0.1848 1.265 4.9213, -0.1848 1.265 4.5276, 0.0 1.2795 4.9213, 0.0 1.2795 4.5276, 0.1848 1.265 4.9213, 0.1848 1.265 4.5276, 0.365 1.2217 4.9213, 0.365 1.2217 4.5276, 0.5362 1.1508 4.9213, 0.5362 1.1508 4.5276, 0.6942 1.054 4.9213, 0.6942 1.054 4.5276, 0.8352 0.9336 4.9213, 0.8352 0.9336 4.5276, 0.9555 0.7927 4.5276, -1.0524 0.6346 4.5276, -1.0229 0.689 4.9213, -0.9555 0.7927 4.9213, -1.163 -0.0858 9.252, -1.1782 0.0152 9.252, -1.1666 -0.0863 4.5276, -1.1504 -0.169 9.252, -1.1233 -0.2666 4.5276, -1.1198 -0.2655 9.252, -1.0941 -0.3466 9.252, -1.0524 -0.4378 4.5276, -1.0491 -0.4361 9.252, -1.0104 -0.5131 9.252, -0.9555 -0.5958 4.5276, -0.9526 -0.5937 9.252, -0.9017 -0.6644 9.252, -0.8352 -0.7367 4.5276, -0.8326 -0.7342 9.252, -0.7705 -0.7968 9.252, -0.6942 -0.8571 4.5276, -0.6921 -0.8541 9.252, -0.6201 -0.9068 9.252, -0.5362 -0.9539 4.5276, -0.5345 -0.9507 9.252, -0.4543 -0.9918 9.252, -0.365 -1.0249 4.5276, -0.3638 -1.0214 9.252, -0.2772 -1.0497 9.252, -0.1848 -1.0681 4.5276, -0.1842 -1.0645 9.252, -0.0932 -1.079 9.252, 0.0 -1.0827 4.5276, 0.0 -1.079 9.252, 0.0932 -1.079 9.252, 0.1848 -1.0681 4.5276, 0.1842 -1.0645 9.252, 0.2772 -1.0497 9.252, 0.365 -1.0249 4.5276, 0.3638 -1.0214 9.252, 0.4543 -0.9918 9.252, 0.5362 -0.9539 4.5276, 0.5345 -0.9507 9.252, 0.6201 -0.9068 9.252, 0.6942 -0.8571 4.5276, 0.6921 -0.8541 9.252, 0.7705 -0.7968 9.252, 0.8352 -0.7367 4.5276, 0.8326 -0.7342 9.252, 0.9017 -0.6644 9.252, 0.9555 -0.5958 4.5276, 0.9526 -0.5937 9.252, 1.0104 -0.5131 9.252, 1.0524 -0.4378 4.5276, 1.0491 -0.4361 9.252, 1.0941 -0.3466 9.252, 1.1233 -0.2666 4.5276, 1.1198 -0.2655 9.252, 1.1504 -0.169 9.252, 1.1666 -0.0863 4.5276, 1.163 -0.0858 9.252, 1.1782 0.0152 9.252, 1.1775 0.0984 9.252, 1.1766 0.2016 9.252, 1.1666 0.2832 4.5276, 1.163 0.2826 9.252, 1.1457 0.3853 9.252, 1.1233 0.4634 4.5276, 1.1199 0.4623 9.252, 1.0863 0.562 9.252, 1.0505 0.6337 9.252, 1.0229 0.689 9.252, -1.0229 0.689 9.252, -1.0505 0.6337 9.252, -1.0863 0.562 9.252, -1.1233 0.4634 4.5276, -1.1666 0.2832 4.5276, -1.1457 0.3853 9.252, -1.1199 0.4623 9.252, -1.1775 0.0984 9.252, -1.1766 0.2016 9.252, -1.163 0.2826 9.252, 0.5208 0.689 9.6457, -0.5208 0.689 9.6457, 0.5924 0.6171 9.6457, -0.5924 0.6171 9.6457, 0.6666 0.5175 9.6457, -0.5137 -0.4984 9.6457, -0.4134 -0.5717 9.6457, 0.6011 -0.4102 9.6457, -0.6666 0.5175 9.6457, -0.7242 0.4074 9.6457, -0.7638 0.2897 9.6457, -0.7844 0.1672 9.6457, -0.3029 -0.6284 9.6457, -0.1848 -0.667 9.6457, -0.0621 -0.6865 9.6457, 0.1848 -0.667 9.6457, 0.3029 -0.6284 9.6457, 0.4134 -0.5717 9.6457, 0.6736 -0.3093 9.6457, 0.7294 -0.1983 9.6457, 0.0621 -0.6865 9.6457, 0.5137 -0.4984 9.6457, 0.767 -0.0799 9.6457, 0.7854 0.043 9.6457, 0.7844 0.1672 9.6457, -0.7854 0.043 9.6457, -0.767 -0.0799 9.6457, -0.7294 -0.1983 9.6457, 0.7638 0.2897 9.6457, 0.7242 0.4074 9.6457, -0.6736 -0.3093 9.6457, -0.6011 -0.4102 9.6457, 0.0 0.0984 4.5276, 0.947 0.689 9.3157, 0.8084 0.689 9.4319, 0.6745 0.689 9.5366, -0.9394 0.689 9.3235, -0.8084 0.689 9.4319, -0.6745 0.689 9.5366
            ]
        }
        coordIndex [
            0,1,2,-1,2,3,0,-1,0,3,4,-1,0,4,5,-1,4,6,5,-1,5,6,7,-1,5,7,8,-1,7,9,8,-1,8,9,10,-1,8,10,11,-1,10,12,11,-1,11,12,13,-1,11,13,14,-1,13,15,14,-1,14,15,16,-1,14,16,17,-1,16,18,17,-1,17,18,19,-1,17,19,20,-1,19,21,20,-1,20,21,22,-1,20,22,23,-1,22,24,23,-1,23,24,25,-1,23,25,26,-1,25,27,26,-1,26,27,28,-1,26,28,29,-1,28,30,29,-1,29,30,31,-1,29,31,32,-1,31,33,32,-1,32,33,34,-1,32,34,35,-1,34,36,35,-1,35,36,37,-1,35,37,38,-1,37,39,38,-1,38,39,40,-1,38,40,41,-1,40,42,41,-1,41,42,43,-1,41,43,44,-1,43,45,44,-1,44,45,46,-1,44,46,47,-1,46,48,47,-1,47,48,49,-1,47,49,50,-1,49,51,50,-1,50,51,52,-1,50,52,53,-1,52,54,53,-1,53,54,55,-1,53,55,56,-1,55,57,56,-1,56,57,58,-1,56,58,59,-1,58,60,59,-1,59,60,61,-1,59,61,62,-1,61,63,62,-1,62,63,64,-1,62,64,65,-1,64,66,65,-1,65,66,67,-1,65,67,68,-1,67,69,68,-1,68,69,70,-1,68,70,71,-1,70,72,71,-1,71,72,73,-1,71,73,74,-1,73,75,74,-1,74,75,76,-1,74,76,77,-1,76,78,77,-1,77,78,79,-1,77,79,80,-1,79,81,80,-1,80,81,82,-1,80,82,83,-1,82,84,83,-1,83,84,85,-1,83,85,86,-1,85,87,86,-1,86,87,88,-1,86,88,89,-1,88,90,89,-1,89,90,91,-1,89,91,92,-1,91,93,92,-1,92,93,94,-1,92,94,95,-1,94,96,95,-1,95,96,97,-1,95,97,98,-1,97,99,98,-1,98,99,100,-1,98,100,101,-1,100,102,101,-1,101,102,103,-1,101,103,104,-1,103,105,104,-1,104,105,106,-1,104,106,107,-1,106,108,107,-1,107,108,109,-1,107,109,110,-1,109,111,110,-1,110,111,112,-1,110,112,113,-1,112,114,113,-1,113,114,115,-1,113,115,116,-1,115,117,116,-1,116,117,118,-1,116,118,119,-1,118,120,119,-1,119,120,121,-1,119,121,122,-1,121,123,122,-1,122,123,124,-1,122,124,1,-1,1,124,125,-1,1,125,2,-1,126,127,128,-1,128,127,129,-1,128,129,130,-1,130,129,131,-1,130,131,132,-1,133,134,135,-1,135,134,136,-1,135,136,137,-1,137,136,138,-1,137,138,126,-1,126,138,139,-1,126,139,127,-1,140,141,142,-1,142,141,143,-1,142,143,144,-1,144,143,145,-1,144,145,146,-1,146,145,147,-1,146,147,133,-1,133,147,148,-1,133,148,134,-1,149,150,151,-1,151,150,152,-1,151,152,153,-1,153,152,154,-1,153,154,140,-1,140,154,155,-1,140,155,141,-1,156,157,158,-1,158,157,159,-1,158,159,160,-1,160,159,161,-1,160,161,149,-1,149,161,162,-1,149,162,150,-1,163,164,165,-1,165,164,166,-1,165,166,167,-1,167,166,168,-1,167,168,156,-1,156,168,169,-1,156,169,157,-1,170,171,172,-1,172,171,173,-1,172,173,174,-1,174,173,175,-1,174,175,163,-1,163,175,176,-1,163,176,164,-1,177,178,179,-1,179,178,180,-1,179,180,181,-1,181,180,182,-1,181,182,170,-1,170,182,183,-1,170,183,171,-1,131,184,132,-1,132,184,185,-1,132,185,186,-1,186,185,187,-1,186,187,188,-1,188,187,189,-1,188,189,190,-1,189,191,190,-1,190,191,192,-1,190,192,193,-1,193,192,194,-1,193,194,195,-1,195,194,196,-1,195,196,197,-1,197,196,198,-1,197,198,177,-1,177,198,199,-1,177,199,178,-1,167,200,165,-1,165,200,201,-1,165,201,163,-1,163,201,202,-1,163,202,174,-1,174,202,203,-1,174,203,172,-1,172,203,204,-1,172,204,170,-1,170,204,205,-1,170,205,181,-1,181,205,206,-1,181,206,179,-1,179,206,207,-1,179,207,177,-1,177,207,208,-1,177,208,197,-1,197,208,209,-1,197,209,195,-1,195,209,210,-1,195,210,193,-1,193,210,211,-1,193,211,190,-1,190,211,212,-1,190,212,188,-1,188,212,213,-1,188,213,186,-1,186,213,214,-1,186,214,132,-1,132,214,215,-1,132,215,130,-1,130,215,216,-1,130,216,128,-1,128,216,217,-1,128,217,126,-1,126,217,218,-1,126,218,137,-1,137,218,219,-1,137,219,135,-1,135,219,220,-1,135,220,133,-1,133,220,221,-1,133,221,146,-1,146,221,222,-1,146,222,144,-1,144,222,223,-1,144,223,142,-1,142,223,224,-1,142,224,140,-1,140,224,225,-1,140,225,153,-1,153,225,226,-1,153,226,151,-1,151,226,227,-1,151,227,149,-1,149,227,228,-1,149,228,160,-1,160,228,229,-1,160,229,158,-1,158,229,230,-1,158,230,156,-1,156,230,231,-1,156,231,167,-1,167,231,200,-1,215,214,232,-1,215,232,216,-1,219,218,232,-1,232,218,217,-1,232,217,216,-1,222,221,232,-1,232,221,220,-1,232,220,219,-1,225,224,232,-1,232,224,223,-1,232,223,222,-1,228,227,232,-1,232,227,226,-1,232,226,225,-1,231,230,232,-1,232,230,229,-1,232,229,228,-1,202,201,232,-1,232,201,200,-1,232,200,231,-1,205,204,232,-1,232,204,203,-1,232,203,202,-1,208,207,232,-1,232,207,206,-1,232,206,205,-1,211,210,232,-1,232,210,209,-1,232,209,208,-1,214,213,232,-1,232,213,212,-1,232,212,211,-1,233,58,234,-1,234,58,57,-1,234,57,235,-1,235,57,55,-1,235,55,236,-1,55,54,236,-1,236,54,52,-1,236,52,237,-1,237,52,51,-1,237,51,238,-1,238,51,49,-1,238,49,239,-1,49,48,239,-1,239,48,46,-1,239,46,240,-1,240,46,45,-1,240,45,241,-1,241,45,43,-1,241,43,242,-1,43,42,242,-1,242,42,40,-1,242,40,243,-1,243,40,39,-1,243,39,244,-1,244,39,37,-1,244,37,245,-1,37,36,245,-1,245,36,34,-1,245,34,246,-1,246,34,33,-1,246,33,247,-1,33,31,247,-1,247,31,30,-1,247,30,248,-1,248,30,28,-1,248,28,249,-1,249,28,27,-1,249,27,250,-1,27,25,250,-1,250,25,24,-1,250,24,251,-1,251,24,22,-1,251,22,252,-1,252,22,21,-1,252,21,253,-1,253,21,19,-1,253,19,254,-1,19,18,254,-1,254,18,16,-1,254,16,255,-1,255,16,15,-1,255,15,256,-1,15,13,256,-1,256,13,12,-1,256,12,257,-1,257,12,10,-1,257,10,258,-1,258,10,9,-1,258,9,259,-1,9,7,259,-1,259,7,6,-1,259,6,260,-1,260,6,4,-1,260,4,261,-1,261,4,3,-1,261,3,262,-1,262,3,2,-1,262,2,263,-1,2,125,263,-1,263,125,124,-1,263,124,264,-1,264,124,123,-1,264,123,265,-1,265,123,121,-1,265,121,266,-1,121,120,266,-1,266,120,118,-1,266,118,267,-1,267,118,117,-1,267,117,268,-1,268,117,115,-1,268,115,269,-1,115,114,269,-1,269,114,112,-1,269,112,270,-1,270,112,111,-1,270,111,271,-1,271,111,109,-1,271,109,272,-1,109,108,272,-1,272,108,106,-1,272,106,273,-1,273,106,105,-1,273,105,274,-1,105,103,274,-1,274,103,102,-1,274,102,275,-1,275,102,100,-1,275,100,276,-1,276,100,99,-1,276,99,277,-1,277,99,97,-1,277,97,278,-1,97,96,278,-1,278,96,94,-1,278,94,279,-1,279,94,93,-1,279,93,280,-1,280,93,91,-1,280,91,281,-1,91,90,281,-1,281,90,88,-1,281,88,282,-1,282,88,87,-1,282,87,283,-1,87,85,283,-1,283,85,84,-1,283,84,284,-1,284,84,82,-1,284,82,285,-1,285,82,81,-1,285,81,286,-1,81,79,286,-1,286,79,78,-1,286,78,287,-1,287,78,76,-1,287,76,288,-1,288,76,75,-1,288,75,289,-1,75,73,289,-1,289,73,72,-1,289,72,290,-1,290,72,70,-1,290,70,291,-1,291,70,69,-1,291,69,292,-1,69,67,292,-1,292,67,66,-1,292,66,293,-1,293,66,64,-1,293,64,294,-1,294,64,63,-1,294,63,295,-1,295,63,61,-1,295,61,233,-1,233,61,60,-1,233,60,58,-1,293,296,292,-1,292,296,297,-1,292,297,291,-1,291,297,298,-1,291,298,290,-1,290,298,299,-1,290,299,289,-1,289,299,300,-1,289,300,288,-1,288,300,301,-1,288,301,287,-1,287,301,302,-1,287,302,286,-1,286,302,303,-1,286,303,285,-1,285,303,304,-1,285,304,284,-1,284,304,305,-1,284,305,283,-1,283,305,306,-1,283,306,282,-1,282,306,307,-1,282,307,281,-1,281,307,308,-1,281,308,280,-1,280,308,309,-1,280,309,279,-1,279,309,310,-1,279,310,278,-1,278,310,311,-1,278,311,277,-1,277,311,312,-1,277,312,276,-1,276,312,313,-1,276,313,275,-1,275,313,314,-1,275,314,274,-1,274,314,315,-1,274,315,273,-1,273,315,316,-1,273,316,272,-1,272,316,317,-1,272,317,271,-1,271,317,318,-1,271,318,270,-1,270,318,319,-1,270,319,269,-1,269,319,320,-1,269,320,268,-1,268,320,321,-1,268,321,267,-1,267,321,322,-1,267,322,266,-1,266,322,323,-1,266,323,265,-1,265,323,324,-1,265,324,264,-1,264,324,325,-1,264,325,263,-1,263,325,326,-1,263,326,262,-1,262,326,327,-1,262,327,261,-1,261,327,328,-1,261,328,260,-1,260,328,329,-1,260,329,259,-1,259,329,330,-1,259,330,258,-1,258,330,331,-1,258,331,257,-1,257,331,332,-1,257,332,256,-1,256,332,333,-1,256,333,255,-1,255,333,334,-1,255,334,254,-1,254,334,335,-1,254,335,253,-1,253,335,336,-1,253,336,252,-1,252,336,337,-1,252,337,251,-1,251,337,338,-1,251,338,250,-1,250,338,339,-1,250,339,249,-1,249,339,340,-1,249,340,248,-1,248,340,341,-1,248,341,247,-1,247,341,342,-1,247,342,246,-1,246,342,343,-1,246,343,245,-1,245,343,344,-1,245,344,244,-1,244,344,345,-1,244,345,243,-1,243,345,346,-1,243,346,242,-1,242,346,347,-1,242,347,241,-1,241,347,348,-1,241,348,240,-1,240,348,349,-1,240,349,239,-1,239,349,350,-1,239,350,238,-1,238,350,351,-1,238,351,237,-1,237,351,352,-1,237,352,236,-1,236,352,353,-1,236,353,235,-1,235,353,354,-1,235,354,234,-1,234,354,355,-1,234,355,233,-1,233,355,356,-1,233,356,295,-1,295,356,357,-1,295,357,294,-1,294,357,358,-1,294,358,293,-1,293,358,296,-1,296,359,297,-1,297,359,360,-1,297,360,298,-1,298,360,361,-1,298,361,299,-1,299,361,362,-1,299,362,300,-1,300,362,363,-1,300,363,301,-1,301,363,364,-1,301,364,302,-1,302,364,365,-1,302,365,303,-1,303,365,366,-1,303,366,304,-1,304,366,367,-1,304,367,305,-1,305,367,368,-1,305,368,306,-1,306,368,369,-1,306,369,307,-1,307,369,370,-1,307,370,308,-1,308,370,371,-1,308,371,309,-1,309,371,372,-1,309,372,310,-1,310,372,373,-1,310,373,311,-1,311,373,374,-1,311,374,312,-1,312,374,375,-1,312,375,313,-1,313,375,376,-1,313,376,314,-1,314,376,377,-1,314,377,315,-1,315,377,378,-1,315,378,316,-1,316,378,379,-1,316,379,317,-1,317,379,380,-1,317,380,318,-1,318,380,381,-1,318,381,319,-1,319,381,382,-1,319,382,320,-1,320,382,383,-1,320,383,321,-1,321,383,384,-1,321,384,322,-1,322,384,385,-1,322,385,323,-1,323,385,386,-1,323,386,324,-1,324,386,387,-1,324,387,325,-1,325,387,388,-1,325,388,326,-1,326,388,389,-1,326,389,327,-1,327,389,390,-1,327,390,328,-1,328,390,391,-1,328,391,329,-1,329,391,392,-1,329,392,330,-1,330,392,393,-1,330,393,331,-1,331,393,394,-1,331,394,332,-1,332,394,395,-1,332,395,333,-1,333,395,396,-1,333,396,334,-1,334,396,397,-1,334,397,335,-1,335,397,398,-1,335,398,336,-1,336,398,399,-1,336,399,337,-1,337,399,400,-1,337,400,338,-1,338,400,401,-1,338,401,339,-1,339,401,402,-1,339,402,340,-1,340,402,403,-1,340,403,341,-1,341,403,404,-1,341,404,342,-1,342,404,405,-1,342,405,343,-1,343,405,406,-1,343,406,344,-1,344,406,407,-1,344,407,345,-1,345,407,408,-1,345,408,346,-1,346,408,409,-1,346,409,347,-1,347,409,410,-1,347,410,348,-1,348,410,411,-1,348,411,349,-1,349,411,412,-1,349,412,350,-1,350,412,413,-1,350,413,351,-1,351,413,414,-1,351,414,352,-1,352,414,415,-1,352,415,353,-1,353,415,416,-1,353,416,354,-1,354,416,417,-1,354,417,355,-1,355,417,418,-1,355,418,356,-1,356,418,419,-1,356,419,357,-1,357,419,420,-1,357,420,358,-1,358,420,421,-1,358,421,296,-1,296,421,359,-1,359,422,360,-1,360,422,423,-1,360,423,361,-1,361,423,424,-1,361,424,362,-1,362,424,425,-1,362,425,363,-1,363,425,426,-1,363,426,364,-1,364,426,427,-1,364,427,365,-1,365,427,428,-1,365,428,366,-1,366,428,429,-1,366,429,367,-1,367,429,430,-1,367,430,368,-1,368,430,431,-1,368,431,369,-1,369,431,432,-1,369,432,370,-1,370,432,433,-1,370,433,371,-1,371,433,434,-1,371,434,372,-1,372,434,435,-1,372,435,373,-1,373,435,436,-1,373,436,374,-1,374,436,437,-1,374,437,375,-1,375,437,438,-1,375,438,376,-1,376,438,439,-1,376,439,377,-1,377,439,440,-1,377,440,378,-1,378,440,441,-1,378,441,379,-1,379,441,442,-1,379,442,380,-1,380,442,443,-1,380,443,381,-1,381,443,444,-1,381,444,382,-1,382,444,445,-1,382,445,383,-1,383,445,446,-1,383,446,384,-1,384,446,447,-1,384,447,385,-1,385,447,448,-1,385,448,386,-1,386,448,449,-1,386,449,387,-1,387,449,450,-1,387,450,388,-1,388,450,451,-1,388,451,389,-1,389,451,452,-1,389,452,390,-1,390,452,453,-1,390,453,391,-1,391,453,454,-1,391,454,392,-1,392,454,455,-1,392,455,393,-1,393,455,456,-1,393,456,394,-1,394,456,457,-1,394,457,395,-1,395,457,458,-1,395,458,396,-1,396,458,459,-1,396,459,397,-1,397,459,460,-1,397,460,398,-1,398,460,461,-1,398,461,399,-1,399,461,462,-1,399,462,400,-1,400,462,463,-1,400,463,401,-1,401,463,464,-1,401,464,402,-1,402,464,465,-1,402,465,403,-1,403,465,466,-1,403,466,404,-1,404,466,467,-1,404,467,405,-1,405,467,468,-1,405,468,406,-1,406,468,469,-1,406,469,407,-1,407,469,470,-1,407,470,408,-1,408,470,471,-1,408,471,409,-1,409,471,472,-1,409,472,410,-1,410,472,473,-1,410,473,411,-1,411,473,474,-1,411,474,412,-1,412,474,475,-1,412,475,413,-1,413,475,476,-1,413,476,414,-1,414,476,477,-1,414,477,415,-1,415,477,478,-1,415,478,416,-1,416,478,479,-1,416,479,417,-1,417,479,480,-1,417,480,418,-1,418,480,481,-1,418,481,419,-1,419,481,482,-1,419,482,420,-1,420,482,483,-1,420,483,421,-1,421,483,484,-1,421,484,359,-1,359,484,422,-1,422,485,423,-1,423,485,486,-1,423,486,424,-1,424,486,487,-1,424,487,425,-1,425,487,488,-1,425,488,426,-1,426,488,489,-1,426,489,427,-1,427,489,490,-1,427,490,428,-1,428,490,491,-1,428,491,429,-1,429,491,492,-1,429,492,430,-1,430,492,493,-1,430,493,431,-1,431,493,494,-1,431,494,432,-1,432,494,495,-1,432,495,433,-1,433,495,496,-1,433,496,434,-1,434,496,497,-1,434,497,435,-1,435,497,498,-1,435,498,436,-1,436,498,499,-1,436,499,437,-1,437,499,500,-1,437,500,438,-1,438,500,501,-1,438,501,439,-1,439,501,502,-1,439,502,440,-1,440,502,503,-1,440,503,441,-1,441,503,504,-1,441,504,442,-1,442,504,505,-1,442,505,443,-1,443,505,506,-1,443,506,444,-1,444,506,507,-1,444,507,445,-1,445,507,508,-1,445,508,446,-1,446,508,509,-1,446,509,447,-1,447,509,510,-1,447,510,448,-1,448,510,511,-1,448,511,449,-1,449,511,512,-1,449,512,450,-1,450,512,513,-1,450,513,451,-1,451,513,514,-1,451,514,452,-1,452,514,515,-1,452,515,453,-1,453,515,516,-1,453,516,454,-1,454,516,517,-1,454,517,455,-1,455,517,518,-1,455,518,456,-1,456,518,519,-1,456,519,457,-1,457,519,520,-1,457,520,458,-1,458,520,521,-1,458,521,459,-1,459,521,522,-1,459,522,460,-1,460,522,523,-1,460,523,461,-1,461,523,524,-1,461,524,462,-1,462,524,525,-1,462,525,463,-1,463,525,526,-1,463,526,464,-1,464,526,527,-1,464,527,465,-1,465,527,528,-1,465,528,466,-1,466,528,529,-1,466,529,467,-1,467,529,530,-1,467,530,468,-1,468,530,531,-1,468,531,469,-1,469,531,532,-1,469,532,470,-1,470,532,533,-1,470,533,471,-1,471,533,534,-1,471,534,472,-1,472,534,535,-1,472,535,473,-1,473,535,536,-1,473,536,474,-1,474,536,537,-1,474,537,475,-1,475,537,538,-1,475,538,476,-1,476,538,539,-1,476,539,477,-1,477,539,540,-1,477,540,478,-1,478,540,541,-1,478,541,479,-1,479,541,542,-1,479,542,480,-1,480,542,543,-1,480,543,481,-1,481,543,544,-1,481,544,482,-1,482,544,545,-1,482,545,483,-1,483,545,546,-1,483,546,484,-1,484,546,547,-1,484,547,422,-1,422,547,485,-1,485,548,486,-1,486,548,549,-1,486,549,487,-1,487,549,550,-1,487,550,488,-1,488,550,551,-1,488,551,489,-1,489,551,552,-1,489,552,490,-1,490,552,553,-1,490,553,491,-1,491,553,554,-1,491,554,492,-1,492,554,555,-1,492,555,493,-1,493,555,556,-1,493,556,494,-1,494,556,557,-1,494,557,495,-1,495,557,558,-1,495,558,496,-1,496,558,559,-1,496,559,497,-1,497,559,560,-1,497,560,498,-1,498,560,561,-1,498,561,499,-1,499,561,562,-1,499,562,500,-1,500,562,563,-1,500,563,501,-1,501,563,564,-1,501,564,502,-1,502,564,565,-1,502,565,503,-1,503,565,566,-1,503,566,504,-1,504,566,567,-1,504,567,505,-1,505,567,568,-1,505,568,506,-1,506,568,569,-1,506,569,507,-1,507,569,570,-1,507,570,508,-1,508,570,571,-1,508,571,509,-1,509,571,572,-1,509,572,510,-1,510,572,573,-1,510,573,511,-1,511,573,574,-1,511,574,512,-1,512,574,575,-1,512,575,513,-1,513,575,576,-1,513,576,514,-1,514,576,577,-1,514,577,515,-1,515,577,578,-1,515,578,516,-1,516,578,579,-1,516,579,517,-1,517,579,580,-1,517,580,518,-1,518,580,581,-1,518,581,519,-1,519,581,582,-1,519,582,520,-1,520,582,583,-1,520,583,521,-1,521,583,584,-1,521,584,522,-1,522,584,585,-1,522,585,523,-1,523,585,586,-1,523,586,524,-1,524,586,587,-1,524,587,525,-1,525,587,588,-1,525,588,526,-1,526,588,589,-1,526,589,527,-1,527,589,590,-1,527,590,528,-1,528,590,591,-1,528,591,529,-1,529,591,592,-1,529,592,530,-1,530,592,593,-1,530,593,531,-1,531,593,594,-1,531,594,532,-1,532,594,595,-1,532,595,533,-1,533,595,596,-1,533,596,534,-1,534,596,597,-1,534,597,535,-1,535,597,598,-1,535,598,536,-1,536,598,599,-1,536,599,537,-1,537,599,600,-1,537,600,538,-1,538,600,601,-1,538,601,539,-1,539,601,602,-1,539,602,540,-1,540,602,603,-1,540,603,541,-1,541,603,604,-1,541,604,542,-1,542,604,605,-1,542,605,543,-1,543,605,606,-1,543,606,544,-1,544,606,607,-1,544,607,545,-1,545,607,608,-1,545,608,546,-1,546,608,609,-1,546,609,547,-1,547,609,610,-1,547,610,485,-1,485,610,548,-1,1,166,122,-1,122,166,164,-1,122,164,119,-1,119,164,176,-1,119,176,116,-1,116,176,175,-1,116,175,113,-1,113,175,173,-1,113,173,110,-1,110,173,171,-1,110,171,107,-1,107,171,183,-1,107,183,104,-1,104,183,182,-1,104,182,101,-1,101,182,180,-1,101,180,98,-1,98,180,178,-1,98,178,95,-1,95,178,199,-1,95,199,92,-1,92,199,198,-1,92,198,89,-1,89,198,196,-1,89,196,86,-1,86,196,194,-1,86,194,83,-1,83,194,192,-1,83,192,80,-1,80,192,191,-1,80,191,77,-1,77,191,189,-1,77,189,74,-1,74,189,187,-1,74,187,71,-1,71,187,185,-1,71,185,68,-1,68,185,184,-1,68,184,65,-1,65,184,131,-1,65,131,62,-1,62,131,129,-1,62,129,59,-1,59,129,127,-1,59,127,56,-1,56,127,139,-1,56,139,53,-1,53,139,138,-1,53,138,50,-1,50,138,136,-1,50,136,47,-1,47,136,134,-1,47,134,44,-1,44,134,148,-1,44,148,41,-1,41,148,147,-1,41,147,38,-1,38,147,145,-1,38,145,35,-1,35,145,143,-1,35,143,32,-1,32,143,141,-1,32,141,29,-1,29,141,155,-1,29,155,26,-1,26,155,154,-1,26,154,23,-1,23,154,152,-1,23,152,20,-1,20,152,150,-1,20,150,17,-1,17,150,162,-1,17,162,14,-1,14,162,161,-1,14,161,11,-1,11,161,159,-1,11,159,8,-1,8,159,157,-1,8,157,5,-1,5,157,169,-1,5,169,0,-1,0,169,168,-1,0,168,1,-1,1,168,166,-1,611,612,613,-1,614,615,616,-1,616,615,617,-1,616,617,618,-1,618,617,619,-1,618,619,620,-1,620,619,621,-1,620,621,622,-1,622,621,623,-1,622,623,624,-1,624,623,625,-1,624,625,626,-1,626,625,627,-1,626,627,628,-1,628,627,629,-1,628,629,630,-1,630,629,631,-1,630,631,632,-1,632,631,633,-1,632,633,634,-1,634,633,635,-1,634,635,636,-1,636,635,611,-1,636,611,637,-1,637,611,613,-1,638,639,614,-1,614,639,640,-1,614,640,615,-1,641,642,643,-1,643,642,168,-1,641,643,644,-1,644,643,645,-1,644,645,646,-1,646,645,647,-1,647,645,648,-1,647,648,649,-1,649,648,650,-1,650,648,651,-1,650,651,652,-1,652,651,653,-1,653,651,654,-1,653,654,655,-1,655,654,656,-1,656,654,657,-1,656,657,658,-1,658,657,659,-1,659,657,660,-1,659,660,661,-1,661,660,662,-1,662,660,663,-1,662,663,664,-1,664,663,665,-1,665,663,666,-1,665,666,667,-1,667,666,668,-1,668,666,669,-1,668,669,670,-1,670,669,671,-1,671,669,672,-1,671,672,673,-1,673,672,674,-1,674,672,675,-1,674,675,676,-1,676,675,677,-1,677,675,678,-1,677,678,679,-1,679,678,680,-1,680,678,681,-1,680,681,682,-1,682,681,683,-1,683,681,684,-1,683,684,685,-1,685,684,686,-1,686,684,687,-1,686,687,688,-1,688,687,689,-1,689,687,690,-1,689,690,691,-1,691,690,692,-1,692,690,693,-1,692,693,694,-1,694,693,695,-1,695,693,696,-1,695,696,697,-1,697,696,698,-1,698,696,131,-1,698,131,699,-1,699,131,700,-1,700,131,701,-1,700,701,702,-1,702,701,703,-1,703,701,704,-1,703,704,705,-1,705,704,706,-1,706,704,613,-1,706,613,707,-1,707,613,612,-1,707,612,708,-1,709,639,710,-1,710,639,638,-1,710,638,711,-1,711,638,712,-1,713,714,712,-1,712,714,715,-1,712,715,711,-1,642,716,168,-1,168,716,717,-1,168,717,713,-1,713,717,718,-1,713,718,714,-1,719,720,721,-1,721,720,722,-1,721,722,723,-1,724,725,726,-1,727,728,726,-1,726,728,729,-1,726,729,730,-1,725,731,726,-1,726,731,732,-1,726,732,733,-1,734,735,736,-1,727,726,722,-1,722,726,737,-1,722,737,738,-1,733,739,726,-1,726,739,734,-1,726,734,740,-1,740,734,736,-1,738,741,722,-1,722,741,742,-1,722,742,743,-1,730,744,726,-1,726,744,745,-1,726,745,746,-1,743,747,722,-1,722,747,748,-1,722,748,723,-1,746,749,726,-1,726,749,750,-1,726,750,724,-1,131,696,751,-1,613,704,751,-1,751,704,701,-1,751,701,131,-1,634,636,751,-1,751,636,637,-1,751,637,613,-1,628,630,751,-1,751,630,632,-1,751,632,634,-1,622,624,751,-1,751,624,626,-1,751,626,628,-1,616,618,751,-1,751,618,620,-1,751,620,622,-1,712,638,751,-1,751,638,614,-1,751,614,616,-1,643,168,751,-1,751,168,713,-1,751,713,712,-1,651,648,751,-1,751,648,645,-1,751,645,643,-1,660,657,751,-1,751,657,654,-1,751,654,651,-1,669,666,751,-1,751,666,663,-1,751,663,660,-1,678,675,751,-1,751,675,672,-1,751,672,669,-1,687,684,751,-1,751,684,681,-1,751,681,678,-1,696,693,751,-1,751,693,690,-1,751,690,687,-1,640,639,611,-1,611,639,612,-1,611,635,640,-1,640,635,633,-1,640,633,631,-1,631,629,640,-1,640,629,627,-1,640,627,625,-1,621,619,617,-1,625,623,640,-1,640,623,621,-1,640,621,615,-1,615,621,617,-1,708,612,752,-1,752,612,639,-1,752,639,753,-1,753,639,754,-1,709,755,639,-1,639,755,756,-1,639,756,757,-1,757,720,639,-1,639,720,719,-1,639,719,754,-1,757,722,720,-1,719,721,754,-1,707,708,752,-1,754,721,753,-1,753,721,723,-1,753,723,752,-1,752,723,748,-1,752,748,707,-1,728,727,710,-1,710,727,755,-1,710,755,709,-1,722,757,727,-1,727,757,756,-1,727,756,755,-1,710,711,728,-1,728,711,715,-1,728,715,729,-1,715,714,729,-1,729,714,718,-1,729,718,730,-1,718,717,730,-1,730,717,716,-1,730,716,744,-1,716,642,744,-1,744,642,641,-1,744,641,745,-1,641,644,745,-1,745,644,646,-1,745,646,746,-1,646,647,746,-1,746,647,649,-1,746,649,749,-1,649,650,749,-1,749,650,652,-1,749,652,750,-1,652,653,750,-1,750,653,655,-1,750,655,724,-1,655,656,724,-1,724,656,658,-1,724,658,725,-1,658,659,725,-1,725,659,661,-1,725,661,731,-1,661,662,731,-1,731,662,664,-1,731,664,732,-1,664,665,732,-1,732,665,667,-1,732,667,733,-1,667,668,733,-1,733,668,670,-1,733,670,739,-1,670,671,739,-1,739,671,673,-1,739,673,734,-1,673,674,734,-1,734,674,676,-1,734,676,735,-1,676,677,735,-1,735,677,679,-1,735,679,736,-1,679,680,736,-1,736,680,682,-1,736,682,740,-1,682,683,740,-1,740,683,685,-1,740,685,726,-1,685,686,726,-1,726,686,688,-1,726,688,737,-1,688,689,737,-1,737,689,691,-1,737,691,738,-1,691,692,738,-1,738,692,694,-1,738,694,741,-1,694,695,741,-1,741,695,697,-1,741,697,742,-1,697,698,742,-1,742,698,699,-1,742,699,743,-1,699,700,743,-1,743,700,702,-1,743,702,747,-1,702,703,747,-1,747,703,705,-1,747,705,748,-1,748,705,706,-1,748,706,707,-1,
        ]
    }
}