#VRML V2.0 utf8
# 3D model generated by kicad-lcsc-manager
# Based on easyeda2kicad.py v1.0.1

Shape{
    appearance Appearance {
        material  Material {
            diffuseColor 0.8509803921568627 0.8509803921568627 0.8509803921568627
            specularColor 0.7529411764705882 0.7529411764705882 0.7529411764705882
            ambientIntensity 1.0
            transparency 1.0
            shininess 0.5
        }
    }
    geometry IndexedFaceSet {
        ccw TRUE
        solid FALSE
        coord DEF co Coordinate {
            point [
                -0.3937 0.0259 1.7245, -0.3937 0.0147 1.7445, -1.0236 0.0259 1.7245, -0.3937 0.0066 1.7659, -1.0236 0.0147 1.7445, -1.0236 0.0066 1.7659, -1.0236 0.0398 1.7063, -0.3937 0.0016 1.7882, -0.3937 -0.0 1.811, -1.0236 -0.0 1.811, -1.0236 0.0016 1.7882, -0.3937 0.0398 1.7063, -0.3937 0.0562 1.6904, -1.0236 0.0562 1.6904, -1.0236 0.0748 1.677, -0.3937 0.0748 1.677, -1.0236 0.0951 1.6664, -0.3937 0.0951 1.6664, -1.0236 0.1167 1.6589, -0.3937 0.1167 1.6589, -0.6586 0.5264 0.8789, -0.6349 0.5515 0.8819, -0.6586 0.548 0.89, -0.6127 0.4731 0.7788, -0.5924 0.4946 0.792, -0.6127 0.4809 0.7986, -0.6226 0.5609 0.879, -0.6355 0.5633 0.8867, -0.6492 0.5654 0.8932, -0.6106 0.558 0.8699, -0.6127 0.5374 0.8609, -0.6834 0.5459 0.895, -0.7087 0.5445 0.8964, -0.6834 0.5236 0.8835, -0.6635 0.567 0.8983, -0.6684 0.4807 0.6256, -0.6586 0.4704 0.6447, -0.6834 0.4658 0.6418, -0.6349 0.531 0.8713, -0.7087 0.5215 0.8843, -0.6834 0.5032 0.8689, -0.5924 0.5298 0.8368, -0.5924 0.5453 0.8479, -0.6127 0.5201 0.8485, -0.6934 0.5689 0.9042, -0.6783 0.5682 0.902, -0.7087 0.5691 0.905, -0.6127 0.5047 0.8338, -0.5924 0.5159 0.8236, -0.6349 0.5123 0.8579, -0.7087 0.4457 0.786, -0.6834 0.442 0.7624, -0.6834 0.4479 0.7868, -0.6127 0.4915 0.817, -0.6349 0.4956 0.842, -0.5924 0.5042 0.8085, -0.5745 0.5191 0.7985, -0.6349 0.4814 0.8238, -0.6127 0.4662 0.7369, -0.6127 0.4673 0.7156, -0.5924 0.4814 0.7365, -0.7087 0.4643 0.6407, -0.6883 0.4795 0.6216, -0.7087 0.4791 0.6203, -0.6492 0.4828 0.6321, -0.6834 0.4542 0.6641, -0.6586 0.4591 0.6662, -0.7087 0.4443 0.6867, -0.6834 0.4459 0.6877, -0.6834 0.441 0.7123, -0.6586 0.4511 0.6891, -0.6349 0.454 0.7371, -0.6349 0.4552 0.7141, -0.6834 0.4397 0.7374, -0.7087 0.4393 0.7114, -0.6349 0.4615 0.7824, -0.6349 0.4561 0.76, -0.5924 0.4831 0.7556, -0.6127 0.4681 0.7581, -0.6349 0.47 0.8039, -0.7087 0.44 0.7615, -0.7087 0.5004 0.869, -0.6834 0.4851 0.8516, -0.5996 0.5548 0.8598, -0.6586 0.5066 0.8648, -0.5897 0.5513 0.8487, -0.5811 0.5475 0.8366, -0.7087 0.4825 0.8514, -0.6834 0.4696 0.8318, -0.6586 0.4891 0.8479, -0.5739 0.5434 0.8238, -0.5745 0.5293 0.8115, -0.568 0.5392 0.8104, -0.7087 0.4672 0.8314, -0.6834 0.4571 0.8101, -0.6586 0.4741 0.8288, -0.5636 0.5348 0.7964, -0.7087 0.4548 0.8095, -0.6586 0.462 0.8077, -0.5745 0.5108 0.7842, -0.5608 0.5303 0.7821, -0.6349 0.4673 0.6697, -0.6127 0.4785 0.6746, -0.6127 0.4714 0.6947, -0.6586 0.453 0.7851, -0.5924 0.4876 0.7742, -0.5745 0.5047 0.7688, -0.5595 0.5257 0.7677, -0.6586 0.4473 0.7615, -0.5745 0.5009 0.7527, -0.5597 0.5211 0.7531, -0.7087 0.4379 0.7365, -0.6586 0.4451 0.7373, -0.5625 0.515 0.7338, -0.5924 0.4861 0.6987, -0.5924 0.4824 0.7174, -0.6586 0.4464 0.713, -0.5745 0.4993 0.7362, -0.5745 0.5002 0.7197, -0.6349 0.4596 0.6915, -0.5761 0.5034 0.6972, -0.568 0.509 0.7151, -0.7087 0.4527 0.663, -0.5924 0.4924 0.6806, -0.6349 0.4779 0.6493, -0.6144 0.4892 0.6523, -0.5995 0.4934 0.6655, -0.5867 0.4981 0.6806, -0.6311 0.4856 0.641, -0.6409 0.5501 0.7042, -0.653 0.5436 0.6953, -0.653 0.5374 0.7103, -0.6703 0.5353 0.6908, -0.6703 0.5283 0.7075, -0.635 0.553 0.7135, -0.6563 0.5451 0.6885, -0.6481 0.5474 0.6959, -0.6656 0.5431 0.6823, -0.6756 0.5416 0.6773, -0.6863 0.5404 0.6737, -0.6891 0.5302 0.688, -0.6973 0.5397 0.6715, -0.7087 0.5311 0.6825, -0.7087 0.5395 0.6708, -0.6703 0.5248 0.7253, -0.6379 0.5469 0.7274, -0.6379 0.547 0.7411, -0.6275 0.5594 0.7337, -0.635 0.576 0.7862, -0.6379 0.563 0.7783, -0.653 0.5651 0.7978, -0.6703 0.5286 0.7612, -0.653 0.5343 0.7425, -0.6703 0.5249 0.7435, -0.653 0.5342 0.7262, -0.6259 0.5628 0.7444, -0.6379 0.5498 0.7545, -0.6379 0.5552 0.7671, -0.6259 0.5662 0.7552, -0.648 0.5816 0.8038, -0.6409 0.5789 0.7954, -0.653 0.5788 0.8065, -0.6891 0.5307 0.7807, -0.6891 0.5231 0.763, -0.6703 0.5593 0.8053, -0.6703 0.5746 0.815, -0.6275 0.5696 0.7659, -0.653 0.5533 0.7866, -0.6703 0.5461 0.7928, -0.6891 0.5417 0.7965, -0.6703 0.5358 0.7779, -0.6891 0.5557 0.8099, -0.653 0.5441 0.7733, -0.6891 0.572 0.8202, -0.7087 0.5552 0.812, -0.7087 0.5716 0.8222, -0.7087 0.5895 0.8289, -0.6973 0.5893 0.8282, -0.6891 0.5228 0.7058, -0.7087 0.5244 0.6954, -0.6305 0.5561 0.7234, -0.7087 0.5198 0.7091, -0.6891 0.519 0.7248, -0.7087 0.5168 0.728, -0.6891 0.5191 0.7441, -0.7087 0.5175 0.7472, -0.653 0.5377 0.7583, -0.7087 0.522 0.7659, -0.6305 0.5729 0.7763, -0.7087 0.53 0.7834, -0.6563 0.5839 0.8112, -0.7087 0.5412 0.7989, -0.6756 0.5874 0.8224, -0.6655 0.5859 0.8174, -0.6862 0.5886 0.826, -0.7764 0.5789 0.7955, -0.7643 0.5788 0.8065, -0.7643 0.5651 0.7978, -0.7643 0.5441 0.7733, -0.7471 0.5358 0.7779, -0.7643 0.5377 0.7583, -0.7471 0.5353 0.6908, -0.7283 0.5302 0.688, -0.7417 0.5416 0.6773, -0.761 0.5839 0.8112, -0.7471 0.5746 0.815, -0.7417 0.5874 0.8224, -0.731 0.5886 0.826, -0.7283 0.572 0.8202, -0.7643 0.5533 0.7866, -0.7471 0.5593 0.8053, -0.72 0.5893 0.8282, -0.7517 0.5859 0.8174, -0.7283 0.5557 0.8099, -0.7283 0.5307 0.7807, -0.7283 0.5417 0.7965, -0.7471 0.5461 0.7928, -0.7794 0.5552 0.7671, -0.7899 0.5696 0.766, -0.7794 0.563 0.7783, -0.7794 0.547 0.7411, -0.7643 0.5343 0.7425, -0.7283 0.5231 0.763, -0.7643 0.5342 0.7262, -0.7794 0.5469 0.7274, -0.7283 0.5191 0.7441, -0.7283 0.519 0.7248, -0.7471 0.5248 0.7253, -0.7643 0.5374 0.7103, -0.7471 0.5283 0.7075, -0.7643 0.5436 0.6953, -0.7283 0.5228 0.7058, -0.761 0.5451 0.6885, -0.7518 0.5431 0.6823, -0.7311 0.5404 0.6737, -0.72 0.5397 0.6715, -0.7764 0.5501 0.7043, -0.7693 0.5474 0.6959, -0.7823 0.553 0.7135, -0.7868 0.5561 0.7234, -0.7471 0.5249 0.7435, -0.7899 0.5594 0.7338, -0.7794 0.5498 0.7545, -0.7471 0.5286 0.7612, -0.7914 0.5628 0.7445, -0.7914 0.5662 0.7553, -0.7823 0.576 0.7863, -0.7868 0.5729 0.7764, -0.7693 0.5816 0.8038, -0.7339 0.5459 0.895, -0.729 0.5687 0.9036, -0.7489 0.5674 0.8997, -0.7824 0.4956 0.842, -0.8047 0.5201 0.8485, -0.8047 0.5047 0.8338, -0.7587 0.548 0.89, -0.7862 0.5626 0.8843, -0.7824 0.5515 0.8819, -0.7681 0.5654 0.8932, -0.8306 0.5501 0.8448, -0.8412 0.5448 0.8282, -0.8249 0.5298 0.8368, -0.8028 0.559 0.8731, -0.8177 0.5548 0.8598, -0.8047 0.5374 0.8609, -0.7824 0.531 0.8713, -0.7824 0.5123 0.8579, -0.7587 0.5066 0.8648, -0.8047 0.4915 0.817, -0.7824 0.4814 0.8238, -0.8047 0.4662 0.7369, -0.8047 0.4673 0.7156, -0.7824 0.4552 0.7141, -0.7824 0.4615 0.7824, -0.8047 0.4809 0.7986, -0.8047 0.4731 0.7788, -0.7587 0.4464 0.713, -0.7824 0.454 0.7371, -0.7587 0.4451 0.7373, -0.7824 0.4561 0.76, -0.7339 0.441 0.7123, -0.7339 0.4397 0.7374, -0.7339 0.4459 0.6877, -0.7339 0.4542 0.6641, -0.7587 0.4511 0.6891, -0.8047 0.4714 0.6947, -0.7824 0.4673 0.6697, -0.7824 0.4596 0.6915, -0.8047 0.4681 0.7581, -0.7339 0.4658 0.6418, -0.7291 0.4795 0.6216, -0.7824 0.47 0.8039, -0.7587 0.4473 0.7615, -0.8428 0.5191 0.7985, -0.8548 0.5333 0.7916, -0.8428 0.5108 0.7842, -0.7587 0.453 0.7851, -0.7587 0.4891 0.8479, -0.8428 0.5293 0.8115, -0.7587 0.5264 0.8789, -0.7339 0.5236 0.8835, -0.7339 0.5032 0.8689, -0.8493 0.5392 0.8104, -0.8428 0.5009 0.7527, -0.8548 0.5149 0.7337, -0.8428 0.4993 0.7362, -0.8576 0.5272 0.7724, -0.8428 0.5047 0.7688, -0.7339 0.4851 0.8516, -0.8249 0.5159 0.8236, -0.7587 0.4741 0.8288, -0.8249 0.5042 0.8085, -0.7339 0.4696 0.8318, -0.7587 0.462 0.8077, -0.8249 0.4946 0.792, -0.7339 0.4571 0.8101, -0.8576 0.521 0.753, -0.8249 0.4876 0.7742, -0.7339 0.4479 0.7868, -0.8249 0.4831 0.7556, -0.7339 0.442 0.7624, -0.8428 0.5002 0.7197, -0.8249 0.4814 0.7365, -0.8494 0.509 0.7151, -0.8249 0.4861 0.6987, -0.8047 0.4785 0.6746, -0.8249 0.4824 0.7174, -0.8413 0.5034 0.6973, -0.8307 0.4981 0.6806, -0.8249 0.4924 0.6806, -0.7587 0.4704 0.6447, -0.7587 0.4591 0.6662, -0.8178 0.4934 0.6655, -0.8029 0.4892 0.6523, -0.7824 0.4779 0.6493, -0.7863 0.4856 0.6411, -0.7682 0.4828 0.6321, -0.749 0.4807 0.6256, -0.6934 0.5634 0.6335, -0.7087 0.5631 0.6325, -0.7087 0.5527 0.6525, -0.6735 0.572 0.6159, -0.6682 0.5766 0.5945, -0.6909 0.5709 0.6124, -0.6586 0.6066 0.8229, -0.6703 0.6084 0.8287, -0.6955 0.5529 0.6534, -0.6827 0.5537 0.6559, -0.6703 0.5551 0.6601, -0.641 0.5763 0.6294, -0.6307 0.5815 0.61, -0.6567 0.5738 0.6216, -0.6382 0.5619 0.6817, -0.6478 0.5592 0.6731, -0.6178 0.572 0.7136, -0.6264 0.5794 0.6391, -0.6134 0.583 0.6507, -0.599 0.5893 0.6346, -0.6022 0.5872 0.6639, -0.5861 0.5941 0.6497, -0.6231 0.5684 0.7021, -0.6125 0.5837 0.7507, -0.6125 0.5797 0.7381, -0.5673 0.605 0.6843, -0.593 0.5918 0.6784, -0.5859 0.5967 0.6939, -0.6178 0.5915 0.7752, -0.6231 0.5951 0.7867, -0.5787 0.6072 0.727, -0.5787 0.6125 0.744, -0.559 0.6233 0.742, -0.599 0.6511 0.8299, -0.6022 0.6325 0.8072, -0.6134 0.6367 0.8203, -0.6083 0.682 0.8858, -0.6197 0.6718 0.8693, -0.6317 0.6857 0.8973, -0.6264 0.6403 0.8319, -0.641 0.6434 0.8417, -0.6307 0.6588 0.8545, -0.614 0.6553 0.8432, -0.6827 0.6097 0.8329, -0.6784 0.6296 0.8427, -0.6735 0.6477 0.8551, -0.6909 0.6488 0.8586, -0.7087 0.6108 0.8363, -0.7087 0.6308 0.8467, -0.6955 0.6105 0.8355, -0.6934 0.6305 0.8457, -0.6565 0.6884 0.9058, -0.6793 0.6982 0.9316, -0.6506 0.6964 0.9259, -0.6824 0.69 0.9109, -0.7087 0.6988 0.9335, -0.6405 0.675 0.8795, -0.5861 0.6463 0.8148, -0.593 0.6279 0.7927, -0.5859 0.623 0.7771, -0.5754 0.641 0.7981, -0.5811 0.6178 0.7608, -0.5673 0.6353 0.7802, -0.6299 0.5985 0.7974, -0.6143 0.5876 0.7631, -0.5617 0.6294 0.7614, -0.559 0.6171 0.7225, -0.5811 0.6019 0.7102, -0.6382 0.6016 0.8071, -0.6143 0.5758 0.7257, -0.5617 0.611 0.7031, -0.5754 0.5994 0.6664, -0.614 0.5851 0.6213, -0.6299 0.565 0.6914, -0.6489 0.5787 0.601, -0.6586 0.5569 0.6659, -0.7087 0.5706 0.6113, -0.6882 0.5753 0.5905, -0.7087 0.5749 0.5892, -0.6854 0.5766 0.5682, -0.6824 0.5746 0.546, -0.7087 0.5761 0.5667, -0.7087 0.574 0.5442, -0.7087 0.5688 0.5223, -0.6792 0.5694 0.5243, -0.6625 0.578 0.5727, -0.6565 0.5762 0.5511, -0.6504 0.5712 0.53, -0.6784 0.5643 0.6365, -0.6405 0.5804 0.5802, -0.6639 0.5659 0.6414, -0.6317 0.5788 0.5595, -0.6227 0.5742 0.5394, -0.6197 0.5836 0.5904, -0.6503 0.568 0.6481, -0.6083 0.5825 0.5711, -0.5965 0.5783 0.5523, -0.6006 0.5877 0.6033, -0.6378 0.5707 0.6565, -0.5868 0.5871 0.5856, -0.5725 0.5834 0.5685, -0.5836 0.5925 0.6185, -0.6266 0.5738 0.6665, -0.5675 0.5925 0.6027, -0.551 0.5894 0.5877, -0.5688 0.5979 0.6358, -0.6169 0.5774 0.6779, -0.5508 0.5987 0.6222, -0.5325 0.5963 0.6094, -0.5567 0.6039 0.6548, -0.5371 0.6055 0.6437, -0.5171 0.6039 0.6335, -0.609 0.5814 0.6903, -0.5474 0.6104 0.6752, -0.5266 0.6128 0.6667, -0.5054 0.6121 0.6592, -0.6029 0.5856 0.7037, -0.5411 0.6172 0.6967, -0.5987 0.5901 0.7178, -0.5195 0.6204 0.6909, -0.4975 0.6206 0.6861, -0.5379 0.6242 0.7187, -0.5159 0.6283 0.7159, -0.4935 0.6294 0.714, -0.5966 0.5946 0.7323, -0.5379 0.6312 0.741, -0.5159 0.6362 0.741, -0.4935 0.6383 0.7421, -0.5966 0.5993 0.7469, -0.5411 0.6382 0.7631, -0.5987 0.6038 0.7614, -0.5195 0.6441 0.7659, -0.4975 0.6471 0.7698, -0.5474 0.645 0.7845, -0.6029 0.6083 0.7754, -0.5266 0.6518 0.7901, -0.5055 0.6556 0.7969, -0.5567 0.6514 0.8049, -0.609 0.6125 0.7888, -0.5371 0.6591 0.8132, -0.5173 0.6638 0.8226, -0.5688 0.6575 0.824, -0.6478 0.6043 0.8157, -0.5508 0.6659 0.8346, -0.5325 0.6713 0.8466, -0.6169 0.6165 0.8013, -0.5836 0.6629 0.8413, -0.6266 0.6201 0.8127, -0.5675 0.672 0.8541, -0.5511 0.6782 0.8683, -0.6006 0.6677 0.8565, -0.6378 0.6232 0.8226, -0.5868 0.6775 0.8713, -0.5727 0.6843 0.8875, -0.6489 0.6617 0.8635, -0.6682 0.6637 0.87, -0.6625 0.6774 0.887, -0.6503 0.6259 0.8311, -0.5967 0.6894 0.9036, -0.6567 0.6459 0.8495, -0.6639 0.628 0.8378, -0.6228 0.6935 0.9165, -0.6882 0.665 0.874, -0.6854 0.6788 0.8915, -0.7087 0.6905 0.9126, -0.7087 0.6491 0.8597, -0.7087 0.6654 0.8753, -0.7087 0.6793 0.8931, -0.7942 0.5684 0.7021, -0.7995 0.572 0.7136, -0.7491 0.6637 0.87, -0.7264 0.6488 0.8586, -0.7438 0.6477 0.8551, -0.7587 0.5569 0.6659, -0.8556 0.611 0.7031, -0.8387 0.6072 0.727, -0.8362 0.6019 0.7102, -0.8419 0.5994 0.6664, -0.8314 0.5967 0.6939, -0.8244 0.5918 0.6784, -0.7874 0.565 0.6914, -0.8039 0.583 0.6507, -0.8183 0.5893 0.6346, -0.8151 0.5872 0.6639, -0.8313 0.5941 0.6497, -0.7381 0.5694 0.5243, -0.735 0.5746 0.546, -0.8034 0.5851 0.6213, -0.7909 0.5794 0.6391, -0.7471 0.5551 0.6601, -0.7608 0.5762 0.5511, -0.7856 0.5788 0.5595, -0.7769 0.5804 0.5802, -0.809 0.5825 0.5711, -0.7976 0.5836 0.5904, -0.8501 0.605 0.6843, -0.803 0.5758 0.7257, -0.7866 0.5815 0.61, -0.7347 0.5537 0.6559, -0.739 0.5643 0.6365, -0.7764 0.5763 0.6294, -0.7667 0.5712 0.5299, -0.7264 0.5709 0.6124, -0.7438 0.572 0.6159, -0.7218 0.5529 0.6534, -0.724 0.5634 0.6335, -0.8584 0.6171 0.7225, -0.8387 0.6125 0.744, -0.8584 0.6233 0.742, -0.8362 0.6178 0.7608, -0.7791 0.5619 0.6817, -0.8314 0.623 0.7771, -0.8556 0.6294 0.7614, -0.8048 0.5797 0.7381, -0.8048 0.5837 0.7507, -0.8501 0.6353 0.7802, -0.8244 0.6279 0.7927, -0.803 0.5876 0.7631, -0.8419 0.641 0.7981, -0.8151 0.6325 0.8072, -0.8039 0.6367 0.8203, -0.8313 0.6463 0.8148, -0.7995 0.5915 0.7752, -0.7942 0.5951 0.7867, -0.8183 0.6511 0.8299, -0.7909 0.6403 0.8319, -0.7874 0.5985 0.7974, -0.8034 0.6553 0.8432, -0.7764 0.6434 0.8417, -0.7606 0.6459 0.8495, -0.7866 0.6588 0.8545, -0.7791 0.6016 0.8071, -0.7695 0.6043 0.8157, -0.7684 0.6617 0.8635, -0.7587 0.6066 0.8229, -0.7347 0.6097 0.8329, -0.7471 0.6084 0.8287, -0.732 0.6788 0.8915, -0.7291 0.665 0.874, -0.735 0.69 0.9109, -0.7381 0.6982 0.9316, -0.724 0.6305 0.8457, -0.7218 0.6105 0.8355, -0.7548 0.6774 0.887, -0.7608 0.6884 0.9058, -0.767 0.6964 0.9259, -0.739 0.6296 0.8427, -0.7769 0.675 0.8795, -0.7534 0.628 0.8378, -0.7856 0.6857 0.8973, -0.7946 0.6934 0.9165, -0.7976 0.6718 0.8693, -0.767 0.6259 0.8311, -0.809 0.682 0.8858, -0.8208 0.6894 0.9036, -0.8167 0.6677 0.8565, -0.7795 0.6232 0.8226, -0.8306 0.6775 0.8713, -0.8448 0.6842 0.8873, -0.8338 0.6629 0.8413, -0.7907 0.6201 0.8127, -0.8498 0.672 0.8541, -0.8663 0.6782 0.8682, -0.8485 0.6575 0.824, -0.8004 0.6165 0.8013, -0.8665 0.6659 0.8346, -0.8849 0.6713 0.8464, -0.8606 0.6514 0.8049, -0.8802 0.6591 0.8132, -0.9002 0.6637 0.8224, -0.8084 0.6125 0.7888, -0.8699 0.645 0.7845, -0.8907 0.6518 0.7901, -0.9119 0.6556 0.7967, -0.8145 0.6083 0.7754, -0.8762 0.6382 0.7631, -0.8186 0.6038 0.7614, -0.8978 0.6441 0.7659, -0.9198 0.647 0.7697, -0.8794 0.6312 0.741, -0.9014 0.6362 0.741, -0.9238 0.6382 0.7419, -0.8207 0.5993 0.7469, -0.8794 0.6242 0.7187, -0.9014 0.6283 0.7159, -0.9238 0.6293 0.7138, -0.8207 0.5946 0.7323, -0.8762 0.6172 0.6967, -0.8186 0.5901 0.7178, -0.8978 0.6204 0.6909, -0.9198 0.6206 0.6861, -0.8699 0.6104 0.6752, -0.8145 0.5856 0.7037, -0.8907 0.6128 0.6667, -0.9118 0.612 0.659, -0.8606 0.6039 0.6548, -0.8084 0.5814 0.6903, -0.8802 0.6055 0.6437, -0.9001 0.6039 0.6332, -0.8485 0.5979 0.6358, -0.7695 0.5592 0.6731, -0.8665 0.5987 0.6222, -0.8848 0.5963 0.6093, -0.8004 0.5774 0.6779, -0.8338 0.5925 0.6185, -0.7907 0.5738 0.6665, -0.8498 0.5925 0.6027, -0.8662 0.5894 0.5876, -0.8167 0.5877 0.6033, -0.7795 0.5707 0.6565, -0.8306 0.5871 0.5856, -0.8446 0.5833 0.5684, -0.7684 0.5787 0.601, -0.7491 0.5766 0.5945, -0.7548 0.578 0.5727, -0.767 0.568 0.6481, -0.8206 0.5782 0.5522, -0.7606 0.5738 0.6216, -0.7534 0.5659 0.6414, -0.7945 0.5742 0.5393, -0.7291 0.5753 0.5905, -0.732 0.5766 0.5682, -0.8971 0.5774 0.816, -0.8728 0.5784 0.8347, -0.8862 0.585 0.8399, -0.872 0.592 0.8621, -0.8597 0.5849 0.8552, -0.8385 0.5634 0.8463, -0.8498 0.5578 0.8287, -0.8548 0.5984 0.8823, -0.8438 0.5908 0.8739, -0.8349 0.604 0.9001, -0.8047 0.6004 0.9042, -0.8126 0.6088 0.9151, -0.8248 0.5685 0.8624, -0.8253 0.596 0.8903, -0.809 0.573 0.8765, -0.7913 0.5768 0.8884, -0.772 0.5798 0.898, -0.7516 0.582 0.9049, -0.7823 0.6039 0.9152, -0.7883 0.6125 0.927, -0.7626 0.6153 0.9357, -0.7585 0.6065 0.9233, -0.7303 0.5833 0.9091, -0.7338 0.608 0.9282, -0.7359 0.617 0.941, -0.7548 0.4959 0.5988, -0.7585 0.4991 0.5838, -0.7338 0.4975 0.5789, -0.7087 0.6175 0.9428, -0.7087 0.6085 0.9299, -0.7087 0.5972 0.919, -0.7319 0.5966 0.9174, -0.7087 0.5838 0.9106, -0.7087 0.6238 0.9573, -0.7381 0.6232 0.9554, -0.8585 0.5518 0.8097, -0.8643 0.5455 0.7898, -0.9044 0.5695 0.7909, -0.8829 0.5714 0.8126, -0.8673 0.5391 0.7693, -0.9082 0.5613 0.7652, -0.8897 0.5641 0.7894, -0.8673 0.5325 0.7486, -0.8931 0.5566 0.7656, -0.9082 0.5531 0.7391, -0.8643 0.526 0.7281, -0.9044 0.545 0.7134, -0.8931 0.549 0.7415, -0.8585 0.5197 0.7082, -0.8971 0.537 0.6883, -0.8897 0.5414 0.7177, -0.8498 0.5137 0.6892, -0.8862 0.5295 0.6644, -0.8829 0.5341 0.6945, -0.8385 0.5081 0.6715, -0.8728 0.5271 0.6725, -0.872 0.5225 0.6422, -0.8248 0.5031 0.6555, -0.8548 0.5161 0.622, -0.8597 0.5206 0.6519, -0.809 0.4986 0.6414, -0.8349 0.5105 0.6043, -0.8438 0.5147 0.6333, -0.7913 0.4948 0.6294, -0.8126 0.5057 0.5893, -0.8253 0.5095 0.6168, -0.772 0.4918 0.6199, -0.7883 0.5019 0.5773, -0.8047 0.5051 0.603, -0.7087 0.4879 0.6073, -0.7303 0.4883 0.6088, -0.7087 0.494 0.5927, -0.7516 0.4896 0.613, -0.7319 0.4944 0.5943, -0.7823 0.5016 0.5919, -0.7975 0.5015 0.6165, -0.7626 0.4992 0.5686, -0.7381 0.4943 0.548, -0.7087 0.4937 0.5461, -0.7359 0.4975 0.5633, -0.7768 0.4982 0.6063, -0.7548 0.5952 0.9129, -0.767 0.6213 0.9496, -0.7768 0.5928 0.9054, -0.7947 0.6184 0.9402, -0.7975 0.5896 0.8952, -0.8208 0.6143 0.9274, -0.8166 0.5855 0.8824, -0.8448 0.6092 0.9111, -0.8337 0.5807 0.8672, -0.8663 0.6031 0.8919, -0.8484 0.5753 0.8499, -0.8849 0.5962 0.8702, -0.8605 0.5693 0.8309, -0.9002 0.5886 0.8462, -0.8698 0.5628 0.8105, -0.9119 0.5805 0.8204, -0.8761 0.556 0.789, -0.9198 0.572 0.7935, -0.8793 0.549 0.767, -0.9238 0.5631 0.7656, -0.8793 0.542 0.7447, -0.9238 0.5543 0.7376, -0.8761 0.535 0.7227, -0.9198 0.5455 0.7098, -0.8698 0.5283 0.7013, -0.9118 0.5369 0.6828, -0.8605 0.5218 0.6808, -0.9001 0.5288 0.657, -0.8484 0.5158 0.6618, -0.8848 0.5212 0.6331, -0.8337 0.5103 0.6446, -0.8662 0.5143 0.6113, -0.8166 0.5055 0.6294, -0.8447 0.5083 0.5921, -0.8206 0.5031 0.5759, -0.7944 0.4991 0.5631, -0.7667 0.4961 0.5537, -0.7087 0.497 0.5773, -0.7087 0.4969 0.5615, -0.5925 0.5685 0.8624, -0.6083 0.573 0.8765, -0.5276 0.5641 0.7894, -0.538 0.549 0.767, -0.5242 0.5566 0.7656, -0.6261 0.5768 0.8884, -0.5837 0.5807 0.8672, -0.5735 0.5908 0.8739, -0.592 0.596 0.8903, -0.6263 0.6188 0.9417, -0.6547 0.6153 0.9357, -0.629 0.6125 0.927, -0.6126 0.6004 0.9042, -0.6007 0.5855 0.8824, -0.6814 0.617 0.941, -0.6804 0.6232 0.9555, -0.6453 0.5798 0.898, -0.635 0.6039 0.9152, -0.6198 0.5896 0.8952, -0.6854 0.5966 0.9174, -0.687 0.5833 0.9091, -0.6658 0.582 0.9049, -0.653 0.6216 0.9503, -0.6588 0.6065 0.9233, -0.6835 0.608 0.9282, -0.6625 0.5952 0.9129, -0.5689 0.5753 0.8499, -0.5576 0.5849 0.8552, -0.5788 0.5634 0.8463, -0.5675 0.5578 0.8287, -0.5445 0.5784 0.8347, -0.5568 0.5693 0.8309, -0.5589 0.5518 0.8097, -0.5475 0.5628 0.8105, -0.5345 0.5714 0.8126, -0.5412 0.556 0.789, -0.5501 0.5391 0.7693, -0.553 0.5455 0.7898, -0.5501 0.5325 0.7486, -0.538 0.542 0.7447, -0.5242 0.549 0.7415, -0.5412 0.535 0.7227, -0.5276 0.5414 0.7177, -0.5345 0.5341 0.6945, -0.5475 0.5283 0.7013, -0.5837 0.5103 0.6446, -0.5735 0.5147 0.6333, -0.5576 0.5206 0.6519, -0.5589 0.5197 0.7082, -0.553 0.526 0.7281, -0.6405 0.4982 0.6063, -0.635 0.5016 0.5919, -0.6126 0.5051 0.603, -0.5925 0.5031 0.6555, -0.5788 0.5081 0.6715, -0.6547 0.4992 0.5686, -0.6835 0.4975 0.5789, -0.6814 0.4975 0.5633, -0.629 0.5019 0.5773, -0.6048 0.5057 0.5893, -0.6854 0.4944 0.5943, -0.687 0.4883 0.6088, -0.6805 0.4943 0.5478, -0.6588 0.4991 0.5838, -0.6453 0.4918 0.6199, -0.6261 0.4948 0.6294, -0.6658 0.4896 0.613, -0.6083 0.4986 0.6414, -0.6007 0.5055 0.6294, -0.592 0.5095 0.6168, -0.6198 0.5015 0.6165, -0.5675 0.5137 0.6892, -0.5568 0.5218 0.6808, -0.5445 0.5271 0.6725, -0.5689 0.5158 0.6618, -0.6625 0.4959 0.5988, -0.6527 0.4959 0.5531, -0.6261 0.4987 0.5618, -0.6007 0.5024 0.5736, -0.5825 0.5105 0.6043, -0.5773 0.5072 0.5886, -0.5625 0.5161 0.622, -0.5562 0.5128 0.6063, -0.5453 0.5225 0.6422, -0.5375 0.5192 0.6266, -0.5311 0.5295 0.6644, -0.5218 0.5263 0.649, -0.5094 0.5339 0.673, -0.5202 0.537 0.6883, -0.5003 0.5419 0.6986, -0.5129 0.545 0.7134, -0.4949 0.5503 0.7249, -0.5092 0.5531 0.7391, -0.493 0.5587 0.7517, -0.5092 0.5613 0.7652, -0.4948 0.5672 0.7786, -0.5129 0.5695 0.7909, -0.5004 0.5756 0.805, -0.5202 0.5774 0.816, -0.5094 0.5836 0.8304, -0.5311 0.585 0.8399, -0.5219 0.5913 0.8546, -0.5453 0.592 0.8621, -0.5376 0.5984 0.8769, -0.5625 0.5984 0.8823, -0.5562 0.6047 0.8971, -0.5825 0.604 0.9001, -0.5774 0.6103 0.9149, -0.6048 0.6088 0.9151, -0.601 0.6151 0.9298, -0.6405 0.5928 0.9054, -0.9055 1.0441 1.1079, -0.9055 0.968 1.1283, -0.6299 0.968 1.1283, -0.6299 1.0441 1.1079, -1.0217 0.6039 0.6333, -1.0236 0.5399 0.6922, -1.0236 0.615 0.6684, -0.9933 0.5717 0.5316, -1.0064 0.507 0.5882, -1.0064 0.5821 0.5645, -1.0159 0.5929 0.5985, -1.0159 0.5178 0.6222, -1.0217 0.5288 0.657, -0.9565 0.4773 0.4944, -0.9565 0.5524 0.4706, -0.9334 0.5437 0.4432, -0.9933 0.4966 0.5553, -0.9766 0.5618 0.5002, -0.9766 0.4867 0.5239, -0.8788 0.5288 0.396, -0.8479 0.5227 0.3766, -0.8788 0.4537 0.4197, -0.9074 0.5358 0.4182, -0.9074 0.4608 0.442, -0.9334 0.4687 0.4669, -0.8151 0.5176 0.3605, -0.7807 0.5135 0.3477, -0.8151 0.4425 0.3843, -0.8479 0.4476 0.4004, -0.7807 0.4385 0.3715, -0.7451 0.5106 0.3384, -0.7087 0.5088 0.3327, -0.7451 0.4355 0.3621, -0.7087 0.4337 0.3564, -1.0236 0.1233 1.882, -0.3937 0.1399 1.8878, -0.3937 0.1233 1.882, -0.3937 0.1575 1.8898, -1.0236 0.1399 1.8878, -1.0236 0.1575 1.8898, -0.3937 0.0959 1.8601, -0.3937 0.0865 1.8452, -1.0236 0.0865 1.8452, -1.0236 0.0959 1.8601, -1.0236 0.1084 1.8726, -0.3937 0.1084 1.8726, -0.3937 0.0807 1.8285, -1.0236 0.0787 1.811, -1.0236 0.0807 1.8285, -0.3937 0.0787 1.811, -1.0236 0.095 1.7631, -0.3937 0.095 1.7631, -1.0236 0.1068 1.7507, -0.3937 0.1068 1.7507, -1.0236 0.1211 1.7412, -1.0236 0.1371 1.735, -0.3937 0.1211 1.7412, -0.3937 0.1371 1.735, -0.3937 0.0861 1.7777, -1.0236 0.0861 1.7777, -0.3937 0.0806 1.794, -1.0236 0.0806 1.794, -0.3937 0.491 1.6401, -1.0236 0.491 1.6401, -0.3937 0.5288 1.6279, -0.3937 0.6323 1.5695, -1.0236 0.5998 1.5924, -0.3937 0.5998 1.5924, -0.3937 0.5652 1.612, -1.0236 0.5652 1.612, -1.0236 0.5288 1.6279, -1.0236 0.6894 1.5144, -0.3937 0.6894 1.5144, -0.3937 0.7136 1.4829, -1.0236 0.6323 1.5695, -0.3937 0.6622 1.5434, -1.0236 0.6622 1.5434, -0.3937 0.7517 1.4133, -0.3937 0.7653 1.376, -1.0236 0.7517 1.4133, -0.3937 0.7344 1.4491, -1.0236 0.7344 1.4491, -1.0236 0.7136 1.4829, -0.3937 0.7828 1.2585, -1.0236 0.781 1.2982, -0.3937 0.781 1.2982, -1.0236 0.7751 1.3375, -1.0236 0.7653 1.376, -0.3937 0.7751 1.3375, -0.3937 0.7807 1.2188, -1.0236 0.7828 1.2585, -1.0236 0.7807 1.2188, -0.3937 0.7746 1.1795, -0.3937 0.7645 1.1411, -1.0236 0.7746 1.1795, -1.0236 0.7645 1.1411, -0.6722 0.5106 0.3384, -0.5385 0.5288 0.396, -0.5694 0.5227 0.3766, -0.6366 0.5135 0.3477, -0.6022 0.5176 0.3605, -0.5099 0.5358 0.4182, -0.4408 0.5618 0.5002, -0.4241 0.5717 0.5316, -0.4839 0.5437 0.4432, -0.3937 0.615 0.6684, -0.4014 0.5929 0.5985, -0.3956 0.6039 0.6333, -0.4109 0.5821 0.5645, -0.4608 0.5524 0.4706, -0.6022 0.4425 0.3843, -0.6366 0.4385 0.3715, -0.6722 0.4355 0.3621, -0.5099 0.4608 0.442, -0.5694 0.4476 0.4004, -0.5385 0.4537 0.4197, -0.4408 0.4867 0.5239, -0.4608 0.4773 0.4944, -0.4839 0.4687 0.4669, -0.4109 0.507 0.5882, -0.4241 0.4966 0.5553, -0.4014 0.5178 0.6222, -0.3956 0.5288 0.657, -0.3937 0.5399 0.6922, -0.3937 0.6894 1.1649, -1.0236 0.6894 1.1649, -0.3937 0.5029 1.5535, -0.3937 0.4706 1.5641, -1.0236 0.4706 1.5641, -0.3937 0.5902 1.5022, -0.3937 0.563 1.5225, -1.0236 0.563 1.5225, -0.3937 0.5338 1.5396, -1.0236 0.5029 1.5535, -1.0236 0.5338 1.5396, -1.0236 0.6374 1.4537, -0.3937 0.6568 1.4259, -0.3937 0.6374 1.4537, -1.0236 0.5902 1.5022, -1.0236 0.6151 1.4792, -0.3937 0.6151 1.4792, -0.3937 0.6861 1.3648, -1.0236 0.6861 1.3648, -0.3937 0.6956 1.3323, -0.3937 0.6731 1.3961, -1.0236 0.6568 1.4259, -1.0236 0.6731 1.3961, -0.3937 0.704 1.2651, -1.0236 0.7016 1.2989, -1.0236 0.704 1.2651, -0.3937 0.7016 1.2989, -1.0236 0.6956 1.3323, -1.0236 0.7028 1.2312, -0.3937 0.7028 1.2312, -1.0236 0.6979 1.1977, -0.3937 0.6979 1.1977, -0.3937 0.0019 1.8357, -0.3937 0.0301 1.9036, -1.0236 0.0171 1.8825, -0.3937 0.0171 1.8825, -0.3937 0.0077 1.8597, -1.0236 0.0077 1.8597, -1.0236 0.0019 1.8357, -1.0236 0.0649 1.9384, -0.3937 0.0649 1.9384, -0.3937 0.086 1.9513, -1.0236 0.0301 1.9036, -0.3937 0.0461 1.9224, -1.0236 0.0461 1.9224, -1.0236 0.1088 1.9608, -0.3937 0.1088 1.9608, -0.3937 0.1328 1.9666, -1.0236 0.086 1.9513, -0.3937 0.1575 1.9685, -1.0236 0.1328 1.9666, -1.0236 0.1575 1.9685, -0.3937 0.7874 1.9685, -1.0236 0.7874 1.9685, -0.6299 0.9475 0.7477, -0.9055 0.9475 0.7477, -0.6299 0.8715 0.7681, -0.9055 0.8715 0.7681, -0.6299 0.8661 0.7273, -0.6299 0.8675 0.7479, -0.6299 0.9449 0.7273, -0.6299 0.9455 0.7376, -0.9055 0.8661 0.7273, -0.9055 0.8675 0.7479, -0.9055 0.9449 0.7273, -0.9055 0.9455 0.7376, -0.3937 0.7874 1.8898, -1.0236 0.7874 1.8898, -1.0236 0.8049 1.8878, -1.0236 0.812 1.9666, -1.0236 0.836 1.9608, -1.0236 0.8641 1.8285, -1.0236 0.9429 1.8357, -1.0236 0.8661 1.811, -1.0236 0.9449 1.811, -1.0236 0.9372 1.8597, -1.0236 0.9277 1.8825, -1.0236 0.9148 1.9036, -1.0236 0.8583 1.8452, -1.0236 0.8987 1.9224, -1.0236 0.8365 1.8726, -1.0236 0.8799 1.9384, -1.0236 0.8489 1.8601, -1.0236 0.8215 1.882, -1.0236 0.8589 1.9513, -0.3937 0.9429 1.8357, -0.3937 0.8661 1.811, -0.3937 0.9449 1.811, -0.3937 0.9372 1.8597, -0.3937 0.8641 1.8285, -0.3937 0.8583 1.8452, -0.3937 0.9277 1.8825, -0.3937 0.9148 1.9036, -0.3937 0.836 1.9608, -0.3937 0.8215 1.882, -0.3937 0.8589 1.9513, -0.3937 0.8987 1.9224, -0.3937 0.8365 1.8726, -0.3937 0.8489 1.8601, -0.3937 0.8799 1.9384, -0.3937 0.8049 1.8878, -0.3937 0.812 1.9666, -0.6299 0.9449 1.1417, -0.6299 0.8661 1.1417, -0.9055 0.8661 1.1417, -0.9055 0.9449 1.1417, -1.2008 0.9449 1.811, -1.2008 0.8661 0.1969, -1.2008 0.8661 1.811, -1.2008 0.9449 0.1969, -0.2165 0.9449 1.811, -0.2165 0.8661 1.811, -0.2165 0.8661 -0.9843, -0.2165 0.9449 -0.9843, -0.6102 0.8661 0.1969, -0.6102 0.9449 0.1969, -0.6102 0.8661 -0.9843, -0.6082 0.8661 -1.0123, -0.6023 0.8661 -1.0397, -0.5924 0.8661 -1.066, -0.579 0.8661 -1.0907, -0.5622 0.8661 -1.1132, -0.5423 0.8661 -1.133, -0.5198 0.8661 -1.1499, -0.4952 0.8661 -1.1633, -0.4688 0.8661 -1.1731, -0.4414 0.8661 -1.1791, -0.4134 0.8661 -1.1811, -0.3854 0.8661 -1.1791, -0.3579 0.8661 -1.1731, -0.2646 0.8661 -1.1132, -0.2478 0.8661 -1.0907, -0.3316 0.8661 -1.1633, -0.307 0.8661 -1.1499, -0.2343 0.8661 -1.066, -0.2245 0.8661 -1.0397, -0.2185 0.8661 -1.0123, -0.2845 0.8661 -1.133, -0.6102 0.9449 -0.9843, -0.6023 0.9449 -1.0397, -0.6082 0.9449 -1.0123, -0.5423 0.9449 -1.133, -0.5198 0.9449 -1.1499, -0.5924 0.9449 -1.066, -0.5622 0.9449 -1.1132, -0.579 0.9449 -1.0907, -0.4952 0.9449 -1.1633, -0.4688 0.9449 -1.1731, -0.4134 0.9449 -1.1811, -0.4414 0.9449 -1.1791, -0.3854 0.9449 -1.1791, -0.3316 0.9449 -1.1633, -0.3579 0.9449 -1.1731, -0.2845 0.9449 -1.133, -0.307 0.9449 -1.1499, -0.2478 0.9449 -1.0907, -0.2646 0.9449 -1.1132, -0.2245 0.9449 -1.0397, -0.2343 0.9449 -1.066, -0.2185 0.9449 -1.0123, -1.5748 0.0259 1.7245, -1.5748 0.0147 1.7445, -2.2047 0.0259 1.7245, -2.2047 0.0147 1.7445, -2.2047 0.0066 1.7659, -1.5748 0.0066 1.7659, -2.2047 0.0016 1.7882, -1.5748 0.0016 1.7882, -2.2047 0.0398 1.7063, -1.5748 -0.0 1.811, -2.2047 -0.0 1.811, -1.5748 0.0398 1.7063, -1.5748 0.0562 1.6904, -2.2047 0.0562 1.6904, -2.2047 0.0748 1.677, -1.5748 0.0748 1.677, -2.2047 0.0951 1.6664, -1.5748 0.0951 1.6664, -2.2047 0.1167 1.6589, -1.5748 0.1167 1.6589, -1.8397 0.5264 0.8789, -1.816 0.5515 0.8819, -1.8397 0.548 0.89, -1.7938 0.4731 0.7788, -1.7735 0.4946 0.792, -1.7938 0.4809 0.7986, -1.8037 0.5609 0.879, -1.8166 0.5633 0.8867, -1.8303 0.5654 0.8932, -1.7917 0.558 0.8699, -1.7938 0.5374 0.8609, -1.8645 0.5459 0.895, -1.8898 0.5445 0.8964, -1.8645 0.5236 0.8835, -1.8446 0.567 0.8983, -1.8495 0.4807 0.6256, -1.8397 0.4704 0.6447, -1.8645 0.4658 0.6418, -1.816 0.531 0.8713, -1.8898 0.5215 0.8843, -1.8645 0.5032 0.8689, -1.7735 0.5298 0.8368, -1.7735 0.5453 0.8479, -1.7938 0.5201 0.8485, -1.8745 0.5689 0.9042, -1.8594 0.5682 0.902, -1.8898 0.5691 0.905, -1.7938 0.5047 0.8338, -1.7735 0.5159 0.8236, -1.816 0.5123 0.8579, -1.8898 0.4457 0.786, -1.8645 0.442 0.7624, -1.8645 0.4479 0.7868, -1.7938 0.4915 0.817, -1.816 0.4956 0.842, -1.7735 0.5042 0.8085, -1.7556 0.5191 0.7985, -1.816 0.4814 0.8238, -1.7938 0.4662 0.7369, -1.7938 0.4673 0.7156, -1.7735 0.4814 0.7365, -1.8898 0.4643 0.6407, -1.8694 0.4795 0.6216, -1.8898 0.4791 0.6203, -1.8303 0.4828 0.6321, -1.8645 0.4542 0.6641, -1.8397 0.4591 0.6662, -1.8898 0.4443 0.6867, -1.8645 0.4459 0.6877, -1.8645 0.441 0.7123, -1.8397 0.4511 0.6891, -1.816 0.454 0.7371, -1.816 0.4552 0.7141, -1.8645 0.4397 0.7374, -1.8898 0.4393 0.7114, -1.816 0.4615 0.7824, -1.816 0.4561 0.76, -1.7735 0.4831 0.7556, -1.7938 0.4681 0.7581, -1.816 0.47 0.8039, -1.8898 0.44 0.7615, -1.8898 0.5004 0.869, -1.8645 0.4851 0.8516, -1.7807 0.5548 0.8598, -1.8397 0.5066 0.8648, -1.7709 0.5513 0.8487, -1.7622 0.5475 0.8366, -1.8898 0.4825 0.8514, -1.8645 0.4696 0.8318, -1.8397 0.4891 0.8479, -1.755 0.5434 0.8238, -1.7556 0.5293 0.8115, -1.7491 0.5392 0.8104, -1.8898 0.4672 0.8314, -1.8645 0.4571 0.8101, -1.8397 0.4741 0.8288, -1.7447 0.5348 0.7964, -1.8898 0.4548 0.8095, -1.8397 0.462 0.8077, -1.7556 0.5108 0.7842, -1.7419 0.5303 0.7821, -1.816 0.4673 0.6697, -1.7938 0.4785 0.6746, -1.7938 0.4714 0.6947, -1.8397 0.453 0.7851, -1.7735 0.4876 0.7742, -1.7556 0.5047 0.7688, -1.7406 0.5257 0.7677, -1.8397 0.4473 0.7615, -1.7556 0.5009 0.7527, -1.7408 0.5211 0.7531, -1.8898 0.4379 0.7365, -1.8397 0.4451 0.7373, -1.7436 0.515 0.7338, -1.7735 0.4861 0.6987, -1.7735 0.4824 0.7174, -1.8397 0.4464 0.713, -1.7556 0.4993 0.7362, -1.7556 0.5002 0.7197, -1.816 0.4596 0.6915, -1.7572 0.5034 0.6972, -1.7491 0.509 0.7151, -1.8898 0.4527 0.663, -1.7735 0.4924 0.6806, -1.816 0.4779 0.6493, -1.7955 0.4892 0.6523, -1.7806 0.4934 0.6655, -1.7678 0.4981 0.6806, -1.8122 0.4856 0.641, -1.822 0.5501 0.7042, -1.8341 0.5436 0.6953, -1.8341 0.5374 0.7103, -1.8514 0.5353 0.6908, -1.8514 0.5283 0.7075, -1.8161 0.553 0.7135, -1.8374 0.5451 0.6885, -1.8292 0.5474 0.6959, -1.8467 0.5431 0.6823, -1.8567 0.5416 0.6773, -1.8674 0.5404 0.6737, -1.8702 0.5302 0.688, -1.8784 0.5397 0.6715, -1.8898 0.5311 0.6825, -1.8898 0.5395 0.6708, -1.8514 0.5248 0.7253, -1.819 0.5469 0.7274, -1.819 0.547 0.7411, -1.8086 0.5594 0.7337, -1.8161 0.576 0.7862, -1.819 0.563 0.7783, -1.8341 0.5651 0.7978, -1.8514 0.5286 0.7612, -1.8341 0.5343 0.7425, -1.8514 0.5249 0.7435, -1.8341 0.5342 0.7262, -1.807 0.5628 0.7444, -1.819 0.5498 0.7545, -1.819 0.5552 0.7671, -1.807 0.5662 0.7552, -1.8291 0.5816 0.8038, -1.822 0.5789 0.7954, -1.8341 0.5788 0.8065, -1.8702 0.5307 0.7807, -1.8702 0.5231 0.763, -1.8514 0.5593 0.8053, -1.8514 0.5746 0.815, -1.8086 0.5696 0.7659, -1.8341 0.5533 0.7866, -1.8514 0.5461 0.7928, -1.8702 0.5417 0.7965, -1.8514 0.5358 0.7779, -1.8702 0.5557 0.8099, -1.8341 0.5441 0.7733, -1.8702 0.572 0.8202, -1.8898 0.5552 0.812, -1.8898 0.5716 0.8222, -1.8898 0.5895 0.8289, -1.8784 0.5893 0.8282, -1.8702 0.5228 0.7058, -1.8898 0.5244 0.6954, -1.8116 0.5561 0.7234, -1.8898 0.5198 0.7091, -1.8702 0.519 0.7248, -1.8898 0.5168 0.728, -1.8702 0.5191 0.7441, -1.8898 0.5175 0.7472, -1.8341 0.5377 0.7583, -1.8898 0.522 0.7659, -1.8116 0.5729 0.7763, -1.8898 0.53 0.7834, -1.8374 0.5839 0.8112, -1.8898 0.5412 0.7989, -1.8567 0.5874 0.8224, -1.8466 0.5859 0.8174, -1.8673 0.5886 0.826, -1.9454 0.5788 0.8065, -1.9454 0.5651 0.7978, -1.9575 0.5789 0.7955, -1.9454 0.5441 0.7733, -1.9282 0.5358 0.7779, -1.9454 0.5377 0.7583, -1.9421 0.5839 0.8112, -1.9282 0.5746 0.815, -1.9454 0.5533 0.7866, -1.9282 0.5593 0.8053, -1.9228 0.5874 0.8224, -1.9121 0.5886 0.826, -1.9094 0.572 0.8202, -1.9328 0.5859 0.8174, -1.9011 0.5893 0.8282, -1.9094 0.5557 0.8099, -1.9094 0.5307 0.7807, -1.9094 0.5417 0.7965, -1.9282 0.5461 0.7928, -1.9605 0.5552 0.7671, -1.971 0.5696 0.766, -1.9605 0.563 0.7783, -1.9605 0.547 0.7411, -1.9454 0.5343 0.7425, -1.9094 0.5231 0.763, -1.9454 0.5342 0.7262, -1.9605 0.5469 0.7274, -1.9094 0.5191 0.7441, -1.9094 0.519 0.7248, -1.9282 0.5248 0.7253, -1.9454 0.5374 0.7103, -1.9282 0.5283 0.7075, -1.9454 0.5436 0.6953, -1.9094 0.5228 0.7058, -1.9282 0.5353 0.6908, -1.9421 0.5451 0.6885, -1.9329 0.5431 0.6823, -1.9228 0.5416 0.6773, -1.9094 0.5302 0.688, -1.9122 0.5404 0.6737, -1.9011 0.5397 0.6715, -1.9575 0.5501 0.7043, -1.9504 0.5474 0.6959, -1.9634 0.553 0.7135, -1.9679 0.5561 0.7234, -1.9282 0.5249 0.7435, -1.971 0.5594 0.7338, -1.9605 0.5498 0.7545, -1.9282 0.5286 0.7612, -1.9725 0.5628 0.7445, -1.9725 0.5662 0.7553, -1.9634 0.576 0.7863, -1.9679 0.5729 0.7764, -1.9504 0.5816 0.8038, -1.915 0.5459 0.895, -1.9101 0.5687 0.9036, -1.93 0.5674 0.8997, -1.9635 0.4956 0.842, -1.9858 0.5201 0.8485, -1.9858 0.5047 0.8338, -1.9398 0.548 0.89, -1.9673 0.5626 0.8843, -1.9635 0.5515 0.8819, -1.9492 0.5654 0.8932, -2.0117 0.5501 0.8448, -2.0223 0.5448 0.8282, -2.006 0.5298 0.8368, -1.9839 0.559 0.8731, -1.9988 0.5548 0.8598, -1.9858 0.5374 0.8609, -1.9635 0.531 0.8713, -1.9635 0.5123 0.8579, -1.9398 0.5066 0.8648, -1.9858 0.4915 0.817, -1.9635 0.4814 0.8238, -1.9858 0.4662 0.7369, -1.9858 0.4673 0.7156, -1.9635 0.4552 0.7141, -1.9635 0.4615 0.7824, -1.9858 0.4809 0.7986, -1.9858 0.4731 0.7788, -1.9398 0.4464 0.713, -1.9635 0.454 0.7371, -1.9398 0.4451 0.7373, -1.9635 0.4561 0.76, -1.915 0.441 0.7123, -1.915 0.4397 0.7374, -1.915 0.4459 0.6877, -1.915 0.4542 0.6641, -1.9398 0.4511 0.6891, -1.9858 0.4714 0.6947, -1.9635 0.4673 0.6697, -1.9635 0.4596 0.6915, -1.9858 0.4681 0.7581, -1.915 0.4658 0.6418, -1.9102 0.4795 0.6216, -1.9635 0.47 0.8039, -1.9398 0.4473 0.7615, -2.0239 0.5191 0.7985, -2.0359 0.5333 0.7916, -2.0239 0.5108 0.7842, -1.9398 0.453 0.7851, -1.9398 0.4891 0.8479, -2.0239 0.5293 0.8115, -1.9398 0.5264 0.8789, -1.915 0.5236 0.8835, -1.915 0.5032 0.8689, -2.0304 0.5392 0.8104, -2.0239 0.5009 0.7527, -2.0359 0.5149 0.7337, -2.0239 0.4993 0.7362, -2.0387 0.5272 0.7724, -2.0239 0.5047 0.7688, -1.915 0.4851 0.8516, -2.006 0.5159 0.8236, -1.9398 0.4741 0.8288, -2.006 0.5042 0.8085, -1.915 0.4696 0.8318, -1.9398 0.462 0.8077, -2.006 0.4946 0.792, -1.915 0.4571 0.8101, -2.0387 0.521 0.753, -2.006 0.4876 0.7742, -1.915 0.4479 0.7868, -2.006 0.4831 0.7556, -1.915 0.442 0.7624, -2.0239 0.5002 0.7197, -2.006 0.4814 0.7365, -2.0305 0.509 0.7151, -2.006 0.4861 0.6987, -1.9858 0.4785 0.6746, -2.006 0.4824 0.7174, -2.0224 0.5034 0.6973, -2.0118 0.4981 0.6806, -2.006 0.4924 0.6806, -1.9398 0.4704 0.6447, -1.9398 0.4591 0.6662, -1.9989 0.4934 0.6655, -1.984 0.4892 0.6523, -1.9635 0.4779 0.6493, -1.9674 0.4856 0.6411, -1.9493 0.4828 0.6321, -1.9301 0.4807 0.6256, -1.8745 0.5634 0.6335, -1.8898 0.5631 0.6325, -1.8898 0.5527 0.6525, -1.8546 0.572 0.6159, -1.8493 0.5766 0.5945, -1.872 0.5709 0.6124, -1.8397 0.6066 0.8229, -1.8514 0.6084 0.8287, -1.8766 0.5529 0.6534, -1.8638 0.5537 0.6559, -1.8514 0.5551 0.6601, -1.8221 0.5763 0.6294, -1.8118 0.5815 0.61, -1.8379 0.5738 0.6216, -1.8193 0.5619 0.6817, -1.8289 0.5592 0.6731, -1.7989 0.572 0.7136, -1.8075 0.5794 0.6391, -1.7945 0.583 0.6507, -1.7801 0.5893 0.6346, -1.7833 0.5872 0.6639, -1.7672 0.5941 0.6497, -1.8042 0.5684 0.7021, -1.7936 0.5837 0.7507, -1.7936 0.5797 0.7381, -1.7484 0.605 0.6843, -1.7741 0.5918 0.6784, -1.767 0.5967 0.6939, -1.7989 0.5915 0.7752, -1.8042 0.5951 0.7867, -1.7598 0.6072 0.727, -1.7598 0.6125 0.744, -1.7401 0.6233 0.742, -1.7801 0.6511 0.8299, -1.7833 0.6325 0.8072, -1.7945 0.6367 0.8203, -1.7894 0.682 0.8858, -1.8008 0.6718 0.8693, -1.8128 0.6857 0.8973, -1.8075 0.6403 0.8319, -1.8221 0.6434 0.8417, -1.8118 0.6588 0.8545, -1.7951 0.6553 0.8432, -1.8638 0.6097 0.8329, -1.8595 0.6296 0.8427, -1.8546 0.6477 0.8551, -1.872 0.6488 0.8586, -1.8898 0.6108 0.8363, -1.8898 0.6308 0.8467, -1.8766 0.6105 0.8355, -1.8745 0.6305 0.8457, -1.8376 0.6884 0.9058, -1.8604 0.6982 0.9316, -1.8317 0.6964 0.9259, -1.8635 0.69 0.9109, -1.8898 0.6988 0.9335, -1.8216 0.675 0.8795, -1.7672 0.6463 0.8148, -1.7741 0.6279 0.7927, -1.767 0.623 0.7771, -1.7565 0.641 0.7981, -1.7622 0.6178 0.7608, -1.7484 0.6353 0.7802, -1.811 0.5985 0.7974, -1.7954 0.5876 0.7631, -1.7428 0.6294 0.7614, -1.7401 0.6171 0.7225, -1.7622 0.6019 0.7102, -1.8193 0.6016 0.8071, -1.7954 0.5758 0.7257, -1.7428 0.611 0.7031, -1.7565 0.5994 0.6664, -1.7951 0.5851 0.6213, -1.811 0.565 0.6914, -1.83 0.5787 0.601, -1.8397 0.5569 0.6659, -1.8898 0.5706 0.6113, -1.8693 0.5753 0.5905, -1.8898 0.5749 0.5892, -1.8665 0.5766 0.5682, -1.8635 0.5746 0.546, -1.8898 0.5761 0.5667, -1.8898 0.574 0.5442, -1.8898 0.5688 0.5223, -1.8603 0.5694 0.5243, -1.8436 0.578 0.5727, -1.8376 0.5762 0.5511, -1.8315 0.5712 0.53, -1.8595 0.5643 0.6365, -1.8216 0.5804 0.5802, -1.845 0.5659 0.6414, -1.8128 0.5788 0.5595, -1.8038 0.5742 0.5394, -1.8008 0.5836 0.5904, -1.8314 0.568 0.6481, -1.7894 0.5825 0.5711, -1.7776 0.5783 0.5523, -1.7817 0.5877 0.6033, -1.8189 0.5707 0.6565, -1.7679 0.5871 0.5856, -1.7536 0.5834 0.5685, -1.7647 0.5925 0.6185, -1.8077 0.5738 0.6665, -1.7486 0.5925 0.6027, -1.7321 0.5894 0.5877, -1.7499 0.5979 0.6358, -1.798 0.5774 0.6779, -1.7319 0.5987 0.6222, -1.7136 0.5963 0.6094, -1.7378 0.6039 0.6548, -1.7183 0.6055 0.6437, -1.6982 0.6039 0.6335, -1.7901 0.5814 0.6903, -1.7285 0.6104 0.6752, -1.7077 0.6128 0.6667, -1.6865 0.6121 0.6592, -1.784 0.5856 0.7037, -1.7222 0.6172 0.6967, -1.7798 0.5901 0.7178, -1.7006 0.6204 0.6909, -1.6786 0.6206 0.6861, -1.719 0.6242 0.7187, -1.697 0.6283 0.7159, -1.6746 0.6294 0.714, -1.7777 0.5946 0.7323, -1.719 0.6312 0.741, -1.697 0.6362 0.741, -1.6746 0.6383 0.7421, -1.7777 0.5993 0.7469, -1.7222 0.6382 0.7631, -1.7798 0.6038 0.7614, -1.7006 0.6441 0.7659, -1.6786 0.6471 0.7698, -1.7285 0.645 0.7845, -1.784 0.6083 0.7754, -1.7077 0.6518 0.7901, -1.6866 0.6556 0.7969, -1.7378 0.6514 0.8049, -1.7901 0.6125 0.7888, -1.7183 0.6591 0.8132, -1.6984 0.6638 0.8226, -1.7499 0.6575 0.824, -1.8289 0.6043 0.8157, -1.7319 0.6659 0.8346, -1.7136 0.6713 0.8466, -1.798 0.6165 0.8013, -1.7647 0.6629 0.8413, -1.8077 0.6201 0.8127, -1.7486 0.672 0.8541, -1.7322 0.6782 0.8683, -1.7817 0.6677 0.8565, -1.8189 0.6232 0.8226, -1.7679 0.6775 0.8713, -1.7538 0.6843 0.8875, -1.83 0.6617 0.8635, -1.8493 0.6637 0.87, -1.8436 0.6774 0.887, -1.8314 0.6259 0.8311, -1.7778 0.6894 0.9036, -1.8379 0.6459 0.8495, -1.845 0.628 0.8378, -1.8039 0.6935 0.9165, -1.8693 0.665 0.874, -1.8665 0.6788 0.8915, -1.8898 0.6905 0.9126, -1.8898 0.6491 0.8597, -1.8898 0.6654 0.8753, -1.8898 0.6793 0.8931, -2.0367 0.611 0.7031, -2.0198 0.6072 0.727, -2.0173 0.6019 0.7102, -1.9302 0.6637 0.87, -1.9075 0.6488 0.8586, -1.9249 0.6477 0.8551, -1.9685 0.565 0.6914, -1.9754 0.5684 0.7021, -2.0125 0.5967 0.6939, -2.0312 0.605 0.6843, -1.9399 0.5569 0.6659, -2.0055 0.5918 0.6784, -2.023 0.5994 0.6664, -1.9806 0.572 0.7136, -2.0124 0.5941 0.6497, -1.9962 0.5872 0.6639, -1.9841 0.5758 0.7257, -1.9192 0.5694 0.5243, -1.9161 0.5746 0.546, -1.9282 0.5551 0.6601, -1.9901 0.5825 0.5711, -1.9787 0.5836 0.5904, -1.9667 0.5788 0.5595, -1.958 0.5804 0.5802, -1.9419 0.5762 0.5511, -1.9845 0.5851 0.6213, -1.9677 0.5815 0.61, -1.985 0.583 0.6507, -1.9994 0.5893 0.6346, -1.972 0.5794 0.6391, -1.9575 0.5763 0.6294, -1.9478 0.5712 0.5299, -1.9051 0.5634 0.6335, -1.9158 0.5537 0.6559, -1.9029 0.5529 0.6534, -1.9201 0.5643 0.6365, -1.9075 0.5709 0.6124, -1.9249 0.572 0.6159, -2.0198 0.6125 0.744, -2.0395 0.6171 0.7225, -2.0395 0.6233 0.742, -2.0173 0.6178 0.7608, -1.9602 0.5619 0.6817, -2.0125 0.623 0.7771, -2.0367 0.6294 0.7614, -1.9859 0.5797 0.7381, -1.9859 0.5837 0.7507, -2.0312 0.6353 0.7802, -2.0055 0.6279 0.7927, -1.9841 0.5876 0.7631, -2.023 0.641 0.7981, -1.9962 0.6325 0.8072, -1.985 0.6367 0.8203, -2.0124 0.6463 0.8148, -1.9806 0.5915 0.7752, -1.9754 0.5951 0.7867, -1.9994 0.6511 0.8299, -1.972 0.6403 0.8319, -1.9685 0.5985 0.7974, -1.9845 0.6553 0.8432, -1.9575 0.6434 0.8417, -1.9417 0.6459 0.8495, -1.9677 0.6588 0.8545, -1.9602 0.6016 0.8071, -1.9506 0.6043 0.8157, -1.9495 0.6617 0.8635, -1.9399 0.6066 0.8229, -1.9158 0.6097 0.8329, -1.9282 0.6084 0.8287, -1.9131 0.6788 0.8915, -1.9102 0.665 0.874, -1.9161 0.69 0.9109, -1.9192 0.6982 0.9316, -1.9051 0.6305 0.8457, -1.9029 0.6105 0.8355, -1.9359 0.6774 0.887, -1.9419 0.6884 0.9058, -1.9481 0.6964 0.9259, -1.9201 0.6296 0.8427, -1.958 0.675 0.8795, -1.9345 0.628 0.8378, -1.9667 0.6857 0.8973, -1.9757 0.6934 0.9165, -1.9787 0.6718 0.8693, -1.9901 0.682 0.8858, -2.0019 0.6894 0.9036, -1.9481 0.6259 0.8311, -1.9978 0.6677 0.8565, -1.9606 0.6232 0.8226, -2.0117 0.6775 0.8713, -2.0259 0.6842 0.8873, -2.0149 0.6629 0.8413, -1.9718 0.6201 0.8127, -2.0309 0.672 0.8541, -2.0474 0.6782 0.8682, -2.0296 0.6575 0.824, -1.9815 0.6165 0.8013, -2.0476 0.6659 0.8346, -2.066 0.6713 0.8464, -2.0417 0.6514 0.8049, -2.0613 0.6591 0.8132, -2.0813 0.6637 0.8224, -1.9895 0.6125 0.7888, -2.051 0.645 0.7845, -2.0718 0.6518 0.7901, -2.093 0.6556 0.7967, -1.9956 0.6083 0.7754, -2.0573 0.6382 0.7631, -1.9997 0.6038 0.7614, -2.0789 0.6441 0.7659, -2.1009 0.647 0.7697, -2.0605 0.6312 0.741, -2.0825 0.6362 0.741, -2.1049 0.6382 0.7419, -2.0018 0.5993 0.7469, -2.0605 0.6242 0.7187, -2.0825 0.6283 0.7159, -2.1049 0.6293 0.7138, -2.0018 0.5946 0.7323, -2.0573 0.6172 0.6967, -1.9997 0.5901 0.7178, -2.0789 0.6204 0.6909, -2.1009 0.6206 0.6861, -2.051 0.6104 0.6752, -1.9956 0.5856 0.7037, -2.0718 0.6128 0.6667, -2.0929 0.612 0.659, -2.0417 0.6039 0.6548, -1.9895 0.5814 0.6903, -2.0613 0.6055 0.6437, -2.0812 0.6039 0.6332, -2.0296 0.5979 0.6358, -1.9506 0.5592 0.6731, -2.0476 0.5987 0.6222, -2.0659 0.5963 0.6093, -1.9815 0.5774 0.6779, -2.0149 0.5925 0.6185, -1.9718 0.5738 0.6665, -2.0309 0.5925 0.6027, -2.0473 0.5894 0.5876, -1.9978 0.5877 0.6033, -1.9606 0.5707 0.6565, -2.0117 0.5871 0.5856, -2.0257 0.5833 0.5684, -1.9495 0.5787 0.601, -1.9302 0.5766 0.5945, -1.9359 0.578 0.5727, -1.9481 0.568 0.6481, -2.0017 0.5782 0.5522, -1.9417 0.5738 0.6216, -1.9345 0.5659 0.6414, -1.9756 0.5742 0.5393, -1.9102 0.5753 0.5905, -1.9131 0.5766 0.5682, -2.0782 0.5774 0.816, -2.0539 0.5784 0.8347, -2.0673 0.585 0.8399, -2.0531 0.592 0.8621, -2.0408 0.5849 0.8552, -2.0196 0.5634 0.8463, -2.0309 0.5578 0.8287, -2.0359 0.5984 0.8823, -2.0249 0.5908 0.8739, -2.016 0.604 0.9001, -1.9858 0.6004 0.9042, -1.9937 0.6088 0.9151, -2.0059 0.5685 0.8624, -2.0064 0.596 0.8903, -1.9901 0.573 0.8765, -1.9724 0.5768 0.8884, -1.9531 0.5798 0.898, -1.9327 0.582 0.9049, -1.9634 0.6039 0.9152, -1.9694 0.6125 0.927, -1.9437 0.6153 0.9357, -1.9396 0.6065 0.9233, -1.9114 0.5833 0.9091, -1.9149 0.608 0.9282, -1.917 0.617 0.941, -1.9359 0.4959 0.5988, -1.9396 0.4991 0.5838, -1.9149 0.4975 0.5789, -1.8898 0.6175 0.9428, -1.8898 0.6085 0.9299, -1.8898 0.5972 0.919, -1.9131 0.5966 0.9174, -1.8898 0.5838 0.9106, -1.8898 0.6238 0.9573, -1.9192 0.6232 0.9554, -2.0396 0.5518 0.8097, -2.0454 0.5455 0.7898, -2.0855 0.5695 0.7909, -2.064 0.5714 0.8126, -2.0484 0.5391 0.7693, -2.0893 0.5613 0.7652, -2.0708 0.5641 0.7894, -2.0484 0.5325 0.7486, -2.0742 0.5566 0.7656, -2.0893 0.5531 0.7391, -2.0454 0.526 0.7281, -2.0855 0.545 0.7134, -2.0742 0.549 0.7415, -2.0396 0.5197 0.7082, -2.0782 0.537 0.6883, -2.0708 0.5414 0.7177, -2.0309 0.5137 0.6892, -2.0673 0.5295 0.6644, -2.064 0.5341 0.6945, -2.0196 0.5081 0.6715, -2.0539 0.5271 0.6725, -2.0531 0.5225 0.6422, -2.0059 0.5031 0.6555, -2.0359 0.5161 0.622, -2.0408 0.5206 0.6519, -1.9901 0.4986 0.6414, -2.016 0.5105 0.6043, -2.0249 0.5147 0.6333, -1.9724 0.4948 0.6294, -1.9937 0.5057 0.5893, -2.0064 0.5095 0.6168, -1.9531 0.4918 0.6199, -1.9694 0.5019 0.5773, -1.9858 0.5051 0.603, -1.8898 0.4879 0.6073, -1.9114 0.4883 0.6088, -1.8898 0.494 0.5927, -1.9327 0.4896 0.613, -1.9131 0.4944 0.5943, -1.9634 0.5016 0.5919, -1.9786 0.5015 0.6165, -1.9437 0.4992 0.5686, -1.9192 0.4943 0.548, -1.8898 0.4937 0.5461, -1.917 0.4975 0.5633, -1.9579 0.4982 0.6063, -1.9359 0.5952 0.9129, -1.9481 0.6213 0.9496, -1.9579 0.5928 0.9054, -1.9758 0.6184 0.9402, -1.9786 0.5896 0.8952, -2.0019 0.6143 0.9274, -1.9977 0.5855 0.8824, -2.0259 0.6092 0.9111, -2.0148 0.5807 0.8672, -2.0474 0.6031 0.8919, -2.0295 0.5753 0.8499, -2.066 0.5962 0.8702, -2.0416 0.5693 0.8309, -2.0813 0.5886 0.8462, -2.0509 0.5628 0.8105, -2.093 0.5805 0.8204, -2.0572 0.556 0.789, -2.1009 0.572 0.7935, -2.0604 0.549 0.767, -2.1049 0.5631 0.7656, -2.0604 0.542 0.7447, -2.1049 0.5543 0.7376, -2.0572 0.535 0.7227, -2.1009 0.5455 0.7098, -2.0509 0.5283 0.7013, -2.0929 0.5369 0.6828, -2.0416 0.5218 0.6808, -2.0812 0.5288 0.657, -2.0295 0.5158 0.6618, -2.0659 0.5212 0.6331, -2.0148 0.5103 0.6446, -2.0473 0.5143 0.6113, -1.9977 0.5055 0.6294, -2.0258 0.5083 0.5921, -2.0017 0.5031 0.5759, -1.9755 0.4991 0.5631, -1.9478 0.4961 0.5537, -1.8898 0.497 0.5773, -1.8898 0.4969 0.5615, -1.7736 0.5685 0.8624, -1.7894 0.573 0.8765, -1.7088 0.5641 0.7894, -1.7191 0.549 0.767, -1.7053 0.5566 0.7656, -1.8072 0.5768 0.8884, -1.7648 0.5807 0.8672, -1.7546 0.5908 0.8739, -1.7731 0.596 0.8903, -1.8074 0.6188 0.9417, -1.8358 0.6153 0.9357, -1.8101 0.6125 0.927, -1.7937 0.6004 0.9042, -1.7818 0.5855 0.8824, -1.8625 0.617 0.941, -1.8615 0.6232 0.9555, -1.8264 0.5798 0.898, -1.8161 0.6039 0.9152, -1.8009 0.5896 0.8952, -1.8665 0.5966 0.9174, -1.8681 0.5833 0.9091, -1.8469 0.582 0.9049, -1.8341 0.6216 0.9503, -1.8399 0.6065 0.9233, -1.8646 0.608 0.9282, -1.8436 0.5952 0.9129, -1.75 0.5753 0.8499, -1.7387 0.5849 0.8552, -1.7599 0.5634 0.8463, -1.7486 0.5578 0.8287, -1.7256 0.5784 0.8347, -1.7379 0.5693 0.8309, -1.74 0.5518 0.8097, -1.7286 0.5628 0.8105, -1.7156 0.5714 0.8126, -1.7223 0.556 0.789, -1.7312 0.5391 0.7693, -1.7341 0.5455 0.7898, -1.7312 0.5325 0.7486, -1.7191 0.542 0.7447, -1.7053 0.549 0.7415, -1.7223 0.535 0.7227, -1.7088 0.5414 0.7177, -1.7156 0.5341 0.6945, -1.7286 0.5283 0.7013, -1.7648 0.5103 0.6446, -1.7546 0.5147 0.6333, -1.7387 0.5206 0.6519, -1.74 0.5197 0.7082, -1.7341 0.526 0.7281, -1.8216 0.4982 0.6063, -1.8161 0.5016 0.5919, -1.7937 0.5051 0.603, -1.7736 0.5031 0.6555, -1.7599 0.5081 0.6715, -1.8358 0.4992 0.5686, -1.8646 0.4975 0.5789, -1.8625 0.4975 0.5633, -1.8101 0.5019 0.5773, -1.7859 0.5057 0.5893, -1.8665 0.4944 0.5943, -1.8681 0.4883 0.6088, -1.8616 0.4943 0.5478, -1.8399 0.4991 0.5838, -1.8264 0.4918 0.6199, -1.8072 0.4948 0.6294, -1.8469 0.4896 0.613, -1.7894 0.4986 0.6414, -1.7818 0.5055 0.6294, -1.7731 0.5095 0.6168, -1.8009 0.5015 0.6165, -1.7486 0.5137 0.6892, -1.7379 0.5218 0.6808, -1.7256 0.5271 0.6725, -1.75 0.5158 0.6618, -1.8436 0.4959 0.5988, -1.8338 0.4959 0.5531, -1.8072 0.4987 0.5618, -1.7818 0.5024 0.5736, -1.7636 0.5105 0.6043, -1.7584 0.5072 0.5886, -1.7436 0.5161 0.622, -1.7373 0.5128 0.6063, -1.7264 0.5225 0.6422, -1.7186 0.5192 0.6266, -1.7122 0.5295 0.6644, -1.7029 0.5263 0.649, -1.6905 0.5339 0.673, -1.7013 0.537 0.6883, -1.6814 0.5419 0.6986, -1.694 0.545 0.7134, -1.676 0.5503 0.7249, -1.6903 0.5531 0.7391, -1.6741 0.5587 0.7517, -1.6903 0.5613 0.7652, -1.6759 0.5672 0.7786, -1.694 0.5695 0.7909, -1.6815 0.5756 0.805, -1.7013 0.5774 0.816, -1.6905 0.5836 0.8304, -1.7122 0.585 0.8399, -1.703 0.5913 0.8546, -1.7264 0.592 0.8621, -1.7188 0.5984 0.8769, -1.7436 0.5984 0.8823, -1.7373 0.6047 0.8971, -1.7636 0.604 0.9001, -1.7585 0.6103 0.9149, -1.7859 0.6088 0.9151, -1.7821 0.6151 0.9298, -1.8216 0.5928 0.9054, -2.0866 1.0441 1.1079, -2.0866 0.968 1.1283, -1.811 0.968 1.1283, -1.811 1.0441 1.1079, -2.2028 0.6039 0.6333, -2.2047 0.5399 0.6922, -2.2047 0.615 0.6684, -2.1744 0.5717 0.5316, -2.1875 0.507 0.5882, -2.1875 0.5821 0.5645, -2.1971 0.5929 0.5985, -2.1971 0.5178 0.6222, -2.2028 0.5288 0.657, -2.1376 0.4773 0.4944, -2.1376 0.5524 0.4706, -2.1145 0.5437 0.4432, -2.1744 0.4966 0.5553, -2.1577 0.5618 0.5002, -2.1577 0.4867 0.5239, -2.0599 0.5288 0.396, -2.029 0.5227 0.3766, -2.0599 0.4537 0.4197, -2.0885 0.5358 0.4182, -2.0885 0.4608 0.442, -2.1145 0.4687 0.4669, -1.9962 0.5176 0.3605, -1.9618 0.5135 0.3477, -1.9962 0.4425 0.3843, -2.029 0.4476 0.4004, -1.9618 0.4385 0.3715, -1.9262 0.5106 0.3384, -1.8898 0.5088 0.3327, -1.9262 0.4355 0.3621, -1.8898 0.4337 0.3564, -2.2047 0.1233 1.882, -1.5748 0.1399 1.8878, -1.5748 0.1233 1.882, -1.5748 0.1575 1.8898, -2.2047 0.1399 1.8878, -2.2047 0.1575 1.8898, -1.5748 0.0959 1.8601, -1.5748 0.0865 1.8452, -2.2047 0.0865 1.8452, -2.2047 0.0959 1.8601, -2.2047 0.1084 1.8726, -1.5748 0.1084 1.8726, -1.5748 0.0807 1.8285, -2.2047 0.0787 1.811, -2.2047 0.0807 1.8285, -1.5748 0.0787 1.811, -2.2047 0.095 1.7631, -1.5748 0.095 1.7631, -2.2047 0.1068 1.7507, -1.5748 0.1068 1.7507, -2.2047 0.1211 1.7412, -2.2047 0.1371 1.735, -1.5748 0.1211 1.7412, -1.5748 0.1371 1.735, -1.5748 0.0861 1.7777, -2.2047 0.0861 1.7777, -1.5748 0.0806 1.794, -2.2047 0.0806 1.794, -1.5748 0.491 1.6401, -2.2047 0.491 1.6401, -1.5748 0.5288 1.6279, -1.5748 0.6323 1.5695, -2.2047 0.5998 1.5924, -1.5748 0.5998 1.5924, -1.5748 0.5652 1.612, -2.2047 0.5652 1.612, -2.2047 0.5288 1.6279, -2.2047 0.6894 1.5144, -1.5748 0.6894 1.5144, -1.5748 0.7136 1.4829, -2.2047 0.6323 1.5695, -1.5748 0.6622 1.5434, -2.2047 0.6622 1.5434, -1.5748 0.7517 1.4133, -1.5748 0.7653 1.376, -2.2047 0.7517 1.4133, -1.5748 0.7344 1.4491, -2.2047 0.7344 1.4491, -2.2047 0.7136 1.4829, -1.5748 0.7828 1.2585, -2.2047 0.781 1.2982, -1.5748 0.781 1.2982, -2.2047 0.7751 1.3375, -2.2047 0.7653 1.376, -1.5748 0.7751 1.3375, -1.5748 0.7807 1.2188, -2.2047 0.7828 1.2585, -2.2047 0.7807 1.2188, -1.5748 0.7746 1.1795, -1.5748 0.7645 1.1411, -2.2047 0.7746 1.1795, -2.2047 0.7645 1.1411, -1.8533 0.5106 0.3384, -1.7196 0.5288 0.396, -1.7505 0.5227 0.3766, -1.8177 0.5135 0.3477, -1.7833 0.5176 0.3605, -1.691 0.5358 0.4182, -1.6219 0.5618 0.5002, -1.6052 0.5717 0.5316, -1.665 0.5437 0.4432, -1.5748 0.615 0.6684, -1.5825 0.5929 0.5985, -1.5767 0.6039 0.6333, -1.592 0.5821 0.5645, -1.6419 0.5524 0.4706, -1.7833 0.4425 0.3843, -1.8177 0.4385 0.3715, -1.8533 0.4355 0.3621, -1.691 0.4608 0.442, -1.7505 0.4476 0.4004, -1.7196 0.4537 0.4197, -1.6219 0.4867 0.5239, -1.6419 0.4773 0.4944, -1.665 0.4687 0.4669, -1.592 0.507 0.5882, -1.6052 0.4966 0.5553, -1.5825 0.5178 0.6222, -1.5767 0.5288 0.657, -1.5748 0.5399 0.6922, -1.5748 0.6894 1.1649, -2.2047 0.6894 1.1649, -1.5748 0.5029 1.5535, -1.5748 0.4706 1.5641, -2.2047 0.4706 1.5641, -1.5748 0.5902 1.5022, -1.5748 0.563 1.5225, -2.2047 0.563 1.5225, -1.5748 0.5338 1.5396, -2.2047 0.5029 1.5535, -2.2047 0.5338 1.5396, -2.2047 0.6374 1.4537, -1.5748 0.6568 1.4259, -1.5748 0.6374 1.4537, -2.2047 0.5902 1.5022, -2.2047 0.6151 1.4792, -1.5748 0.6151 1.4792, -1.5748 0.6861 1.3648, -2.2047 0.6861 1.3648, -1.5748 0.6956 1.3323, -1.5748 0.6731 1.3961, -2.2047 0.6568 1.4259, -2.2047 0.6731 1.3961, -1.5748 0.704 1.2651, -2.2047 0.7016 1.2989, -2.2047 0.704 1.2651, -1.5748 0.7016 1.2989, -2.2047 0.6956 1.3323, -2.2047 0.7028 1.2312, -1.5748 0.7028 1.2312, -2.2047 0.6979 1.1977, -1.5748 0.6979 1.1977, -1.5748 0.0019 1.8357, -1.5748 0.0301 1.9036, -2.2047 0.0171 1.8825, -1.5748 0.0171 1.8825, -1.5748 0.0077 1.8597, -2.2047 0.0077 1.8597, -2.2047 0.0019 1.8357, -2.2047 0.0649 1.9384, -1.5748 0.0649 1.9384, -1.5748 0.086 1.9513, -2.2047 0.0301 1.9036, -1.5748 0.0461 1.9224, -2.2047 0.0461 1.9224, -2.2047 0.1088 1.9608, -1.5748 0.1088 1.9608, -1.5748 0.1328 1.9666, -2.2047 0.086 1.9513, -1.5748 0.1575 1.9685, -2.2047 0.1328 1.9666, -2.2047 0.1575 1.9685, -1.5748 0.7874 1.9685, -2.2047 0.7874 1.9685, -1.811 0.9475 0.7477, -2.0866 0.9475 0.7477, -1.811 0.8715 0.7681, -2.0866 0.8715 0.7681, -1.811 0.8661 0.7273, -1.811 0.8675 0.7479, -1.811 0.9449 0.7273, -1.811 0.9455 0.7376, -2.0866 0.8661 0.7273, -2.0866 0.8675 0.7479, -2.0866 0.9449 0.7273, -2.0866 0.9455 0.7376, -1.5748 0.7874 1.8898, -2.2047 0.7874 1.8898, -2.2047 0.9449 1.811, -2.2047 0.8661 1.811, -2.2047 0.9429 1.8357, -2.2047 0.8641 1.8285, -2.2047 0.9372 1.8597, -2.2047 0.8583 1.8452, -2.2047 0.9277 1.8825, -2.2047 0.9148 1.9036, -2.2047 0.836 1.9608, -2.2047 0.8589 1.9513, -2.2047 0.8215 1.882, -2.2047 0.8987 1.9224, -2.2047 0.8365 1.8726, -2.2047 0.8799 1.9384, -2.2047 0.8489 1.8601, -2.2047 0.8049 1.8878, -2.2047 0.812 1.9666, -1.5748 0.8049 1.8878, -1.5748 0.836 1.9608, -1.5748 0.812 1.9666, -1.5748 0.8641 1.8285, -1.5748 0.8661 1.811, -1.5748 0.9429 1.8357, -1.5748 0.9449 1.811, -1.5748 0.9372 1.8597, -1.5748 0.9277 1.8825, -1.5748 0.9148 1.9036, -1.5748 0.8583 1.8452, -1.5748 0.8987 1.9224, -1.5748 0.8365 1.8726, -1.5748 0.8489 1.8601, -1.5748 0.8799 1.9384, -1.5748 0.8215 1.882, -1.5748 0.8589 1.9513, -1.811 0.9449 1.1417, -1.811 0.8661 1.1417, -2.0866 0.8661 1.1417, -2.0866 0.9449 1.1417, -2.3819 0.9449 1.811, -2.3819 0.8661 0.1969, -2.3819 0.8661 1.811, -2.3819 0.9449 0.1969, -1.3976 0.9449 1.811, -1.3976 0.8661 1.811, -1.3976 0.8661 -0.9843, -1.3976 0.9449 -0.9843, -1.7913 0.8661 0.1969, -1.7913 0.9449 0.1969, -1.7913 0.8661 -0.9843, -1.7893 0.8661 -1.0123, -1.7834 0.8661 -1.0397, -1.7736 0.8661 -1.066, -1.7601 0.8661 -1.0907, -1.7433 0.8661 -1.1132, -1.7234 0.8661 -1.133, -1.7009 0.8661 -1.1499, -1.6763 0.8661 -1.1633, -1.6499 0.8661 -1.1731, -1.6225 0.8661 -1.1791, -1.5945 0.8661 -1.1811, -1.5665 0.8661 -1.1791, -1.539 0.8661 -1.1731, -1.4457 0.8661 -1.1132, -1.4289 0.8661 -1.0907, -1.5127 0.8661 -1.1633, -1.4881 0.8661 -1.1499, -1.4154 0.8661 -1.066, -1.4056 0.8661 -1.0397, -1.3996 0.8661 -1.0123, -1.4656 0.8661 -1.133, -1.7913 0.9449 -0.9843, -1.7834 0.9449 -1.0397, -1.7893 0.9449 -1.0123, -1.7234 0.9449 -1.133, -1.7009 0.9449 -1.1499, -1.7736 0.9449 -1.066, -1.7433 0.9449 -1.1132, -1.7601 0.9449 -1.0907, -1.6763 0.9449 -1.1633, -1.6499 0.9449 -1.1731, -1.5945 0.9449 -1.1811, -1.6225 0.9449 -1.1791, -1.5665 0.9449 -1.1791, -1.5127 0.9449 -1.1633, -1.539 0.9449 -1.1731, -1.4656 0.9449 -1.133, -1.4881 0.9449 -1.1499, -1.4289 0.9449 -1.0907, -1.4457 0.9449 -1.1132, -1.4056 0.9449 -1.0397, -1.4154 0.9449 -1.066, -1.3996 0.9449 -1.0123, 0.9162 0.5264 0.8789, 0.9399 0.5515 0.8819, 0.9162 0.548 0.89, 0.9621 0.4731 0.7788, 0.9824 0.4946 0.792, 0.9621 0.4809 0.7986, 0.9522 0.5609 0.879, 0.9393 0.5633 0.8867, 0.9256 0.5654 0.8932, 0.9643 0.558 0.8699, 0.9621 0.5374 0.8609, 0.8914 0.5459 0.895, 0.8661 0.5445 0.8964, 0.8914 0.5236 0.8835, 0.9113 0.567 0.8983, 0.9064 0.4807 0.6256, 0.9162 0.4704 0.6447, 0.8914 0.4658 0.6418, 0.9399 0.531 0.8713, 0.8661 0.5215 0.8843, 0.8914 0.5032 0.8689, 0.9824 0.5298 0.8368, 0.9824 0.5453 0.8479, 0.9621 0.5201 0.8485, 0.8814 0.5689 0.9042, 0.8965 0.5682 0.902, 0.8661 0.5691 0.905, 0.9621 0.5047 0.8338, 0.9824 0.5159 0.8236, 0.9399 0.5123 0.8579, 0.8661 0.4457 0.786, 0.8914 0.442 0.7624, 0.8914 0.4479 0.7868, 0.9621 0.4915 0.817, 0.9399 0.4956 0.842, 0.9824 0.5042 0.8085, 1.0003 0.5191 0.7985, 0.9399 0.4814 0.8238, 0.9621 0.4662 0.7369, 0.9621 0.4673 0.7156, 0.9824 0.4814 0.7365, 0.8661 0.4643 0.6407, 0.8865 0.4795 0.6216, 0.8661 0.4791 0.6203, 0.9256 0.4828 0.6321, 0.8914 0.4542 0.6641, 0.9162 0.4591 0.6662, 0.8661 0.4443 0.6867, 0.8914 0.4459 0.6877, 0.8914 0.441 0.7123, 0.9162 0.4511 0.6891, 0.9399 0.454 0.7371, 0.9399 0.4552 0.7141, 0.8914 0.4397 0.7374, 0.8661 0.4393 0.7114, 0.9399 0.4615 0.7824, 0.9399 0.4561 0.76, 0.9824 0.4831 0.7556, 0.9621 0.4681 0.7581, 0.9399 0.47 0.8039, 0.8661 0.44 0.7615, 0.8661 0.5004 0.869, 0.8914 0.4851 0.8516, 0.9752 0.5548 0.8598, 0.9162 0.5066 0.8648, 0.985 0.5513 0.8487, 0.9937 0.5475 0.8366, 0.8661 0.4825 0.8514, 0.8914 0.4696 0.8318, 0.9162 0.4891 0.8479, 1.0009 0.5434 0.8238, 1.0003 0.5293 0.8115, 1.0068 0.5392 0.8104, 0.8661 0.4672 0.8314, 0.8914 0.4571 0.8101, 0.9162 0.4741 0.8288, 1.0112 0.5348 0.7964, 0.8661 0.4548 0.8095, 0.9162 0.462 0.8077, 1.0003 0.5108 0.7842, 1.014 0.5303 0.7821, 0.9399 0.4673 0.6697, 0.9621 0.4785 0.6746, 0.9621 0.4714 0.6947, 0.9162 0.453 0.7851, 0.9824 0.4876 0.7742, 1.0003 0.5047 0.7688, 1.0153 0.5257 0.7677, 0.9162 0.4473 0.7615, 1.0003 0.5009 0.7527, 1.0151 0.5211 0.7531, 0.8661 0.4379 0.7365, 0.9162 0.4451 0.7373, 1.0123 0.515 0.7338, 0.9824 0.4861 0.6987, 0.9824 0.4824 0.7174, 0.9162 0.4464 0.713, 1.0003 0.4993 0.7362, 1.0003 0.5002 0.7197, 0.9399 0.4596 0.6915, 0.9987 0.5034 0.6972, 1.0069 0.509 0.7151, 0.8661 0.4527 0.663, 0.9824 0.4924 0.6806, 0.9399 0.4779 0.6493, 0.9604 0.4892 0.6523, 0.9753 0.4934 0.6655, 0.9881 0.4981 0.6806, 0.9437 0.4856 0.641, 0.9339 0.5501 0.7042, 0.9218 0.5436 0.6953, 0.9218 0.5374 0.7103, 0.9046 0.5353 0.6908, 0.9046 0.5283 0.7075, 0.9398 0.553 0.7135, 0.9185 0.5451 0.6885, 0.9267 0.5474 0.6959, 0.9092 0.5431 0.6823, 0.8992 0.5416 0.6773, 0.8885 0.5404 0.6737, 0.8857 0.5302 0.688, 0.8775 0.5397 0.6715, 0.8661 0.5311 0.6825, 0.8661 0.5395 0.6708, 0.9046 0.5248 0.7253, 0.9369 0.5469 0.7274, 0.9369 0.547 0.7411, 0.9473 0.5594 0.7337, 0.9398 0.576 0.7862, 0.9369 0.563 0.7783, 0.9218 0.5651 0.7978, 0.9046 0.5286 0.7612, 0.9218 0.5343 0.7425, 0.9046 0.5249 0.7435, 0.9218 0.5342 0.7262, 0.9489 0.5628 0.7444, 0.9369 0.5498 0.7545, 0.9369 0.5552 0.7671, 0.9489 0.5662 0.7552, 0.9268 0.5816 0.8038, 0.9339 0.5789 0.7954, 0.9218 0.5788 0.8065, 0.8857 0.5307 0.7807, 0.8857 0.5231 0.763, 0.9046 0.5593 0.8053, 0.9046 0.5746 0.815, 0.9474 0.5696 0.7659, 0.9218 0.5533 0.7866, 0.9046 0.5461 0.7928, 0.8857 0.5417 0.7965, 0.9046 0.5358 0.7779, 0.8857 0.5557 0.8099, 0.9218 0.5441 0.7733, 0.8857 0.572 0.8202, 0.8661 0.5552 0.812, 0.8661 0.5716 0.8222, 0.8661 0.5895 0.8289, 0.8775 0.5893 0.8282, 0.8857 0.5228 0.7058, 0.8661 0.5244 0.6954, 0.9443 0.5561 0.7234, 0.8661 0.5198 0.7091, 0.8857 0.519 0.7248, 0.8661 0.5168 0.728, 0.8857 0.5191 0.7441, 0.8661 0.5175 0.7472, 0.9218 0.5377 0.7583, 0.8661 0.522 0.7659, 0.9443 0.5729 0.7763, 0.8661 0.53 0.7834, 0.9185 0.5839 0.8112, 0.8661 0.5412 0.7989, 0.8992 0.5874 0.8224, 0.9093 0.5859 0.8174, 0.8885 0.5886 0.826, 0.8105 0.5788 0.8065, 0.8138 0.5839 0.8112, 0.8277 0.5746 0.815, 0.8105 0.5441 0.7733, 0.8277 0.5358 0.7779, 0.8105 0.5377 0.7583, 0.8277 0.5593 0.8053, 0.8105 0.5533 0.7866, 0.8105 0.5651 0.7978, 0.7984 0.5789 0.7955, 0.8548 0.5893 0.8282, 0.8465 0.572 0.8202, 0.8438 0.5886 0.826, 0.8331 0.5874 0.8224, 0.8231 0.5859 0.8174, 0.8465 0.5557 0.8099, 0.8465 0.5307 0.7807, 0.8465 0.5417 0.7965, 0.8277 0.5461 0.7928, 0.7954 0.5552 0.7671, 0.785 0.5696 0.766, 0.7954 0.563 0.7783, 0.7954 0.547 0.7411, 0.8105 0.5343 0.7425, 0.8465 0.5231 0.763, 0.8105 0.5342 0.7262, 0.7954 0.5469 0.7274, 0.8465 0.5191 0.7441, 0.8465 0.519 0.7248, 0.8277 0.5248 0.7253, 0.8105 0.5374 0.7103, 0.8277 0.5283 0.7075, 0.8105 0.5436 0.6953, 0.8465 0.5228 0.7058, 0.8277 0.5353 0.6908, 0.8138 0.5451 0.6885, 0.823 0.5431 0.6823, 0.8331 0.5416 0.6773, 0.8465 0.5302 0.688, 0.8437 0.5404 0.6737, 0.8548 0.5397 0.6715, 0.7984 0.5501 0.7043, 0.8055 0.5474 0.6959, 0.7925 0.553 0.7135, 0.788 0.5561 0.7234, 0.8277 0.5249 0.7435, 0.7849 0.5594 0.7338, 0.7954 0.5498 0.7545, 0.8277 0.5286 0.7612, 0.7834 0.5628 0.7445, 0.7834 0.5662 0.7553, 0.7925 0.576 0.7863, 0.788 0.5729 0.7764, 0.8055 0.5816 0.8038, 0.8409 0.5459 0.895, 0.8458 0.5687 0.9036, 0.826 0.5674 0.8997, 0.7924 0.4956 0.842, 0.7701 0.5201 0.8485, 0.7701 0.5047 0.8338, 0.8161 0.548 0.89, 0.7886 0.5626 0.8843, 0.7924 0.5515 0.8819, 0.8067 0.5654 0.8932, 0.7442 0.5501 0.8448, 0.7336 0.5448 0.8282, 0.7499 0.5298 0.8368, 0.772 0.559 0.8731, 0.7571 0.5548 0.8598, 0.7701 0.5374 0.8609, 0.7924 0.531 0.8713, 0.7924 0.5123 0.8579, 0.8161 0.5066 0.8648, 0.7701 0.4915 0.817, 0.7924 0.4814 0.8238, 0.7701 0.4662 0.7369, 0.7701 0.4673 0.7156, 0.7924 0.4552 0.7141, 0.7924 0.4615 0.7824, 0.7701 0.4809 0.7986, 0.7701 0.4731 0.7788, 0.8161 0.4464 0.713, 0.7924 0.454 0.7371, 0.8161 0.4451 0.7373, 0.7924 0.4561 0.76, 0.8409 0.441 0.7123, 0.8409 0.4397 0.7374, 0.8409 0.4459 0.6877, 0.8409 0.4542 0.6641, 0.8161 0.4511 0.6891, 0.7701 0.4714 0.6947, 0.7924 0.4673 0.6697, 0.7924 0.4596 0.6915, 0.7701 0.4681 0.7581, 0.8409 0.4658 0.6418, 0.8457 0.4795 0.6216, 0.7924 0.47 0.8039, 0.8161 0.4473 0.7615, 0.732 0.5191 0.7985, 0.72 0.5333 0.7916, 0.732 0.5108 0.7842, 0.8161 0.453 0.7851, 0.8161 0.4891 0.8479, 0.732 0.5293 0.8115, 0.8161 0.5264 0.8789, 0.8409 0.5236 0.8835, 0.8409 0.5032 0.8689, 0.7255 0.5392 0.8104, 0.732 0.5009 0.7527, 0.72 0.5149 0.7337, 0.732 0.4993 0.7362, 0.7172 0.5272 0.7724, 0.732 0.5047 0.7688, 0.8409 0.4851 0.8516, 0.7499 0.5159 0.8236, 0.8161 0.4741 0.8288, 0.7499 0.5042 0.8085, 0.8409 0.4696 0.8318, 0.8161 0.462 0.8077, 0.7499 0.4946 0.792, 0.8409 0.4571 0.8101, 0.7172 0.521 0.753, 0.7499 0.4876 0.7742, 0.8409 0.4479 0.7868, 0.7499 0.4831 0.7556, 0.8409 0.442 0.7624, 0.732 0.5002 0.7197, 0.7499 0.4814 0.7365, 0.7254 0.509 0.7151, 0.7499 0.4861 0.6987, 0.7701 0.4785 0.6746, 0.7499 0.4824 0.7174, 0.7335 0.5034 0.6973, 0.7441 0.4981 0.6806, 0.7499 0.4924 0.6806, 0.8161 0.4704 0.6447, 0.8161 0.4591 0.6662, 0.757 0.4934 0.6655, 0.7719 0.4892 0.6523, 0.7924 0.4779 0.6493, 0.7885 0.4856 0.6411, 0.8066 0.4828 0.6321, 0.8258 0.4807 0.6256, 0.8814 0.5634 0.6335, 0.8661 0.5631 0.6325, 0.8661 0.5527 0.6525, 0.9013 0.572 0.6159, 0.9066 0.5766 0.5945, 0.8839 0.5709 0.6124, 0.9162 0.6066 0.8229, 0.9045 0.6084 0.8287, 0.8793 0.5529 0.6534, 0.8922 0.5537 0.6559, 0.9045 0.5551 0.6601, 0.9339 0.5763 0.6294, 0.9441 0.5815 0.61, 0.9181 0.5738 0.6216, 0.9366 0.5619 0.6817, 0.927 0.5592 0.6731, 0.957 0.572 0.7136, 0.9484 0.5794 0.6391, 0.9614 0.583 0.6507, 0.9758 0.5893 0.6346, 0.9726 0.5872 0.6639, 0.9887 0.5941 0.6497, 0.9517 0.5684 0.7021, 0.9623 0.5837 0.7507, 0.9623 0.5797 0.7381, 1.0075 0.605 0.6843, 0.9819 0.5918 0.6784, 0.9889 0.5967 0.6939, 0.957 0.5915 0.7752, 0.9517 0.5951 0.7867, 0.9961 0.6072 0.727, 0.9961 0.6125 0.744, 1.0159 0.6233 0.742, 0.9758 0.6511 0.8299, 0.9726 0.6325 0.8072, 0.9614 0.6367 0.8203, 0.9665 0.682 0.8858, 0.9551 0.6718 0.8693, 0.9431 0.6857 0.8973, 0.9484 0.6403 0.8319, 0.9339 0.6434 0.8417, 0.9441 0.6588 0.8545, 0.9608 0.6553 0.8432, 0.8922 0.6097 0.8329, 0.8965 0.6296 0.8427, 0.9013 0.6477 0.8551, 0.8839 0.6488 0.8586, 0.8661 0.6108 0.8363, 0.8661 0.6308 0.8467, 0.8793 0.6105 0.8355, 0.8814 0.6305 0.8457, 0.9183 0.6884 0.9058, 0.8956 0.6982 0.9316, 0.9242 0.6964 0.9259, 0.8924 0.69 0.9109, 0.8661 0.6988 0.9335, 0.9343 0.675 0.8795, 0.9887 0.6463 0.8148, 0.9819 0.6279 0.7927, 0.9889 0.623 0.7771, 0.9994 0.641 0.7981, 0.9937 0.6178 0.7608, 1.0075 0.6353 0.7802, 0.9449 0.5985 0.7974, 0.9605 0.5876 0.7631, 1.0131 0.6294 0.7614, 1.0159 0.6171 0.7225, 0.9937 0.6019 0.7102, 0.9366 0.6016 0.8071, 0.9605 0.5758 0.7257, 1.0131 0.611 0.7031, 0.9994 0.5994 0.6664, 0.9608 0.5851 0.6213, 0.9449 0.565 0.6914, 0.9259 0.5787 0.601, 0.9162 0.5569 0.6659, 0.8661 0.5706 0.6113, 0.8866 0.5753 0.5905, 0.8661 0.5749 0.5892, 0.8894 0.5766 0.5682, 0.8924 0.5746 0.546, 0.8661 0.5761 0.5667, 0.8661 0.574 0.5442, 0.8661 0.5688 0.5223, 0.8956 0.5694 0.5243, 0.9123 0.578 0.5727, 0.9183 0.5762 0.5511, 0.9244 0.5712 0.53, 0.8965 0.5643 0.6365, 0.9343 0.5804 0.5802, 0.9109 0.5659 0.6414, 0.9431 0.5788 0.5595, 0.9521 0.5742 0.5394, 0.9551 0.5836 0.5904, 0.9245 0.568 0.6481, 0.9665 0.5825 0.5711, 0.9783 0.5783 0.5523, 0.9742 0.5877 0.6033, 0.937 0.5707 0.6565, 0.988 0.5871 0.5856, 1.0023 0.5834 0.5685, 0.9912 0.5925 0.6185, 0.9482 0.5738 0.6665, 1.0073 0.5925 0.6027, 1.0238 0.5894 0.5877, 1.006 0.5979 0.6358, 0.9579 0.5774 0.6779, 1.0239 0.5987 0.6222, 1.0424 0.5963 0.6094, 1.0181 0.6039 0.6548, 1.0376 0.6055 0.6437, 1.0577 0.6039 0.6335, 0.9658 0.5814 0.6903, 1.0274 0.6104 0.6752, 1.0481 0.6128 0.6667, 1.0694 0.6121 0.6592, 0.972 0.5856 0.7037, 1.0337 0.6172 0.6967, 0.9761 0.5901 0.7178, 1.0553 0.6204 0.6909, 1.0773 0.6206 0.6861, 1.0369 0.6242 0.7187, 1.0589 0.6283 0.7159, 1.0813 0.6294 0.714, 0.9782 0.5946 0.7323, 1.0369 0.6312 0.741, 1.0589 0.6362 0.741, 1.0813 0.6383 0.7421, 0.9782 0.5993 0.7469, 1.0337 0.6382 0.7631, 0.9761 0.6038 0.7614, 1.0553 0.6441 0.7659, 1.0772 0.6471 0.7698, 1.0274 0.645 0.7845, 0.972 0.6083 0.7754, 1.0481 0.6518 0.7901, 1.0693 0.6556 0.7969, 1.0181 0.6514 0.8049, 0.9658 0.6125 0.7888, 1.0376 0.6591 0.8132, 1.0575 0.6638 0.8226, 1.006 0.6575 0.824, 0.927 0.6043 0.8157, 1.0239 0.6659 0.8346, 1.0422 0.6713 0.8466, 0.9579 0.6165 0.8013, 0.9912 0.6629 0.8413, 0.9482 0.6201 0.8127, 1.0073 0.672 0.8541, 1.0237 0.6782 0.8683, 0.9742 0.6677 0.8565, 0.937 0.6232 0.8226, 0.988 0.6775 0.8713, 1.0021 0.6843 0.8875, 0.9259 0.6617 0.8635, 0.9066 0.6637 0.87, 0.9123 0.6774 0.887, 0.9245 0.6259 0.8311, 0.9781 0.6894 0.9036, 0.9181 0.6459 0.8495, 0.9109 0.628 0.8378, 0.952 0.6935 0.9165, 0.8866 0.665 0.874, 0.8894 0.6788 0.8915, 0.8661 0.6905 0.9126, 0.8661 0.6491 0.8597, 0.8661 0.6654 0.8753, 0.8661 0.6793 0.8931, 0.7386 0.6019 0.7102, 0.7434 0.5967 0.6939, 0.7247 0.605 0.6843, 0.8257 0.6637 0.87, 0.8484 0.6488 0.8586, 0.831 0.6477 0.8551, 0.7753 0.572 0.7136, 0.7806 0.5684 0.7021, 0.7874 0.565 0.6914, 0.7504 0.5918 0.6784, 0.7329 0.5994 0.6664, 0.7192 0.611 0.7031, 0.7361 0.6072 0.727, 0.7435 0.5941 0.6497, 0.7597 0.5872 0.6639, 0.8161 0.5569 0.6659, 0.7565 0.5893 0.6346, 0.7709 0.583 0.6507, 0.7839 0.5794 0.6391, 0.7714 0.5851 0.6213, 0.8277 0.5551 0.6601, 0.8367 0.5694 0.5243, 0.8398 0.5746 0.546, 0.7772 0.5836 0.5904, 0.7892 0.5788 0.5595, 0.7658 0.5825 0.5711, 0.798 0.5804 0.5802, 0.814 0.5762 0.5511, 0.8081 0.5712 0.5299, 0.7882 0.5815 0.61, 0.7718 0.5758 0.7257, 0.7984 0.5763 0.6294, 0.8401 0.5537 0.6559, 0.8358 0.5643 0.6365, 0.8484 0.5709 0.6124, 0.831 0.572 0.6159, 0.853 0.5529 0.6534, 0.8509 0.5634 0.6335, 0.7164 0.6171 0.7225, 0.7361 0.6125 0.744, 0.7164 0.6233 0.742, 0.7386 0.6178 0.7608, 0.7957 0.5619 0.6817, 0.7434 0.623 0.7771, 0.7192 0.6294 0.7614, 0.77 0.5797 0.7381, 0.77 0.5837 0.7507, 0.7247 0.6353 0.7802, 0.7504 0.6279 0.7927, 0.7718 0.5876 0.7631, 0.7329 0.641 0.7981, 0.7597 0.6325 0.8072, 0.7709 0.6367 0.8203, 0.7435 0.6463 0.8148, 0.7753 0.5915 0.7752, 0.7806 0.5951 0.7867, 0.7565 0.6511 0.8299, 0.7839 0.6403 0.8319, 0.7874 0.5985 0.7974, 0.7714 0.6553 0.8432, 0.7984 0.6434 0.8417, 0.8142 0.6459 0.8495, 0.7882 0.6588 0.8545, 0.7957 0.6016 0.8071, 0.8053 0.6043 0.8157, 0.8064 0.6617 0.8635, 0.8161 0.6066 0.8229, 0.8401 0.6097 0.8329, 0.8277 0.6084 0.8287, 0.8428 0.6788 0.8915, 0.8457 0.665 0.874, 0.8398 0.69 0.9109, 0.8367 0.6982 0.9316, 0.8509 0.6305 0.8457, 0.853 0.6105 0.8355, 0.82 0.6774 0.887, 0.814 0.6884 0.9058, 0.8078 0.6964 0.9259, 0.8358 0.6296 0.8427, 0.798 0.675 0.8795, 0.8214 0.628 0.8378, 0.7892 0.6857 0.8973, 0.7802 0.6934 0.9165, 0.7772 0.6718 0.8693, 0.8078 0.6259 0.8311, 0.7658 0.682 0.8858, 0.754 0.6894 0.9036, 0.7581 0.6677 0.8565, 0.7953 0.6232 0.8226, 0.7442 0.6775 0.8713, 0.73 0.6842 0.8873, 0.7411 0.6629 0.8413, 0.7841 0.6201 0.8127, 0.725 0.672 0.8541, 0.7085 0.6782 0.8682, 0.7263 0.6575 0.824, 0.7744 0.6165 0.8013, 0.7083 0.6659 0.8346, 0.6899 0.6713 0.8464, 0.7142 0.6514 0.8049, 0.6946 0.6591 0.8132, 0.6746 0.6637 0.8224, 0.7664 0.6125 0.7888, 0.7049 0.645 0.7845, 0.6841 0.6518 0.7901, 0.6629 0.6556 0.7967, 0.7603 0.6083 0.7754, 0.6986 0.6382 0.7631, 0.7562 0.6038 0.7614, 0.677 0.6441 0.7659, 0.655 0.647 0.7697, 0.6954 0.6312 0.741, 0.6734 0.6362 0.741, 0.651 0.6382 0.7419, 0.7541 0.5993 0.7469, 0.6954 0.6242 0.7187, 0.6734 0.6283 0.7159, 0.651 0.6293 0.7138, 0.7541 0.5946 0.7323, 0.6986 0.6172 0.6967, 0.7562 0.5901 0.7178, 0.677 0.6204 0.6909, 0.655 0.6206 0.6861, 0.7049 0.6104 0.6752, 0.7603 0.5856 0.7037, 0.6841 0.6128 0.6667, 0.663 0.612 0.659, 0.7142 0.6039 0.6548, 0.7664 0.5814 0.6903, 0.6946 0.6055 0.6437, 0.6747 0.6039 0.6332, 0.7263 0.5979 0.6358, 0.8053 0.5592 0.6731, 0.7083 0.5987 0.6222, 0.69 0.5963 0.6093, 0.7744 0.5774 0.6779, 0.7411 0.5925 0.6185, 0.7841 0.5738 0.6665, 0.725 0.5925 0.6027, 0.7086 0.5894 0.5876, 0.7581 0.5877 0.6033, 0.7953 0.5707 0.6565, 0.7442 0.5871 0.5856, 0.7302 0.5833 0.5684, 0.8064 0.5787 0.601, 0.8257 0.5766 0.5945, 0.82 0.578 0.5727, 0.8078 0.568 0.6481, 0.7542 0.5782 0.5522, 0.8142 0.5738 0.6216, 0.8214 0.5659 0.6414, 0.7803 0.5742 0.5393, 0.8457 0.5753 0.5905, 0.8428 0.5766 0.5682, 0.6777 0.5774 0.816, 0.702 0.5784 0.8347, 0.6886 0.585 0.8399, 0.7028 0.592 0.8621, 0.7151 0.5849 0.8552, 0.7363 0.5634 0.8463, 0.725 0.5578 0.8287, 0.72 0.5984 0.8823, 0.731 0.5908 0.8739, 0.7399 0.604 0.9001, 0.7701 0.6004 0.9042, 0.7622 0.6088 0.9151, 0.75 0.5685 0.8624, 0.7495 0.596 0.8903, 0.7658 0.573 0.8765, 0.7835 0.5768 0.8884, 0.8028 0.5798 0.898, 0.8233 0.582 0.9049, 0.7925 0.6039 0.9152, 0.7865 0.6125 0.927, 0.8122 0.6153 0.9357, 0.8163 0.6065 0.9233, 0.8445 0.5833 0.9091, 0.841 0.608 0.9282, 0.8389 0.617 0.941, 0.82 0.4959 0.5988, 0.8163 0.4991 0.5838, 0.841 0.4975 0.5789, 0.8661 0.6175 0.9428, 0.8661 0.6085 0.9299, 0.8661 0.5972 0.919, 0.8429 0.5966 0.9174, 0.8661 0.5838 0.9106, 0.8661 0.6238 0.9573, 0.8367 0.6232 0.9554, 0.7163 0.5518 0.8097, 0.7105 0.5455 0.7898, 0.6704 0.5695 0.7909, 0.6919 0.5714 0.8126, 0.7075 0.5391 0.7693, 0.6666 0.5613 0.7652, 0.6851 0.5641 0.7894, 0.7075 0.5325 0.7486, 0.6817 0.5566 0.7656, 0.6666 0.5531 0.7391, 0.7105 0.526 0.7281, 0.6704 0.545 0.7134, 0.6817 0.549 0.7415, 0.7163 0.5197 0.7082, 0.6777 0.537 0.6883, 0.6851 0.5414 0.7177, 0.725 0.5137 0.6892, 0.6886 0.5295 0.6644, 0.6919 0.5341 0.6945, 0.7363 0.5081 0.6715, 0.702 0.5271 0.6725, 0.7028 0.5225 0.6422, 0.75 0.5031 0.6555, 0.72 0.5161 0.622, 0.7151 0.5206 0.6519, 0.7658 0.4986 0.6414, 0.7399 0.5105 0.6043, 0.731 0.5147 0.6333, 0.7835 0.4948 0.6294, 0.7622 0.5057 0.5893, 0.7495 0.5095 0.6168, 0.8028 0.4918 0.6199, 0.7865 0.5019 0.5773, 0.7701 0.5051 0.603, 0.8661 0.4879 0.6073, 0.8445 0.4883 0.6088, 0.8661 0.494 0.5927, 0.8233 0.4896 0.613, 0.8429 0.4944 0.5943, 0.7925 0.5016 0.5919, 0.7773 0.5015 0.6165, 0.8122 0.4992 0.5686, 0.8367 0.4943 0.548, 0.8661 0.4937 0.5461, 0.8389 0.4975 0.5633, 0.798 0.4982 0.6063, 0.82 0.5952 0.9129, 0.8078 0.6213 0.9496, 0.798 0.5928 0.9054, 0.7801 0.6184 0.9402, 0.7773 0.5896 0.8952, 0.754 0.6143 0.9274, 0.7582 0.5855 0.8824, 0.73 0.6092 0.9111, 0.7411 0.5807 0.8672, 0.7085 0.6031 0.8919, 0.7264 0.5753 0.8499, 0.6899 0.5962 0.8702, 0.7143 0.5693 0.8309, 0.6746 0.5886 0.8462, 0.705 0.5628 0.8105, 0.6629 0.5805 0.8204, 0.6987 0.556 0.789, 0.655 0.572 0.7935, 0.6955 0.549 0.767, 0.651 0.5631 0.7656, 0.6955 0.542 0.7447, 0.651 0.5543 0.7376, 0.6987 0.535 0.7227, 0.655 0.5455 0.7098, 0.705 0.5283 0.7013, 0.663 0.5369 0.6828, 0.7143 0.5218 0.6808, 0.6747 0.5288 0.657, 0.7264 0.5158 0.6618, 0.69 0.5212 0.6331, 0.7411 0.5103 0.6446, 0.7086 0.5143 0.6113, 0.7582 0.5055 0.6294, 0.7301 0.5083 0.5921, 0.7542 0.5031 0.5759, 0.7804 0.4991 0.5631, 0.8081 0.4961 0.5537, 0.8661 0.497 0.5773, 0.8661 0.4969 0.5615, 0.9823 0.5685 0.8624, 0.9665 0.573 0.8765, 1.0472 0.5641 0.7894, 1.0368 0.549 0.767, 1.0506 0.5566 0.7656, 0.9487 0.5768 0.8884, 0.9911 0.5807 0.8672, 1.0013 0.5908 0.8739, 0.9828 0.596 0.8903, 0.9485 0.6188 0.9417, 0.9201 0.6153 0.9357, 0.9458 0.6125 0.927, 0.9622 0.6004 0.9042, 0.9741 0.5855 0.8824, 0.8934 0.617 0.941, 0.8944 0.6232 0.9555, 0.9295 0.5798 0.898, 0.9398 0.6039 0.9152, 0.955 0.5896 0.8952, 0.8894 0.5966 0.9174, 0.8878 0.5833 0.9091, 0.909 0.582 0.9049, 0.9219 0.6216 0.9503, 0.916 0.6065 0.9233, 0.8913 0.608 0.9282, 0.9123 0.5952 0.9129, 1.0059 0.5753 0.8499, 1.0172 0.5849 0.8552, 0.996 0.5634 0.8463, 1.0073 0.5578 0.8287, 1.0303 0.5784 0.8347, 1.018 0.5693 0.8309, 1.0159 0.5518 0.8097, 1.0273 0.5628 0.8105, 1.0404 0.5714 0.8126, 1.0336 0.556 0.789, 1.0248 0.5391 0.7693, 1.0218 0.5455 0.7898, 1.0248 0.5325 0.7486, 1.0368 0.542 0.7447, 1.0506 0.549 0.7415, 1.0336 0.535 0.7227, 1.0472 0.5414 0.7177, 1.0404 0.5341 0.6945, 1.0273 0.5283 0.7013, 0.9911 0.5103 0.6446, 1.0013 0.5147 0.6333, 1.0172 0.5206 0.6519, 1.0159 0.5197 0.7082, 1.0218 0.526 0.7281, 0.9343 0.4982 0.6063, 0.9398 0.5016 0.5919, 0.9622 0.5051 0.603, 0.9823 0.5031 0.6555, 0.996 0.5081 0.6715, 0.9201 0.4992 0.5686, 0.8913 0.4975 0.5789, 0.8934 0.4975 0.5633, 0.9458 0.5019 0.5773, 0.97 0.5057 0.5893, 0.8894 0.4944 0.5943, 0.8878 0.4883 0.6088, 0.8943 0.4943 0.5478, 0.916 0.4991 0.5838, 0.9295 0.4918 0.6199, 0.9487 0.4948 0.6294, 0.909 0.4896 0.613, 0.9665 0.4986 0.6414, 0.9741 0.5055 0.6294, 0.9828 0.5095 0.6168, 0.955 0.5015 0.6165, 1.0073 0.5137 0.6892, 1.018 0.5218 0.6808, 1.0303 0.5271 0.6725, 1.0059 0.5158 0.6618, 0.9123 0.4959 0.5988, 0.9221 0.4959 0.5531, 0.9487 0.4987 0.5618, 0.9741 0.5024 0.5736, 0.9923 0.5105 0.6043, 0.9975 0.5072 0.5886, 1.0123 0.5161 0.622, 1.0187 0.5128 0.6063, 1.0295 0.5225 0.6422, 1.0373 0.5192 0.6266, 1.0437 0.5295 0.6644, 1.053 0.5263 0.649, 1.0654 0.5339 0.673, 1.0546 0.537 0.6883, 1.0745 0.5419 0.6986, 1.0619 0.545 0.7134, 1.08 0.5503 0.7249, 1.0656 0.5531 0.7391, 1.0818 0.5587 0.7517, 1.0656 0.5613 0.7652, 1.08 0.5672 0.7786, 1.0619 0.5695 0.7909, 1.0744 0.5756 0.805, 1.0546 0.5774 0.816, 1.0654 0.5836 0.8304, 1.0437 0.585 0.8399, 1.0529 0.5913 0.8546, 1.0295 0.592 0.8621, 1.0372 0.5984 0.8769, 1.0123 0.5984 0.8823, 1.0186 0.6047 0.8971, 0.9923 0.604 0.9001, 0.9974 0.6103 0.9149, 0.97 0.6088 0.9151, 0.9737 0.6151 0.9298, 0.9343 0.5928 0.9054, 0.5531 0.6039 0.6333, 0.5512 0.5399 0.6922, 0.5512 0.615 0.6684, 0.5815 0.5717 0.5316, 0.5684 0.507 0.5882, 0.5684 0.5821 0.5645, 0.5589 0.5929 0.5985, 0.5589 0.5178 0.6222, 0.5531 0.5288 0.657, 0.6183 0.4773 0.4944, 0.6183 0.5524 0.4706, 0.6414 0.5437 0.4432, 0.5815 0.4966 0.5553, 0.5982 0.5618 0.5002, 0.5982 0.4867 0.5239, 0.696 0.5288 0.396, 0.7269 0.5227 0.3766, 0.696 0.4537 0.4197, 0.6674 0.5358 0.4182, 0.6674 0.4608 0.442, 0.6414 0.4687 0.4669, 0.7597 0.5176 0.3605, 0.7941 0.5135 0.3477, 0.7597 0.4425 0.3843, 0.7269 0.4476 0.4004, 0.7941 0.4385 0.3715, 0.8297 0.5106 0.3384, 0.8661 0.5088 0.3327, 0.8297 0.4355 0.3621, 0.8661 0.4337 0.3564, 0.5512 0.1233 1.882, 1.1811 0.1399 1.8878, 1.1811 0.1233 1.882, 1.1811 0.1575 1.8898, 0.5512 0.1399 1.8878, 0.5512 0.1575 1.8898, 1.1811 0.0959 1.8601, 1.1811 0.0865 1.8452, 0.5512 0.0865 1.8452, 0.5512 0.0959 1.8601, 0.5512 0.1084 1.8726, 1.1811 0.1084 1.8726, 1.1811 0.0807 1.8285, 0.5512 0.0787 1.811, 0.5512 0.0807 1.8285, 1.1811 0.0787 1.811, 0.5512 0.0861 1.7777, 1.1811 0.0806 1.794, 1.1811 0.0861 1.7777, 0.5512 0.0806 1.794, 1.1811 0.1068 1.7507, 1.1811 0.1211 1.7412, 0.5512 0.1211 1.7412, 0.5512 0.1068 1.7507, 0.5512 0.095 1.7631, 1.1811 0.095 1.7631, 1.1811 0.1371 1.735, 0.5512 0.1371 1.735, 1.1811 0.491 1.6401, 0.5512 0.491 1.6401, 1.1811 0.5288 1.6279, 1.1811 0.6323 1.5695, 0.5512 0.5998 1.5924, 1.1811 0.5998 1.5924, 1.1811 0.5652 1.612, 0.5512 0.5652 1.612, 0.5512 0.5288 1.6279, 0.5512 0.6894 1.5144, 1.1811 0.6894 1.5144, 1.1811 0.7136 1.4829, 0.5512 0.6323 1.5695, 1.1811 0.6622 1.5434, 0.5512 0.6622 1.5434, 1.1811 0.7517 1.4133, 1.1811 0.7653 1.376, 0.5512 0.7517 1.4133, 1.1811 0.7344 1.4491, 0.5512 0.7344 1.4491, 0.5512 0.7136 1.4829, 1.1811 0.7828 1.2585, 0.5512 0.781 1.2982, 1.1811 0.781 1.2982, 0.5512 0.7751 1.3375, 0.5512 0.7653 1.376, 1.1811 0.7751 1.3375, 1.1811 0.7807 1.2188, 0.5512 0.7828 1.2585, 0.5512 0.7807 1.2188, 1.1811 0.7746 1.1795, 1.1811 0.7645 1.1411, 0.5512 0.7746 1.1795, 0.5512 0.7645 1.1411, 0.9026 0.5106 0.3384, 1.0363 0.5288 0.396, 1.0054 0.5227 0.3766, 0.9382 0.5135 0.3477, 0.9726 0.5176 0.3605, 1.0648 0.5358 0.4182, 1.1341 0.5618 0.5002, 1.1507 0.5717 0.5316, 1.0909 0.5437 0.4432, 1.1811 0.615 0.6684, 1.1734 0.5929 0.5985, 1.1792 0.6039 0.6333, 1.1639 0.5821 0.5645, 1.114 0.5524 0.4706, 0.9726 0.4425 0.3843, 0.9382 0.4385 0.3715, 0.9026 0.4355 0.3621, 1.0648 0.4608 0.442, 1.0054 0.4476 0.4004, 1.0363 0.4537 0.4197, 1.1341 0.4867 0.5239, 1.114 0.4773 0.4944, 1.0909 0.4687 0.4669, 1.1639 0.507 0.5882, 1.1507 0.4966 0.5553, 1.1734 0.5178 0.6222, 1.1792 0.5288 0.657, 1.1811 0.5399 0.6922, 1.1811 0.6894 1.1649, 0.5512 0.6894 1.1649, 1.1811 0.5029 1.5535, 1.1811 0.4706 1.5641, 0.5512 0.4706 1.5641, 1.1811 0.5902 1.5022, 1.1811 0.563 1.5225, 0.5512 0.563 1.5225, 1.1811 0.5338 1.5396, 0.5512 0.5029 1.5535, 0.5512 0.5338 1.5396, 0.5512 0.6374 1.4537, 1.1811 0.6568 1.4259, 1.1811 0.6374 1.4537, 0.5512 0.5902 1.5022, 0.5512 0.6151 1.4792, 1.1811 0.6151 1.4792, 1.1811 0.6861 1.3648, 0.5512 0.6861 1.3648, 1.1811 0.6956 1.3323, 1.1811 0.6731 1.3961, 0.5512 0.6568 1.4259, 0.5512 0.6731 1.3961, 1.1811 0.704 1.2651, 0.5512 0.7016 1.2989, 0.5512 0.704 1.2651, 1.1811 0.7016 1.2989, 0.5512 0.6956 1.3323, 0.5512 0.7028 1.2312, 1.1811 0.7028 1.2312, 0.5512 0.6979 1.1977, 1.1811 0.6979 1.1977, 1.1811 0.1167 1.6589, 0.5512 0.1167 1.6589, 1.1811 0.0508 1.6952, 0.5512 0.0707 1.6796, 1.1811 0.0707 1.6796, 1.1811 0.0929 1.6674, 0.5512 0.0929 1.6674, 0.5512 0.0508 1.6952, 1.1811 0.0336 1.7137, 0.5512 0.0336 1.7137, 1.1811 0.0197 1.7348, 0.5512 0.0197 1.7348, 1.1811 0.0197 1.8873, 0.5512 0.0197 1.8873, 0.5512 0.0674 1.9402, 1.1811 0.0674 1.9402, 1.1811 0.088 1.9524, 0.5512 0.0489 1.9251, 1.1811 0.0489 1.9251, 1.1811 0.0328 1.9073, 0.5512 0.0328 1.9073, 0.5512 0.088 1.9524, 1.1811 0.1103 1.9613, 0.5512 0.1103 1.9613, 1.1811 0.1336 1.9667, 0.5512 0.1336 1.9667, 1.1811 0.1575 1.9685, 0.5512 0.1575 1.9685, 1.1811 0.7874 1.9685, 0.5512 0.7874 1.9685, 0.6693 1.0099 0.9803, 0.9449 1.0099 0.9803, 0.9449 0.9475 0.7477, 0.6693 0.9475 0.7477, 1.1811 0.7874 1.8898, 0.5512 0.7874 1.8898, 0.5512 0.8049 1.8878, 0.5512 0.812 1.9666, 0.5512 0.836 1.9608, 0.5512 0.8215 1.882, 0.5512 0.8589 1.9513, 0.5512 0.8365 1.8726, 0.5512 0.8987 1.9224, 0.5512 0.9148 1.9036, 0.5512 0.8583 1.8452, 0.5512 0.9277 1.8825, 0.5512 0.8641 1.8285, 0.5512 0.9372 1.8597, 0.5512 0.9429 1.8357, 0.5512 0.9449 1.811, 0.5512 0.8661 1.811, 0.5512 0.8799 1.9384, 0.5512 0.8489 1.8601, 1.1811 0.9429 1.8357, 1.1811 0.8661 1.811, 1.1811 0.9449 1.811, 1.1811 0.8641 1.8285, 1.1811 0.9372 1.8597, 1.1811 0.9277 1.8825, 1.1811 0.9148 1.9036, 1.1811 0.8583 1.8452, 1.1811 0.8987 1.9224, 1.1811 0.8365 1.8726, 1.1811 0.8489 1.8601, 1.1811 0.8799 1.9384, 1.1811 0.8215 1.882, 1.1811 0.8589 1.9513, 1.1811 0.836 1.9608, 1.1811 0.812 1.9666, 1.1811 0.8049 1.8878, 0.9449 0.9338 1.0007, 0.6693 0.9338 1.0007, 0.6693 0.8715 0.7681, 0.9449 0.8715 0.7681, 0.6693 0.9882 0.9861, 0.9449 0.9449 0.9977, 0.6693 0.9449 0.9977, 0.9449 0.9665 0.9919, 0.9449 0.9882 0.9861, 0.6693 0.9665 0.9919, 0.9449 0.9455 0.7376, 0.9449 0.9449 0.7273, 0.6693 0.9455 0.7376, 0.6693 0.9449 0.7273, 0.374 0.9449 1.811, 0.374 0.8661 0.1969, 0.374 0.8661 1.811, 0.374 0.9449 0.1969, 1.3583 0.9449 1.811, 1.3583 0.8661 1.811, 1.3583 0.8661 -0.9843, 1.3583 0.9449 -0.9843, 0.6693 0.8661 0.7273, 0.6693 0.8675 0.7479, 0.6693 0.8661 1.1417, 0.6693 0.9449 1.1417, 0.9449 0.8661 0.7273, 0.9449 0.8675 0.7479, 0.9449 0.8661 1.1417, 0.9449 0.9449 1.1417, 0.9646 0.8661 0.1969, 0.9646 0.9449 0.1969, 0.9646 0.8661 -0.9843, 0.9666 0.8661 -1.0123, 0.9726 0.8661 -1.0397, 0.9824 0.8661 -1.066, 0.9958 0.8661 -1.0907, 1.0126 0.8661 -1.1132, 1.0325 0.8661 -1.133, 1.055 0.8661 -1.1499, 1.0796 0.8661 -1.1633, 1.1059 0.8661 -1.1731, 1.1334 0.8661 -1.1791, 1.1614 0.8661 -1.1811, 1.1894 0.8661 -1.1791, 1.2169 0.8661 -1.1731, 1.3102 0.8661 -1.1132, 1.327 0.8661 -1.0907, 1.2432 0.8661 -1.1633, 1.2678 0.8661 -1.1499, 1.3405 0.8661 -1.066, 1.3503 0.8661 -1.0397, 1.3563 0.8661 -1.0123, 1.2903 0.8661 -1.133, 1.3563 0.9449 -1.0123, 1.3503 0.9449 -1.0397, 1.3405 0.9449 -1.066, 1.327 0.9449 -1.0907, 1.3102 0.9449 -1.1132, 1.2903 0.9449 -1.133, 1.2678 0.9449 -1.1499, 1.2432 0.9449 -1.1633, 1.2169 0.9449 -1.1731, 1.1894 0.9449 -1.1791, 1.1614 0.9449 -1.1811, 0.9646 0.9449 -0.9843, 1.0796 0.9449 -1.1633, 1.055 0.9449 -1.1499, 1.1334 0.9449 -1.1791, 1.1059 0.9449 -1.1731, 0.9726 0.9449 -1.0397, 0.9666 0.9449 -1.0123, 1.0126 0.9449 -1.1132, 0.9958 0.9449 -1.0907, 0.9824 0.9449 -1.066, 1.0325 0.9449 -1.133, -2.8925 -0.7925 1.1024, -2.9457 -0.7344 1.1024, -2.9457 -0.7344 0.8661, -2.8925 -0.7925 0.8661, -2.8596 -0.7624 0.7952, -2.9128 -0.7043 0.7952, -2.9005 -0.6931 0.7894, -2.8876 -0.6812 0.7874, -2.8344 -0.7393 0.7874, -2.8474 -0.7512 0.7894, -2.933 -0.7228 0.817, -2.8868 -0.7872 0.832, -2.9399 -0.7291 0.832, -2.8798 -0.7809 0.817, -2.9238 -0.7144 0.8046, -2.8706 -0.7725 0.8046, -2.9442 -0.7331 0.8486, -2.8911 -0.7912 0.8486, -2.1238 -0.8226 1.1811, -2.4708 -0.6033 0.7874, -2.1238 -0.8226 0.7874, -2.4708 -0.6033 1.1811, -2.4933 -0.591 0.7874, -2.5677 -0.573 0.7874, -2.5422 -0.5757 0.7874, -2.5422 -0.5757 1.1811, -2.5173 -0.5818 0.7874, -2.4933 -0.591 1.1811, -2.5173 -0.5818 1.1811, -2.6188 -0.5775 1.1811, -2.6434 -0.5847 0.7874, -2.6188 -0.5775 0.7874, -2.5677 -0.573 1.1811, -2.5934 -0.5736 1.1811, -2.5934 -0.5736 0.7874, -2.6669 -0.5951 1.1811, -2.6888 -0.6084 0.7874, -2.6669 -0.5951 0.7874, -2.6434 -0.5847 1.1811, -2.7088 -0.6244 0.7874, -2.6888 -0.6084 1.1811, -2.7088 -0.6244 1.1811, -2.8706 -0.7725 1.1639, -2.8798 -0.7809 1.1515, -2.8868 -0.7872 1.1365, -2.8911 -0.7912 1.1199, -2.8596 -0.7624 1.1733, -2.8474 -0.7512 1.1791, -2.8344 -0.7393 1.1811, -2.9399 -0.7291 1.1365, -2.9442 -0.7331 1.1199, -2.9238 -0.7144 1.1639, -2.9128 -0.7043 1.1733, -2.933 -0.7228 1.1515, -2.9005 -0.6931 1.1791, -2.8876 -0.6812 1.1811, -2.762 -0.5663 1.1811, -2.762 -0.5663 0.7874, -2.6166 -0.4971 1.1811, -2.584 -0.4942 1.1811, -2.6166 -0.4971 0.7874, -2.6485 -0.5038 1.1811, -2.6485 -0.5038 0.7874, -2.6795 -0.5143 0.7874, -2.6795 -0.5143 1.1811, -2.709 -0.5283 0.7874, -2.709 -0.5283 1.1811, -2.7366 -0.5457 1.1811, -2.7366 -0.5457 0.7874, -2.584 -0.4942 0.7874, -2.5514 -0.4952 1.1811, -2.5514 -0.4952 0.7874, -2.5191 -0.5 0.7874, -2.5191 -0.5 1.1811, -2.4875 -0.5086 1.1811, -2.4875 -0.5086 0.7874, -2.4573 -0.5209 1.1811, -2.4573 -0.5209 0.7874, -2.4287 -0.5367 1.1811, -2.4287 -0.5367 0.7874, -2.0816 -0.7561 1.1811, -2.0815 -0.7561 0.7874, -1.7846 -0.7717 0.6269, -0.8588 -0.8202 0.5906, -1.7507 -0.8202 0.5906, -1.9489 -0.8419 0.7874, -1.7524 -0.8522 0.5906, -1.9448 -0.7633 0.7874, -2.0988 -0.8329 0.7874, -2.1118 -0.8288 0.7874, -2.0854 -0.8348 0.7874, -2.0854 -0.8348 1.1811, -2.0988 -0.8329 1.1811, -2.1118 -0.8288 1.1811, -1.9448 -0.7633 1.1811, -1.9489 -0.8419 1.1811, -1.7507 -0.8202 1.378, -1.7846 -0.7717 1.3416, -1.7524 -0.8522 1.378, -0.8588 -0.8202 1.378, 0.0156 -0.8661 1.378, 0.0156 -0.8661 0.5906, 1.2851 -1.0441 1.1417, 0.9248 -0.9476 1.1417, 0.9248 -0.9476 0.8268, 1.2851 -1.0441 0.8268, 1.3055 -0.9681 0.8268, 1.3055 -0.9681 1.1417, 0.9452 -0.8715 0.8268, 0.9452 -0.8715 1.1417, -1.1644 -0.8831 0.5906, 0.0197 -0.8662 0.5906, -0.5765 -0.9139 0.5906, 0.0176 -0.8661 0.5906, 0.0115 -0.9445 0.5906, 0.0156 -0.9447 0.5906, 0.0197 -0.9449 0.5906, -1.1644 -0.8831 1.378, 0.0115 -0.9445 1.378, -0.5765 -0.9139 1.378, 0.0197 -0.8662 1.378, 0.0156 -0.9447 1.378, 0.0197 -0.9449 1.378, 0.0176 -0.8661 1.378, 0.9252 -0.8675 0.8268, 0.9252 -0.8662 1.1417, 0.9353 -0.8692 1.1417, 0.9353 -0.8692 0.8268, 0.9148 -0.8665 1.1417, 0.9044 -0.8662 0.8268, 0.9044 -0.8662 1.1417, 0.0984 -0.8662 1.5157, 0.0275 -0.8662 1.4712, 0.0197 -0.8662 1.437, 0.0217 -0.8662 1.4545, 0.0369 -0.8662 1.4861, 0.0493 -0.8662 1.4986, 0.0643 -0.8662 1.5079, 0.0809 -0.8662 1.5138, 0.0643 -0.8662 0.4606, 0.0197 -0.8662 0.5315, 0.0275 -0.8662 0.4973, 0.0217 -0.8662 0.514, 0.0369 -0.8662 0.4824, 0.0493 -0.8662 0.4699, 0.0809 -0.8662 0.4547, 0.0984 -0.8662 0.4528, 0.9252 -0.8662 0.6496, 1.3976 -0.8662 0.4528, 1.7913 -0.8662 -0.9843, 1.5551 -0.8662 0.6496, 1.3976 -0.8662 -0.9843, 1.4056 -0.8662 -1.0397, 1.3996 -0.8662 -1.0123, 1.4154 -0.8662 -1.066, 1.4289 -0.8662 -1.0907, 1.4457 -0.8662 -1.1132, 1.4881 -0.8662 -1.1499, 1.4656 -0.8662 -1.133, 1.539 -0.8662 -1.1731, 1.5127 -0.8662 -1.1633, 1.5945 -0.8662 -1.1811, 1.5665 -0.8662 -1.1791, 1.6225 -0.8662 -1.1791, 1.6763 -0.8662 -1.1633, 1.65 -0.8662 -1.1731, 1.7234 -0.8662 -1.133, 1.7009 -0.8662 -1.1499, 1.7601 -0.8662 -1.0907, 1.7433 -0.8662 -1.1132, 1.7833 -0.8662 -1.0397, 1.7735 -0.8662 -1.066, 1.7893 -0.8662 -1.0123, 0.9252 -0.8662 1.3189, 1.7913 -0.8662 1.5157, 1.5551 -0.8662 1.3189, 1.5551 -0.9449 0.6496, 1.5551 -0.9449 1.3189, 0.9252 -0.9449 1.3189, 0.9252 -0.8933 1.1417, 0.9252 -0.9191 1.1417, 0.9252 -0.9449 1.1417, 0.9147 -0.9456 1.1417, 0.9044 -0.9449 1.1417, 0.9147 -0.9456 0.8268, 0.9044 -0.9449 0.8268, 0.9252 -0.8933 0.8268, 0.9252 -0.9191 0.8268, 0.9252 -0.9449 0.8268, 0.9252 -0.9449 0.6496, 0.0369 -0.9449 0.4824, 0.0275 -0.9449 0.4973, 0.0197 -0.9449 0.5315, 0.0217 -0.9449 0.514, 0.0493 -0.9449 0.4699, 0.0643 -0.9449 0.4606, 0.0809 -0.9449 0.4547, 0.0984 -0.9449 0.4528, 0.0197 -0.9449 1.437, 0.0493 -0.9449 1.4986, 0.0643 -0.9449 1.5079, 0.0809 -0.9449 1.5138, 0.0984 -0.9449 1.5157, 0.0369 -0.9449 1.4861, 0.0275 -0.9449 1.4712, 0.0217 -0.9449 1.4545, 1.7913 -0.9449 1.5157, 1.7913 -0.9449 -0.9843, 1.3976 -0.9449 -0.9843, 1.3976 -0.9449 0.4528, 1.3996 -0.9449 -1.0123, 1.4056 -0.9449 -1.0397, 1.4154 -0.9449 -1.066, 1.4457 -0.9449 -1.1132, 1.4289 -0.9449 -1.0907, 1.4656 -0.9449 -1.133, 1.4881 -0.9449 -1.1499, 1.5127 -0.9449 -1.1633, 1.539 -0.9449 -1.1731, 1.5665 -0.9449 -1.1791, 1.6225 -0.9449 -1.1791, 1.65 -0.9449 -1.1731, 1.5945 -0.9449 -1.1811, 1.7601 -0.9449 -1.0907, 1.7735 -0.9449 -1.066, 1.7009 -0.9449 -1.1499, 1.7234 -0.9449 -1.133, 1.7833 -0.9449 -1.0397, 1.7893 -0.9449 -1.0123, 1.7433 -0.9449 -1.1132, 1.6763 -0.9449 -1.1633
            ]
        }
        coordIndex [
            0,1,2,-1,3,4,1,-1,3,5,4,-1,1,4,2,-1,6,0,2,-1,5,3,7,-1,8,9,10,-1,8,10,7,-1,10,5,7,-1,11,0,6,-1,12,11,13,-1,6,13,11,-1,14,15,12,-1,12,13,14,-1,15,16,17,-1,16,15,14,-1,16,18,17,-1,17,18,19,-1,20,21,22,-1,23,24,25,-1,26,27,21,-1,21,28,22,-1,29,21,30,-1,31,32,33,-1,28,34,22,-1,35,36,37,-1,38,30,21,-1,33,39,40,-1,33,32,39,-1,41,42,43,-1,44,31,45,-1,46,32,44,-1,31,44,32,-1,41,47,48,-1,30,43,42,-1,30,38,49,-1,41,43,47,-1,50,51,52,-1,53,48,47,-1,54,43,49,-1,55,24,56,-1,47,54,57,-1,58,59,60,-1,61,62,37,-1,61,63,62,-1,35,64,36,-1,65,37,66,-1,67,68,69,-1,70,68,65,-1,71,72,58,-1,73,74,69,-1,23,75,76,-1,77,78,58,-1,75,25,79,-1,80,73,51,-1,53,57,79,-1,34,31,22,-1,31,34,45,-1,81,82,40,-1,21,27,28,-1,33,20,22,-1,21,20,38,-1,83,29,30,-1,21,29,26,-1,31,33,22,-1,81,40,39,-1,20,40,84,-1,84,49,38,-1,85,83,42,-1,30,42,83,-1,30,49,43,-1,86,85,42,-1,33,40,20,-1,87,82,81,-1,88,82,87,-1,20,84,38,-1,84,82,89,-1,86,42,41,-1,49,89,54,-1,54,47,43,-1,90,41,91,-1,86,41,90,-1,91,41,48,-1,92,90,91,-1,40,82,84,-1,93,88,87,-1,93,94,88,-1,84,89,49,-1,95,89,88,-1,55,56,91,-1,95,57,54,-1,57,53,47,-1,48,55,91,-1,96,92,91,-1,82,88,89,-1,97,94,93,-1,97,52,94,-1,89,95,54,-1,95,94,98,-1,99,56,24,-1,98,79,57,-1,25,53,79,-1,56,96,91,-1,48,53,55,-1,55,25,24,-1,100,96,56,-1,88,94,95,-1,50,52,97,-1,101,102,103,-1,95,98,57,-1,98,52,104,-1,53,25,55,-1,104,75,79,-1,99,105,106,-1,75,23,25,-1,56,99,100,-1,24,23,105,-1,107,100,99,-1,94,52,98,-1,80,51,50,-1,78,105,23,-1,98,104,79,-1,51,108,104,-1,109,106,77,-1,76,75,108,-1,24,105,99,-1,76,78,23,-1,99,106,107,-1,105,78,77,-1,110,107,106,-1,52,51,104,-1,111,73,80,-1,78,76,71,-1,104,108,75,-1,112,108,73,-1,58,72,59,-1,71,76,112,-1,105,77,106,-1,78,71,58,-1,106,109,110,-1,60,109,77,-1,113,110,109,-1,51,73,108,-1,111,74,73,-1,114,115,103,-1,108,112,76,-1,112,69,116,-1,103,115,59,-1,72,71,116,-1,113,117,118,-1,109,60,117,-1,77,58,60,-1,117,60,115,-1,113,109,117,-1,73,69,112,-1,74,67,69,-1,59,72,119,-1,112,116,71,-1,68,70,116,-1,119,101,103,-1,119,72,70,-1,118,114,120,-1,117,115,118,-1,60,59,115,-1,118,115,114,-1,113,118,121,-1,69,68,116,-1,67,122,68,-1,66,101,119,-1,116,70,72,-1,70,66,119,-1,123,114,102,-1,120,114,123,-1,59,119,103,-1,114,103,102,-1,120,121,118,-1,68,122,65,-1,61,65,122,-1,36,124,101,-1,70,65,66,-1,66,36,101,-1,102,124,125,-1,102,101,124,-1,123,126,127,-1,126,123,102,-1,120,123,127,-1,61,37,65,-1,62,35,37,-1,64,128,124,-1,66,37,36,-1,64,124,36,-1,125,124,128,-1,125,126,102,-1,129,130,131,-1,130,132,133,-1,134,129,131,-1,135,132,130,-1,136,135,130,-1,132,137,138,-1,139,140,138,-1,140,141,142,-1,140,132,138,-1,142,141,143,-1,139,141,140,-1,131,133,144,-1,145,134,131,-1,146,147,145,-1,148,149,150,-1,151,152,153,-1,154,144,153,-1,155,146,156,-1,156,157,158,-1,159,160,161,-1,162,151,163,-1,164,165,150,-1,166,157,149,-1,164,167,168,-1,162,169,170,-1,168,169,171,-1,172,170,168,-1,171,173,164,-1,174,175,171,-1,176,177,175,-1,177,173,175,-1,130,129,136,-1,135,137,132,-1,178,140,179,-1,132,178,133,-1,142,179,140,-1,180,134,145,-1,147,180,145,-1,181,182,178,-1,131,130,133,-1,132,140,178,-1,133,182,144,-1,179,181,178,-1,131,154,145,-1,155,147,146,-1,183,184,182,-1,154,131,144,-1,152,145,154,-1,133,178,182,-1,144,184,153,-1,181,183,182,-1,146,145,152,-1,158,155,156,-1,185,163,184,-1,152,154,153,-1,186,146,152,-1,144,182,184,-1,153,163,151,-1,183,185,184,-1,156,146,186,-1,166,158,157,-1,187,162,163,-1,186,152,151,-1,156,186,172,-1,153,184,163,-1,151,162,170,-1,185,187,163,-1,157,156,172,-1,188,166,149,-1,151,170,186,-1,172,186,170,-1,172,167,157,-1,169,162,189,-1,170,169,168,-1,187,189,162,-1,149,157,167,-1,148,188,149,-1,190,161,165,-1,167,172,168,-1,167,150,149,-1,171,169,191,-1,164,168,171,-1,189,191,169,-1,160,148,150,-1,190,159,161,-1,167,164,150,-1,161,150,165,-1,173,192,165,-1,173,165,164,-1,191,174,171,-1,190,165,193,-1,160,150,161,-1,193,165,192,-1,192,173,194,-1,177,194,173,-1,175,173,171,-1,195,196,197,-1,198,199,200,-1,201,202,203,-1,196,204,205,-1,206,207,208,-1,209,197,210,-1,175,211,176,-1,207,211,208,-1,205,212,206,-1,210,208,213,-1,189,214,215,-1,213,215,216,-1,198,209,216,-1,217,218,219,-1,220,200,221,-1,214,187,222,-1,223,224,221,-1,185,225,222,-1,226,225,183,-1,221,224,220,-1,223,227,228,-1,228,229,230,-1,226,181,231,-1,230,201,232,-1,232,201,233,-1,230,229,201,-1,203,202,234,-1,203,233,201,-1,202,142,235,-1,202,235,234,-1,179,142,202,-1,235,142,143,-1,181,179,231,-1,205,206,208,-1,179,202,231,-1,231,201,229,-1,236,230,237,-1,232,237,230,-1,202,201,231,-1,183,181,226,-1,224,228,238,-1,236,228,230,-1,226,229,227,-1,228,224,223,-1,239,224,238,-1,228,236,238,-1,231,229,226,-1,185,183,225,-1,229,228,227,-1,240,225,227,-1,240,223,221,-1,241,224,239,-1,226,227,225,-1,187,185,222,-1,220,242,200,-1,227,223,240,-1,243,222,240,-1,224,241,220,-1,221,200,243,-1,244,220,241,-1,225,240,222,-1,189,187,214,-1,245,217,242,-1,240,221,243,-1,199,214,243,-1,220,244,242,-1,242,198,200,-1,245,242,244,-1,222,243,214,-1,191,189,215,-1,219,209,217,-1,243,200,199,-1,199,216,215,-1,242,217,198,-1,217,209,198,-1,245,218,217,-1,214,199,215,-1,174,191,213,-1,219,246,197,-1,199,198,216,-1,210,216,209,-1,219,197,209,-1,218,247,219,-1,191,215,213,-1,175,174,213,-1,196,205,197,-1,216,210,213,-1,210,197,205,-1,246,195,197,-1,247,246,219,-1,213,208,175,-1,211,175,208,-1,204,212,205,-1,210,205,208,-1,204,196,248,-1,195,248,196,-1,249,250,251,-1,252,253,254,-1,32,46,250,-1,255,249,251,-1,256,257,258,-1,257,255,258,-1,258,255,251,-1,259,260,261,-1,262,263,264,-1,265,266,267,-1,254,268,269,-1,266,264,253,-1,270,271,272,-1,273,274,275,-1,272,276,277,-1,277,278,279,-1,280,281,278,-1,276,282,280,-1,283,282,284,-1,285,286,287,-1,122,283,61,-1,277,288,270,-1,283,289,61,-1,275,288,279,-1,290,63,61,-1,274,291,268,-1,292,273,279,-1,293,294,295,-1,296,291,273,-1,252,297,266,-1,293,298,294,-1,261,253,264,-1,299,257,265,-1,259,264,263,-1,262,257,256,-1,249,255,300,-1,257,262,264,-1,300,32,249,-1,255,299,300,-1,32,250,249,-1,264,265,257,-1,266,253,252,-1,266,265,264,-1,301,39,300,-1,257,299,255,-1,299,267,301,-1,32,300,39,-1,259,261,264,-1,260,302,298,-1,303,304,305,-1,306,307,295,-1,298,261,260,-1,252,254,269,-1,254,253,261,-1,81,301,308,-1,299,301,300,-1,265,267,299,-1,267,297,308,-1,39,301,81,-1,309,261,298,-1,302,294,298,-1,269,310,252,-1,309,254,261,-1,309,298,311,-1,297,312,308,-1,268,254,309,-1,87,308,312,-1,267,308,301,-1,266,297,267,-1,297,310,312,-1,81,308,87,-1,293,311,298,-1,306,295,294,-1,291,313,269,-1,311,268,309,-1,311,293,314,-1,310,315,312,-1,274,268,311,-1,291,269,268,-1,315,93,312,-1,252,310,297,-1,310,313,315,-1,87,312,93,-1,295,314,293,-1,316,307,306,-1,314,274,311,-1,314,295,317,-1,313,318,315,-1,274,314,275,-1,273,291,274,-1,318,97,315,-1,269,313,310,-1,313,296,318,-1,93,315,97,-1,307,317,295,-1,304,303,316,-1,271,285,287,-1,317,275,314,-1,317,307,319,-1,296,320,318,-1,317,288,275,-1,279,273,275,-1,320,50,318,-1,291,296,313,-1,296,292,320,-1,97,318,50,-1,307,303,319,-1,316,303,307,-1,305,304,321,-1,319,288,317,-1,303,322,319,-1,292,281,320,-1,270,288,319,-1,277,279,288,-1,281,80,320,-1,273,292,296,-1,292,278,281,-1,50,320,80,-1,305,322,303,-1,323,321,304,-1,285,324,325,-1,322,270,319,-1,322,305,326,-1,272,287,284,-1,322,271,270,-1,277,270,272,-1,281,74,111,-1,279,278,292,-1,278,276,280,-1,80,281,111,-1,321,326,305,-1,321,327,324,-1,327,328,329,-1,326,271,322,-1,324,326,321,-1,330,331,286,-1,271,326,285,-1,271,287,272,-1,280,67,74,-1,277,276,278,-1,276,284,282,-1,74,281,280,-1,323,327,321,-1,329,328,332,-1,326,324,285,-1,327,329,324,-1,325,286,285,-1,284,287,331,-1,282,122,67,-1,272,284,276,-1,331,283,284,-1,67,280,282,-1,325,329,332,-1,329,325,324,-1,332,333,325,-1,333,334,325,-1,325,334,286,-1,287,286,331,-1,286,334,330,-1,289,283,331,-1,330,289,331,-1,122,282,283,-1,333,335,334,-1,335,336,334,-1,334,336,330,-1,336,337,330,-1,337,290,289,-1,337,289,330,-1,61,289,290,-1,338,339,340,-1,341,342,343,-1,344,193,345,-1,143,346,340,-1,346,143,141,-1,347,139,348,-1,348,139,138,-1,349,350,351,-1,135,352,353,-1,180,354,134,-1,355,356,357,-1,356,358,359,-1,360,134,354,-1,361,362,155,-1,363,364,365,-1,366,188,367,-1,368,369,370,-1,371,372,373,-1,193,344,190,-1,374,375,376,-1,192,345,193,-1,377,378,379,-1,375,380,379,-1,381,382,345,-1,383,382,384,-1,385,386,387,-1,381,387,388,-1,177,176,385,-1,385,387,177,-1,389,390,391,-1,390,392,393,-1,394,389,376,-1,372,395,396,-1,377,380,373,-1,397,396,398,-1,399,397,400,-1,148,401,367,-1,402,166,366,-1,369,399,403,-1,404,405,368,-1,159,406,160,-1,362,407,147,-1,408,365,405,-1,364,409,358,-1,361,155,158,-1,349,355,410,-1,360,411,129,-1,351,412,341,-1,137,353,413,-1,347,346,141,-1,129,411,136,-1,339,343,414,-1,414,343,415,-1,416,414,415,-1,417,416,415,-1,417,418,419,-1,419,418,420,-1,421,420,422,-1,346,338,340,-1,139,347,141,-1,342,423,415,-1,338,343,339,-1,413,138,137,-1,417,424,418,-1,341,343,338,-1,342,415,343,-1,418,425,422,-1,416,417,419,-1,417,423,424,-1,422,420,418,-1,346,426,338,-1,426,346,347,-1,412,427,342,-1,426,341,338,-1,428,426,347,-1,423,429,424,-1,351,341,426,-1,412,342,341,-1,424,430,425,-1,415,423,417,-1,423,427,429,-1,425,418,424,-1,348,428,347,-1,353,137,135,-1,350,431,412,-1,428,351,426,-1,428,348,432,-1,427,433,429,-1,349,351,428,-1,350,412,351,-1,429,434,430,-1,342,427,423,-1,427,431,433,-1,430,424,429,-1,348,413,432,-1,413,348,138,-1,410,435,350,-1,432,349,428,-1,436,432,413,-1,431,437,433,-1,355,349,432,-1,410,350,349,-1,433,438,434,-1,412,431,427,-1,431,435,437,-1,434,429,433,-1,353,436,413,-1,136,352,135,-1,357,439,410,-1,436,355,432,-1,440,436,353,-1,435,441,437,-1,356,355,436,-1,357,410,355,-1,437,442,438,-1,350,435,431,-1,435,439,441,-1,438,433,437,-1,440,353,352,-1,360,129,134,-1,359,443,357,-1,440,356,436,-1,444,440,352,-1,439,445,441,-1,358,356,440,-1,359,357,356,-1,441,446,442,-1,410,439,435,-1,439,443,445,-1,442,437,441,-1,352,411,444,-1,411,352,136,-1,409,447,359,-1,444,358,440,-1,407,180,147,-1,443,448,445,-1,364,358,444,-1,409,359,358,-1,445,449,446,-1,357,443,439,-1,443,447,448,-1,446,441,445,-1,411,450,444,-1,450,411,360,-1,363,451,409,-1,450,364,444,-1,362,147,155,-1,447,452,448,-1,365,364,450,-1,363,409,364,-1,448,453,449,-1,359,447,443,-1,447,451,452,-1,449,445,448,-1,360,454,450,-1,354,454,360,-1,408,455,363,-1,454,365,450,-1,456,454,354,-1,451,457,452,-1,405,365,454,-1,408,363,365,-1,452,458,453,-1,409,451,447,-1,451,455,457,-1,453,448,452,-1,354,407,456,-1,407,354,180,-1,404,459,408,-1,456,405,454,-1,402,158,166,-1,455,460,457,-1,368,405,456,-1,404,408,405,-1,457,461,458,-1,363,455,451,-1,455,459,460,-1,458,452,457,-1,407,462,456,-1,462,407,362,-1,370,463,404,-1,462,368,456,-1,366,166,188,-1,459,464,460,-1,369,368,462,-1,370,404,368,-1,460,465,461,-1,408,459,455,-1,459,463,464,-1,461,457,460,-1,362,466,462,-1,361,466,362,-1,403,467,370,-1,466,369,462,-1,468,466,361,-1,463,469,464,-1,399,369,466,-1,403,370,369,-1,464,470,465,-1,404,463,459,-1,463,467,469,-1,465,460,464,-1,361,402,468,-1,402,361,158,-1,400,471,403,-1,468,399,466,-1,468,402,472,-1,467,473,469,-1,397,399,468,-1,400,403,399,-1,469,474,470,-1,370,467,463,-1,467,471,473,-1,470,464,469,-1,366,472,402,-1,148,367,188,-1,398,475,400,-1,472,397,468,-1,472,366,476,-1,471,477,473,-1,396,397,472,-1,398,400,397,-1,473,478,474,-1,403,471,467,-1,471,475,477,-1,474,469,473,-1,367,476,366,-1,160,401,148,-1,395,479,398,-1,476,396,472,-1,480,159,190,-1,475,481,477,-1,372,396,476,-1,395,398,396,-1,477,482,478,-1,400,475,471,-1,475,479,481,-1,478,473,477,-1,367,483,476,-1,483,367,401,-1,371,484,395,-1,483,372,476,-1,485,483,401,-1,479,486,481,-1,373,372,483,-1,371,395,372,-1,481,487,482,-1,398,479,475,-1,479,484,486,-1,482,477,481,-1,401,406,485,-1,406,401,160,-1,380,488,371,-1,485,373,483,-1,406,489,485,-1,484,490,486,-1,373,485,377,-1,380,371,373,-1,486,491,487,-1,395,484,479,-1,484,488,490,-1,487,481,486,-1,406,480,489,-1,480,406,159,-1,492,493,494,-1,489,377,485,-1,495,489,480,-1,488,374,490,-1,489,378,377,-1,379,380,377,-1,490,496,491,-1,371,488,484,-1,488,375,374,-1,491,486,490,-1,480,344,495,-1,344,480,190,-1,378,497,492,-1,495,378,489,-1,344,498,495,-1,379,492,394,-1,378,495,497,-1,379,378,492,-1,374,499,496,-1,380,375,488,-1,375,394,376,-1,496,490,374,-1,345,498,344,-1,194,381,192,-1,383,497,498,-1,498,497,495,-1,498,382,383,-1,493,492,497,-1,497,383,493,-1,394,492,494,-1,376,391,499,-1,379,394,375,-1,394,494,389,-1,499,374,376,-1,192,381,345,-1,194,177,387,-1,493,383,500,-1,345,382,498,-1,382,388,384,-1,494,493,501,-1,383,384,500,-1,502,393,392,-1,493,500,501,-1,392,389,494,-1,501,392,494,-1,391,376,389,-1,194,387,381,-1,381,388,382,-1,386,503,388,-1,387,386,388,-1,503,504,384,-1,388,503,384,-1,504,505,500,-1,384,504,500,-1,505,502,501,-1,500,505,501,-1,502,392,501,-1,390,389,392,-1,239,506,507,-1,508,509,510,-1,511,232,233,-1,512,513,514,-1,515,516,517,-1,518,506,238,-1,519,520,521,-1,521,522,517,-1,421,523,524,-1,525,519,526,-1,203,527,233,-1,528,529,530,-1,529,531,532,-1,514,516,533,-1,241,507,534,-1,532,525,535,-1,527,536,537,-1,538,535,526,-1,523,539,528,-1,540,541,537,-1,235,340,542,-1,543,536,542,-1,235,143,340,-1,542,340,339,-1,544,545,513,-1,545,546,547,-1,237,548,236,-1,549,547,550,-1,551,552,245,-1,553,554,549,-1,218,552,555,-1,554,556,557,-1,245,244,551,-1,558,557,559,-1,560,561,246,-1,562,563,558,-1,195,561,564,-1,563,565,566,-1,246,247,560,-1,567,566,568,-1,569,570,204,-1,571,510,567,-1,212,570,572,-1,573,207,574,-1,564,248,195,-1,575,504,576,-1,509,503,386,-1,576,504,503,-1,577,502,505,-1,503,509,576,-1,577,505,575,-1,393,502,578,-1,509,386,579,-1,385,579,386,-1,176,580,385,-1,385,580,579,-1,511,233,527,-1,580,176,211,-1,207,573,211,-1,206,574,207,-1,211,573,580,-1,508,581,576,-1,572,206,212,-1,575,582,577,-1,510,509,579,-1,508,576,509,-1,577,583,578,-1,504,575,505,-1,575,581,582,-1,578,502,577,-1,580,584,579,-1,584,580,573,-1,571,585,508,-1,584,510,579,-1,586,584,573,-1,581,587,582,-1,567,510,584,-1,571,508,510,-1,582,588,583,-1,576,581,575,-1,581,585,587,-1,583,577,582,-1,574,586,573,-1,570,212,204,-1,568,589,571,-1,586,567,584,-1,586,574,590,-1,585,591,587,-1,566,567,586,-1,568,571,567,-1,587,592,588,-1,508,585,581,-1,585,589,591,-1,588,582,587,-1,574,572,590,-1,572,574,206,-1,565,593,568,-1,590,566,586,-1,594,590,572,-1,589,595,591,-1,563,566,590,-1,565,568,566,-1,591,596,592,-1,571,589,585,-1,589,593,595,-1,592,587,591,-1,570,594,572,-1,248,569,204,-1,562,597,565,-1,594,563,590,-1,598,594,570,-1,593,599,595,-1,558,563,594,-1,562,565,563,-1,595,600,596,-1,568,593,589,-1,593,597,599,-1,596,591,595,-1,598,570,569,-1,561,195,246,-1,559,601,562,-1,598,558,594,-1,602,598,569,-1,597,603,599,-1,557,558,598,-1,559,562,558,-1,599,604,600,-1,565,597,593,-1,597,601,603,-1,600,595,599,-1,569,564,602,-1,564,569,248,-1,556,605,559,-1,602,557,598,-1,555,247,218,-1,601,606,603,-1,554,557,602,-1,556,559,557,-1,603,607,604,-1,562,601,597,-1,601,605,606,-1,604,599,603,-1,564,608,602,-1,608,564,561,-1,553,609,556,-1,608,554,602,-1,552,218,245,-1,605,610,606,-1,549,554,608,-1,553,556,554,-1,606,611,607,-1,559,605,601,-1,605,609,610,-1,607,603,606,-1,561,612,608,-1,560,612,561,-1,550,613,553,-1,612,549,608,-1,614,612,560,-1,609,615,610,-1,547,549,612,-1,550,553,549,-1,610,616,611,-1,556,609,605,-1,609,613,615,-1,611,606,610,-1,560,555,614,-1,555,560,247,-1,546,617,550,-1,614,547,612,-1,534,244,241,-1,613,618,615,-1,545,547,614,-1,546,550,547,-1,615,619,616,-1,553,613,609,-1,613,617,618,-1,616,610,615,-1,555,620,614,-1,620,555,552,-1,544,621,546,-1,620,545,614,-1,507,241,239,-1,617,622,618,-1,513,545,620,-1,544,546,545,-1,618,623,619,-1,550,617,613,-1,617,621,622,-1,619,615,618,-1,552,624,620,-1,551,624,552,-1,512,625,544,-1,624,513,620,-1,626,624,551,-1,621,627,622,-1,514,513,624,-1,512,544,513,-1,622,628,623,-1,546,621,617,-1,621,625,627,-1,623,618,622,-1,551,534,626,-1,534,551,244,-1,533,629,512,-1,626,514,624,-1,626,534,630,-1,625,631,627,-1,516,514,626,-1,533,512,514,-1,627,632,628,-1,544,625,621,-1,625,629,631,-1,628,622,627,-1,507,630,534,-1,238,506,239,-1,515,633,533,-1,630,516,626,-1,630,507,634,-1,629,635,631,-1,517,516,630,-1,515,533,516,-1,631,636,632,-1,512,629,625,-1,629,633,635,-1,632,627,631,-1,506,634,507,-1,236,518,238,-1,522,637,515,-1,634,517,630,-1,638,237,232,-1,633,639,635,-1,521,517,634,-1,522,515,517,-1,635,640,636,-1,533,633,629,-1,633,637,639,-1,636,631,635,-1,506,641,634,-1,641,506,518,-1,520,642,522,-1,641,521,634,-1,643,641,518,-1,637,644,639,-1,519,521,641,-1,520,522,521,-1,639,645,640,-1,515,637,633,-1,637,642,644,-1,640,635,639,-1,518,548,643,-1,548,518,236,-1,525,646,520,-1,643,519,641,-1,548,647,643,-1,642,648,644,-1,519,643,526,-1,525,520,519,-1,644,649,645,-1,522,642,637,-1,642,646,648,-1,645,639,644,-1,548,638,647,-1,638,548,237,-1,650,651,652,-1,647,526,643,-1,653,647,638,-1,646,531,648,-1,647,538,526,-1,535,525,526,-1,648,654,649,-1,520,646,642,-1,646,532,531,-1,649,644,648,-1,638,511,653,-1,511,638,232,-1,538,655,650,-1,653,538,647,-1,511,656,653,-1,535,650,530,-1,538,653,655,-1,535,538,650,-1,531,657,654,-1,525,532,646,-1,532,530,529,-1,654,648,531,-1,527,656,511,-1,234,536,203,-1,541,655,656,-1,656,655,653,-1,656,537,541,-1,651,650,655,-1,655,541,651,-1,530,650,652,-1,529,539,657,-1,535,530,532,-1,530,652,528,-1,657,531,529,-1,203,536,527,-1,234,235,542,-1,651,541,658,-1,527,537,656,-1,537,543,540,-1,652,651,659,-1,541,540,658,-1,420,421,524,-1,651,658,659,-1,524,528,652,-1,659,524,652,-1,539,529,528,-1,234,542,536,-1,536,543,537,-1,339,414,543,-1,542,339,543,-1,414,416,540,-1,543,414,540,-1,416,419,658,-1,540,416,658,-1,419,420,659,-1,658,419,659,-1,420,524,659,-1,523,528,524,-1,660,661,662,-1,663,662,664,-1,259,665,666,-1,667,663,668,-1,669,670,671,-1,665,263,672,-1,669,667,673,-1,674,672,262,-1,256,675,674,-1,675,258,676,-1,677,676,251,-1,678,679,671,-1,680,679,681,-1,682,250,46,-1,680,683,684,-1,685,686,687,-1,250,682,677,-1,688,684,689,-1,684,683,689,-1,690,691,692,-1,692,682,46,-1,693,694,688,-1,666,695,260,-1,695,696,302,-1,697,698,660,-1,699,294,696,-1,697,700,701,-1,699,702,306,-1,703,700,704,-1,705,316,702,-1,706,707,704,-1,304,705,708,-1,709,710,706,-1,708,711,323,-1,712,713,709,-1,714,327,711,-1,715,712,716,-1,328,714,717,-1,718,719,716,-1,717,720,332,-1,721,722,718,-1,723,333,720,-1,721,724,725,-1,723,726,335,-1,727,728,724,-1,729,730,731,-1,685,732,726,-1,730,732,733,-1,730,733,731,-1,728,734,735,-1,290,729,63,-1,727,736,734,-1,737,738,739,-1,686,740,734,-1,682,692,691,-1,251,250,677,-1,689,683,690,-1,691,690,683,-1,682,691,741,-1,688,694,684,-1,680,681,683,-1,742,684,694,-1,677,682,741,-1,258,251,676,-1,683,681,691,-1,741,691,681,-1,743,677,741,-1,680,742,744,-1,681,679,678,-1,742,680,684,-1,676,677,743,-1,256,258,675,-1,681,678,741,-1,743,741,678,-1,676,743,745,-1,679,744,746,-1,670,678,671,-1,744,679,680,-1,675,676,745,-1,262,256,674,-1,678,670,743,-1,745,743,670,-1,675,745,747,-1,671,679,746,-1,669,673,670,-1,748,671,746,-1,674,675,747,-1,263,262,672,-1,670,673,745,-1,747,745,673,-1,749,674,747,-1,669,748,750,-1,673,667,668,-1,748,669,671,-1,672,674,749,-1,259,263,665,-1,673,668,747,-1,749,747,668,-1,672,749,751,-1,667,750,752,-1,668,663,664,-1,750,667,669,-1,665,672,751,-1,260,259,666,-1,668,664,749,-1,751,749,664,-1,665,751,753,-1,667,752,663,-1,662,661,664,-1,754,663,752,-1,666,665,753,-1,302,260,695,-1,664,661,751,-1,753,751,661,-1,755,666,753,-1,662,754,756,-1,661,660,698,-1,754,662,663,-1,695,666,755,-1,294,302,696,-1,661,698,753,-1,755,753,698,-1,695,755,757,-1,660,756,758,-1,698,697,701,-1,756,660,662,-1,696,695,757,-1,306,294,699,-1,698,701,755,-1,757,755,701,-1,696,757,759,-1,697,758,760,-1,701,700,703,-1,758,697,660,-1,699,696,759,-1,316,306,702,-1,701,703,757,-1,759,757,703,-1,761,699,759,-1,700,760,762,-1,703,704,707,-1,760,700,697,-1,702,699,761,-1,304,316,705,-1,703,707,759,-1,761,759,707,-1,702,761,763,-1,704,762,764,-1,710,707,706,-1,762,704,700,-1,705,702,763,-1,323,304,708,-1,707,710,761,-1,763,761,710,-1,705,763,765,-1,706,704,764,-1,709,713,710,-1,766,706,764,-1,708,705,765,-1,327,323,711,-1,710,713,763,-1,765,763,713,-1,767,708,765,-1,709,766,768,-1,713,712,715,-1,766,709,706,-1,711,708,767,-1,328,327,714,-1,713,715,765,-1,767,765,715,-1,711,767,769,-1,709,768,712,-1,715,716,719,-1,770,712,768,-1,714,711,769,-1,332,328,717,-1,715,719,767,-1,769,767,719,-1,714,769,771,-1,772,716,770,-1,719,718,722,-1,770,716,712,-1,717,714,771,-1,333,332,720,-1,719,722,769,-1,771,769,722,-1,717,771,773,-1,718,772,774,-1,722,721,725,-1,772,718,716,-1,720,717,773,-1,335,333,723,-1,722,725,771,-1,773,771,725,-1,720,773,735,-1,718,774,721,-1,724,728,725,-1,775,721,774,-1,723,720,735,-1,336,335,726,-1,725,728,773,-1,735,773,728,-1,740,723,735,-1,724,775,776,-1,728,727,734,-1,775,724,721,-1,726,723,740,-1,337,336,732,-1,739,686,736,-1,740,735,734,-1,740,686,685,-1,727,776,777,-1,734,736,686,-1,776,727,724,-1,336,726,732,-1,730,290,337,-1,739,736,737,-1,726,740,685,-1,733,685,687,-1,736,777,737,-1,687,686,739,-1,777,736,727,-1,337,732,730,-1,290,730,729,-1,778,731,733,-1,732,685,733,-1,733,687,778,-1,779,778,687,-1,687,739,779,-1,738,779,739,-1,780,781,29,-1,782,783,784,-1,781,785,26,-1,786,787,788,-1,789,790,791,-1,788,792,793,-1,794,795,693,-1,27,785,796,-1,790,797,791,-1,792,797,798,-1,799,800,801,-1,802,794,790,-1,803,804,805,-1,801,796,805,-1,800,690,692,-1,799,690,800,-1,806,807,787,-1,44,692,46,-1,808,780,85,-1,796,34,28,-1,808,86,809,-1,810,807,811,-1,812,809,90,-1,810,813,814,-1,83,780,29,-1,815,782,814,-1,816,817,100,-1,817,812,96,-1,818,816,107,-1,784,819,820,-1,92,812,90,-1,821,822,820,-1,823,822,824,-1,825,826,827,-1,828,829,121,-1,830,831,832,-1,126,833,834,-1,835,836,837,-1,831,838,839,-1,840,731,836,-1,729,840,841,-1,778,779,837,-1,836,778,837,-1,738,842,779,-1,731,840,729,-1,841,62,63,-1,63,729,841,-1,835,838,843,-1,844,845,64,-1,844,35,846,-1,125,847,833,-1,128,845,847,-1,826,848,849,-1,849,850,832,-1,851,828,120,-1,834,851,127,-1,852,853,823,-1,854,827,853,-1,113,829,818,-1,35,62,846,-1,110,818,107,-1,846,62,841,-1,840,855,841,-1,837,779,842,-1,731,778,836,-1,836,835,843,-1,856,837,842,-1,846,841,855,-1,64,35,844,-1,836,843,840,-1,855,840,843,-1,830,846,855,-1,835,837,856,-1,843,838,831,-1,857,835,856,-1,844,846,830,-1,128,64,845,-1,843,831,855,-1,830,855,831,-1,850,844,830,-1,838,835,857,-1,831,839,832,-1,858,838,857,-1,845,844,850,-1,125,128,847,-1,832,839,859,-1,850,830,832,-1,848,845,850,-1,839,838,858,-1,832,859,849,-1,860,839,858,-1,847,845,848,-1,126,125,833,-1,849,859,861,-1,848,850,849,-1,825,847,848,-1,859,839,860,-1,849,861,826,-1,862,859,860,-1,833,847,825,-1,127,126,834,-1,826,861,863,-1,825,848,826,-1,854,833,825,-1,861,859,862,-1,826,863,827,-1,864,861,862,-1,834,833,854,-1,120,127,851,-1,827,863,865,-1,854,825,827,-1,852,834,854,-1,863,861,864,-1,827,865,853,-1,866,863,864,-1,851,834,852,-1,121,120,828,-1,867,868,865,-1,852,854,853,-1,824,851,852,-1,865,863,866,-1,853,868,823,-1,867,865,866,-1,828,851,824,-1,113,121,829,-1,869,870,868,-1,824,852,823,-1,821,828,824,-1,853,865,868,-1,823,870,822,-1,867,869,868,-1,829,828,821,-1,110,113,818,-1,871,872,870,-1,821,824,822,-1,819,829,821,-1,823,868,870,-1,822,872,820,-1,869,871,870,-1,818,829,819,-1,100,107,816,-1,873,874,872,-1,819,821,820,-1,783,818,819,-1,822,870,872,-1,820,874,784,-1,871,873,872,-1,816,818,783,-1,96,100,817,-1,875,876,874,-1,783,819,784,-1,815,816,783,-1,820,872,874,-1,784,876,782,-1,873,875,874,-1,817,816,815,-1,92,96,812,-1,877,878,876,-1,815,783,782,-1,813,817,815,-1,784,874,876,-1,782,878,814,-1,875,877,876,-1,812,817,813,-1,86,90,809,-1,879,880,878,-1,813,815,814,-1,811,812,813,-1,782,876,878,-1,814,880,810,-1,877,879,878,-1,809,812,811,-1,85,86,808,-1,881,882,880,-1,811,813,810,-1,806,809,811,-1,814,878,880,-1,810,882,807,-1,879,881,880,-1,808,809,806,-1,83,85,780,-1,883,884,882,-1,806,811,807,-1,786,808,806,-1,810,880,882,-1,807,884,787,-1,881,883,882,-1,780,808,786,-1,26,29,781,-1,885,886,884,-1,786,806,787,-1,793,780,786,-1,807,882,884,-1,787,886,788,-1,883,885,884,-1,781,780,793,-1,27,26,785,-1,887,888,886,-1,793,786,788,-1,798,781,793,-1,787,884,886,-1,788,888,792,-1,885,887,886,-1,785,781,798,-1,28,27,796,-1,889,791,888,-1,798,793,792,-1,798,890,785,-1,788,886,888,-1,792,791,797,-1,887,889,888,-1,796,785,890,-1,801,45,34,-1,797,803,890,-1,890,798,797,-1,805,890,803,-1,792,888,791,-1,797,790,803,-1,889,789,791,-1,34,796,801,-1,45,800,44,-1,693,688,794,-1,796,890,805,-1,805,804,799,-1,794,803,790,-1,804,803,794,-1,789,802,790,-1,45,801,800,-1,44,800,692,-1,689,690,799,-1,801,805,799,-1,799,804,689,-1,688,689,804,-1,688,804,794,-1,802,795,794,-1,891,892,893,-1,891,893,894,-1,895,896,897,-1,898,899,900,-1,901,902,903,-1,904,905,906,-1,907,908,909,-1,910,911,912,-1,913,914,915,-1,916,917,918,-1,918,919,916,-1,920,917,921,-1,917,920,918,-1,922,923,921,-1,920,921,923,-1,924,923,922,-1,919,912,911,-1,916,919,911,-1,913,910,914,-1,910,912,914,-1,904,906,915,-1,906,913,915,-1,909,908,905,-1,909,905,904,-1,907,899,898,-1,907,898,908,-1,900,902,901,-1,899,902,900,-1,895,903,896,-1,901,903,895,-1,925,926,927,-1,928,929,930,-1,931,932,933,-1,934,935,936,-1,937,938,939,-1,939,932,937,-1,932,939,933,-1,937,940,938,-1,925,929,926,-1,931,934,936,-1,934,931,933,-1,935,925,927,-1,936,935,927,-1,929,928,926,-1,941,942,943,-1,944,945,943,-1,943,942,944,-1,946,945,947,-1,944,947,945,-1,948,946,947,-1,949,942,941,-1,949,950,951,-1,950,949,941,-1,952,940,951,-1,951,950,952,-1,952,938,940,-1,948,953,954,-1,948,954,946,-1,955,954,953,-1,956,957,958,-1,959,960,961,-1,962,963,964,-1,965,966,967,-1,968,969,970,-1,971,972,973,-1,974,975,976,-1,977,978,979,-1,974,980,981,-1,981,975,974,-1,982,980,983,-1,980,982,981,-1,984,985,983,-1,982,983,985,-1,986,985,984,-1,979,976,977,-1,975,977,976,-1,969,978,970,-1,979,978,969,-1,971,968,972,-1,968,970,972,-1,962,964,973,-1,964,971,973,-1,967,966,963,-1,967,963,962,-1,965,957,956,-1,965,956,966,-1,958,960,959,-1,957,960,958,-1,955,961,954,-1,959,961,955,-1,905,640,645,-1,913,649,654,-1,645,649,906,-1,911,654,657,-1,523,917,539,-1,657,539,916,-1,921,523,421,-1,422,987,421,-1,987,922,421,-1,988,989,434,-1,422,425,990,-1,991,425,430,-1,989,991,430,-1,992,434,438,-1,993,446,994,-1,995,992,438,-1,984,996,474,-1,997,453,998,-1,465,470,996,-1,984,474,478,-1,998,458,996,-1,458,461,996,-1,994,449,999,-1,997,999,449,-1,995,442,1000,-1,446,993,1000,-1,632,895,628,-1,640,908,898,-1,390,393,984,-1,984,393,986,-1,636,898,900,-1,499,391,984,-1,984,391,390,-1,491,496,984,-1,984,496,499,-1,482,487,984,-1,984,487,491,-1,984,478,482,-1,474,996,470,-1,461,465,996,-1,998,453,458,-1,997,449,453,-1,994,446,449,-1,1000,442,446,-1,995,438,442,-1,992,988,434,-1,989,430,434,-1,425,991,990,-1,990,987,422,-1,922,921,421,-1,921,917,523,-1,917,916,539,-1,916,911,657,-1,910,913,654,-1,654,911,910,-1,913,906,649,-1,906,905,645,-1,905,908,640,-1,898,636,640,-1,636,901,632,-1,901,636,900,-1,897,619,623,-1,632,901,895,-1,897,623,628,-1,895,897,628,-1,897,611,616,-1,619,897,616,-1,607,611,986,-1,897,986,611,-1,600,604,986,-1,986,604,607,-1,592,596,986,-1,986,596,600,-1,583,588,986,-1,986,588,592,-1,393,578,986,-1,986,578,583,-1,987,924,922,-1,989,1001,991,-1,990,1002,1003,-1,1004,992,995,-1,1005,988,1006,-1,993,994,1007,-1,1000,1008,1009,-1,999,997,1010,-1,1010,1011,999,-1,1012,997,998,-1,997,1012,1010,-1,996,1013,998,-1,1012,998,1013,-1,1014,1013,996,-1,1011,1007,994,-1,999,1011,994,-1,1000,993,1008,-1,993,1007,1008,-1,1004,995,1009,-1,995,1000,1009,-1,1006,988,992,-1,1006,992,1004,-1,1005,1001,989,-1,1005,989,988,-1,991,1002,990,-1,1001,1002,991,-1,987,1003,924,-1,990,1003,987,-1,904,772,770,-1,914,775,774,-1,772,915,774,-1,918,776,919,-1,920,737,777,-1,777,776,918,-1,923,738,737,-1,1002,842,1003,-1,924,1003,738,-1,1006,858,1005,-1,842,1002,856,-1,1001,857,856,-1,857,1001,1005,-1,1004,860,858,-1,896,762,760,-1,1009,862,860,-1,869,1014,871,-1,867,1010,1012,-1,869,1013,1014,-1,873,871,1014,-1,867,1012,869,-1,1013,869,1012,-1,866,1011,1010,-1,867,866,1010,-1,862,1009,1008,-1,1008,1007,864,-1,756,896,758,-1,768,899,907,-1,770,907,909,-1,881,1015,883,-1,1007,866,864,-1,1011,866,1007,-1,1008,864,862,-1,1009,860,1004,-1,1004,858,1006,-1,1005,858,857,-1,856,1002,1001,-1,842,738,1003,-1,924,738,923,-1,923,737,920,-1,920,777,918,-1,776,775,919,-1,912,775,914,-1,775,912,919,-1,914,774,915,-1,915,772,904,-1,904,770,909,-1,907,770,768,-1,768,766,902,-1,902,899,768,-1,903,766,764,-1,766,903,902,-1,896,764,762,-1,903,764,896,-1,742,1016,744,-1,760,758,896,-1,754,1016,756,-1,896,756,1016,-1,750,1016,752,-1,1016,754,752,-1,746,1016,748,-1,1016,750,748,-1,1016,746,744,-1,1016,694,693,-1,742,694,1016,-1,1015,1016,693,-1,802,1015,795,-1,1015,693,795,-1,889,1015,789,-1,1015,802,789,-1,885,1015,887,-1,1015,889,887,-1,881,879,1015,-1,1015,885,883,-1,877,1014,879,-1,1015,879,1014,-1,873,1014,875,-1,1014,877,875,-1,1017,1018,1019,-1,1020,1021,1022,-1,1023,1024,1025,-1,1026,1027,1028,-1,1029,1030,1031,-1,1032,1033,1034,-1,1035,1036,1037,-1,1038,1039,1040,-1,1039,1041,1042,-1,1040,1043,1044,-1,1044,1038,1040,-1,1045,1046,1043,-1,1044,1043,1046,-1,1015,1045,1016,-1,1045,1015,1046,-1,1034,1042,1041,-1,1038,1041,1039,-1,1032,1037,1033,-1,1034,1033,1042,-1,1027,1036,1035,-1,1035,1037,1032,-1,1030,1026,1028,-1,1026,1036,1027,-1,1029,1031,1020,-1,1030,1028,1031,-1,1022,1021,1025,-1,1029,1020,1022,-1,1023,1017,1024,-1,1021,1023,1025,-1,1019,1024,1017,-1,19,1019,1018,-1,19,18,1019,-1,1047,9,8,-1,1048,1049,1050,-1,1051,1052,1053,-1,1054,1055,1056,-1,1057,1058,1059,-1,1060,1061,1062,-1,1061,1060,1063,-1,1064,1065,1062,-1,1060,1062,1065,-1,1066,1065,1064,-1,1063,1054,1056,-1,1056,1061,1063,-1,1059,1058,1055,-1,1059,1055,1054,-1,1057,1049,1048,-1,1057,1048,1058,-1,1050,1052,1051,-1,1049,1052,1050,-1,1047,1053,9,-1,1051,1053,1047,-1,1066,1064,1067,-1,1066,1067,1068,-1,891,894,1069,-1,1069,1070,891,-1,892,1071,893,-1,1071,892,1072,-1,1069,893,1071,-1,1073,1071,1074,-1,1073,1075,1071,-1,1071,1076,1069,-1,893,1069,894,-1,1075,1076,1071,-1,1070,1072,892,-1,1077,1078,1072,-1,1077,1072,1079,-1,1072,1070,1080,-1,892,891,1070,-1,1079,1072,1080,-1,930,1081,928,-1,930,1082,1081,-1,1083,1084,1085,-1,939,1049,933,-1,933,1059,934,-1,935,1063,925,-1,1063,935,1054,-1,929,925,1060,-1,1063,1060,925,-1,1066,929,1065,-1,929,1060,1065,-1,1086,1087,1088,-1,930,929,1066,-1,1087,1089,1088,-1,1090,1086,1091,-1,1090,1087,1086,-1,1092,1091,1093,-1,1086,1093,1091,-1,1093,1094,1092,-1,1095,1096,1097,-1,1098,1085,1099,-1,962,973,1036,-1,1098,1099,1095,-1,1097,1096,1094,-1,1097,1094,1093,-1,1095,1099,1096,-1,1052,939,1053,-1,1083,1085,1098,-1,1084,1082,1068,-1,1083,1082,1084,-1,1082,930,1068,-1,933,1049,1057,-1,1068,930,1066,-1,1059,1054,934,-1,1054,935,934,-1,1057,1059,933,-1,1052,1049,939,-1,939,938,1053,-1,1053,938,9,-1,952,5,10,-1,943,14,941,-1,6,950,941,-1,946,1019,18,-1,16,943,945,-1,1045,1043,985,-1,1040,975,981,-1,985,986,1045,-1,1016,1045,986,-1,985,1043,982,-1,981,1043,1040,-1,981,982,1043,-1,1039,977,975,-1,1042,1033,978,-1,977,1042,978,-1,972,1037,973,-1,1033,972,970,-1,1030,965,967,-1,962,1026,967,-1,897,1016,986,-1,896,1016,897,-1,961,960,1025,-1,18,945,946,-1,950,6,2,-1,1024,1019,954,-1,965,1029,957,-1,957,1022,960,-1,1039,975,1040,-1,1042,977,1039,-1,970,978,1033,-1,1037,972,1033,-1,1036,973,1037,-1,1026,962,1036,-1,1030,967,1026,-1,1029,965,1030,-1,1022,957,1029,-1,1025,960,1022,-1,961,1024,954,-1,1025,1024,961,-1,954,1019,946,-1,14,943,16,-1,18,16,945,-1,13,6,941,-1,941,14,13,-1,952,2,4,-1,2,952,950,-1,10,938,952,-1,4,5,952,-1,938,10,9,-1,1100,1101,1102,-1,928,1081,1067,-1,1100,1103,1104,-1,1104,1101,1100,-1,1105,1104,1106,-1,1103,1106,1104,-1,1105,1106,1107,-1,1108,1109,1110,-1,1107,1111,1105,-1,1112,1113,1114,-1,951,7,3,-1,1109,1112,1110,-1,1028,963,966,-1,1115,1108,1116,-1,1113,1111,1114,-1,1113,1105,1111,-1,1112,1114,1110,-1,1115,1109,1108,-1,1115,1116,1081,-1,1116,1067,1081,-1,1055,936,1056,-1,936,1055,931,-1,1050,937,932,-1,931,1058,932,-1,8,7,940,-1,1051,1047,937,-1,0,11,949,-1,951,0,949,-1,944,942,15,-1,11,942,949,-1,19,948,947,-1,17,19,947,-1,1046,983,1044,-1,1038,974,976,-1,983,1046,984,-1,1015,984,1046,-1,983,980,1044,-1,974,1038,1044,-1,974,1044,980,-1,1041,976,979,-1,1034,969,1032,-1,979,969,1034,-1,971,964,1035,-1,1032,968,971,-1,956,1031,966,-1,1027,964,963,-1,996,984,1015,-1,1014,996,1015,-1,955,1023,959,-1,1018,948,19,-1,944,17,947,-1,1017,953,1018,-1,956,958,1020,-1,958,959,1021,-1,1041,1038,976,-1,1034,1041,979,-1,968,1032,969,-1,1035,1032,971,-1,1027,1035,964,-1,1028,1027,963,-1,1031,1028,966,-1,1020,1031,956,-1,1021,1020,958,-1,1023,1021,959,-1,955,953,1017,-1,1023,955,1017,-1,953,948,1018,-1,15,17,944,-1,12,942,11,-1,12,15,942,-1,1,0,951,-1,951,940,7,-1,951,3,1,-1,937,1047,940,-1,1047,8,940,-1,1050,1051,937,-1,1058,1048,932,-1,932,1048,1050,-1,931,1055,1058,-1,936,927,1056,-1,1061,927,926,-1,927,1061,1056,-1,1062,926,1064,-1,1062,1061,926,-1,1064,926,928,-1,928,1067,1064,-1,1116,1068,1067,-1,1114,1099,1110,-1,1108,1085,1084,-1,1092,1107,1106,-1,1096,1111,1094,-1,1090,1103,1100,-1,1103,1090,1091,-1,1102,1087,1100,-1,1090,1100,1087,-1,1089,1087,1102,-1,1091,1092,1106,-1,1106,1103,1091,-1,1094,1111,1107,-1,1094,1107,1092,-1,1096,1099,1114,-1,1096,1114,1111,-1,1110,1085,1108,-1,1099,1085,1110,-1,1116,1084,1068,-1,1108,1084,1116,-1,1080,1070,1069,-1,1079,1076,1075,-1,1076,1080,1069,-1,1079,1080,1076,-1,1071,1078,1074,-1,1072,1078,1071,-1,1077,1074,1078,-1,1074,1077,1073,-1,1117,1073,1118,-1,1073,1117,1075,-1,1117,1118,1119,-1,1119,1120,1117,-1,1120,1119,1077,-1,1077,1079,1120,-1,1121,1122,1123,-1,1122,1121,1124,-1,1089,1121,1123,-1,1089,1123,1088,-1,1115,1081,1082,-1,1113,1112,1095,-1,1109,1083,1098,-1,1086,1104,1093,-1,1097,1093,1105,-1,1101,1086,1088,-1,1086,1101,1104,-1,1113,1097,1105,-1,1093,1104,1105,-1,1095,1112,1098,-1,1097,1113,1095,-1,1109,1115,1083,-1,1112,1109,1098,-1,1082,1083,1115,-1,1125,1101,1126,-1,1101,1125,1102,-1,1125,1127,1128,-1,1125,1126,1127,-1,1129,1122,1124,-1,1124,1130,1129,-1,1131,1132,1133,-1,1126,1129,1127,-1,1101,1088,1118,-1,1131,1133,1134,-1,1119,1123,1122,-1,1131,1134,1135,-1,1136,1137,1131,-1,1136,1131,1135,-1,1138,1139,1131,-1,1138,1131,1137,-1,1131,1140,1129,-1,1140,1131,1139,-1,1129,1141,1142,-1,1140,1141,1129,-1,1143,1144,1127,-1,1142,1143,1129,-1,1145,1146,1127,-1,1127,1147,1148,-1,1149,1150,1127,-1,1151,1127,1150,-1,1127,1152,1145,-1,1146,1149,1127,-1,1152,1127,1148,-1,1144,1147,1127,-1,1127,1129,1143,-1,1101,1118,1073,-1,1119,1118,1088,-1,1123,1119,1088,-1,1122,1077,1119,-1,1073,1126,1101,-1,1126,1073,1129,-1,1122,1129,1077,-1,1073,1077,1129,-1,1102,1075,1117,-1,1124,1120,1079,-1,1075,1130,1079,-1,1125,1128,1130,-1,1079,1130,1124,-1,1153,1154,1155,-1,1156,1153,1157,-1,1158,1154,1153,-1,1153,1159,1160,-1,1158,1153,1160,-1,1161,1157,1153,-1,1159,1153,1156,-1,1153,1130,1162,-1,1162,1161,1153,-1,1130,1163,1164,-1,1162,1130,1164,-1,1128,1165,1130,-1,1163,1130,1165,-1,1166,1167,1128,-1,1128,1167,1165,-1,1168,1169,1128,-1,1128,1169,1166,-1,1170,1171,1128,-1,1128,1171,1168,-1,1172,1173,1128,-1,1128,1173,1170,-1,1128,1174,1172,-1,1075,1102,1125,-1,1102,1117,1089,-1,1125,1130,1075,-1,1120,1121,1089,-1,1120,1124,1121,-1,1117,1120,1089,-1,1130,1131,1129,-1,1131,1130,1153,-1,1151,1128,1127,-1,1146,1173,1149,-1,1150,1172,1174,-1,1168,1152,1148,-1,1170,1145,1171,-1,1166,1144,1167,-1,1147,1166,1169,-1,1165,1167,1143,-1,1144,1143,1167,-1,1142,1163,1165,-1,1165,1143,1142,-1,1148,1147,1169,-1,1147,1144,1166,-1,1171,1152,1168,-1,1168,1148,1169,-1,1170,1146,1145,-1,1171,1145,1152,-1,1173,1172,1149,-1,1170,1173,1146,-1,1150,1174,1151,-1,1149,1172,1150,-1,1128,1151,1174,-1,1135,1160,1159,-1,1136,1159,1156,-1,1159,1136,1135,-1,1160,1134,1158,-1,1134,1160,1135,-1,1133,1158,1134,-1,1158,1133,1154,-1,1132,1155,1154,-1,1154,1133,1132,-1,1131,1153,1155,-1,1132,1131,1155,-1,1137,1136,1156,-1,1137,1157,1138,-1,1157,1137,1156,-1,1139,1138,1161,-1,1157,1161,1138,-1,1162,1140,1139,-1,1139,1161,1162,-1,1140,1164,1141,-1,1164,1140,1162,-1,1164,1163,1141,-1,1141,1163,1142,-1,1175,1176,1177,-1,1176,1178,1177,-1,1179,1178,1180,-1,1176,1180,1178,-1,1181,1179,1182,-1,1179,1180,1182,-1,1175,1177,1183,-1,1184,1181,1182,-1,1184,1185,1181,-1,1175,1183,1186,-1,1187,1186,1188,-1,1183,1188,1186,-1,1189,1190,1187,-1,1187,1188,1189,-1,1190,1191,1192,-1,1191,1190,1189,-1,1191,1193,1192,-1,1192,1193,1194,-1,1195,1196,1197,-1,1198,1199,1200,-1,1201,1202,1196,-1,1196,1203,1197,-1,1204,1196,1205,-1,1206,1207,1208,-1,1203,1209,1197,-1,1210,1211,1212,-1,1213,1205,1196,-1,1208,1214,1215,-1,1208,1207,1214,-1,1216,1217,1218,-1,1219,1206,1220,-1,1221,1207,1219,-1,1206,1219,1207,-1,1216,1222,1223,-1,1205,1218,1217,-1,1205,1213,1224,-1,1216,1218,1222,-1,1225,1226,1227,-1,1228,1223,1222,-1,1229,1218,1224,-1,1230,1199,1231,-1,1222,1229,1232,-1,1233,1234,1235,-1,1236,1237,1212,-1,1236,1238,1237,-1,1210,1239,1211,-1,1240,1212,1241,-1,1242,1243,1244,-1,1245,1243,1240,-1,1246,1247,1233,-1,1248,1249,1244,-1,1198,1250,1251,-1,1252,1253,1233,-1,1250,1200,1254,-1,1255,1248,1226,-1,1228,1232,1254,-1,1209,1206,1197,-1,1206,1209,1220,-1,1256,1257,1215,-1,1196,1202,1203,-1,1208,1195,1197,-1,1196,1195,1213,-1,1258,1204,1205,-1,1196,1204,1201,-1,1206,1208,1197,-1,1256,1215,1214,-1,1195,1215,1259,-1,1259,1224,1213,-1,1260,1258,1217,-1,1205,1217,1258,-1,1205,1224,1218,-1,1261,1260,1217,-1,1208,1215,1195,-1,1262,1257,1256,-1,1263,1257,1262,-1,1195,1259,1213,-1,1259,1257,1264,-1,1261,1217,1216,-1,1224,1264,1229,-1,1229,1222,1218,-1,1265,1216,1266,-1,1261,1216,1265,-1,1266,1216,1223,-1,1267,1265,1266,-1,1215,1257,1259,-1,1268,1263,1262,-1,1268,1269,1263,-1,1259,1264,1224,-1,1270,1264,1263,-1,1230,1231,1266,-1,1270,1232,1229,-1,1232,1228,1222,-1,1223,1230,1266,-1,1271,1267,1266,-1,1257,1263,1264,-1,1272,1269,1268,-1,1272,1227,1269,-1,1264,1270,1229,-1,1270,1269,1273,-1,1274,1231,1199,-1,1273,1254,1232,-1,1200,1228,1254,-1,1231,1271,1266,-1,1223,1228,1230,-1,1230,1200,1199,-1,1275,1271,1231,-1,1263,1269,1270,-1,1225,1227,1272,-1,1276,1277,1278,-1,1270,1273,1232,-1,1273,1227,1279,-1,1228,1200,1230,-1,1279,1250,1254,-1,1274,1280,1281,-1,1250,1198,1200,-1,1231,1274,1275,-1,1199,1198,1280,-1,1282,1275,1274,-1,1269,1227,1273,-1,1255,1226,1225,-1,1253,1280,1198,-1,1273,1279,1254,-1,1226,1283,1279,-1,1284,1281,1252,-1,1251,1250,1283,-1,1199,1280,1274,-1,1251,1253,1198,-1,1274,1281,1282,-1,1280,1253,1252,-1,1285,1282,1281,-1,1227,1226,1279,-1,1286,1248,1255,-1,1253,1251,1246,-1,1279,1283,1250,-1,1287,1283,1248,-1,1233,1247,1234,-1,1246,1251,1287,-1,1280,1252,1281,-1,1253,1246,1233,-1,1281,1284,1285,-1,1235,1284,1252,-1,1288,1285,1284,-1,1226,1248,1283,-1,1286,1249,1248,-1,1289,1290,1278,-1,1283,1287,1251,-1,1287,1244,1291,-1,1278,1290,1234,-1,1247,1246,1291,-1,1288,1292,1293,-1,1284,1235,1292,-1,1252,1233,1235,-1,1292,1235,1290,-1,1288,1284,1292,-1,1248,1244,1287,-1,1249,1242,1244,-1,1234,1247,1294,-1,1287,1291,1246,-1,1243,1245,1291,-1,1294,1276,1278,-1,1294,1247,1245,-1,1293,1289,1295,-1,1292,1290,1293,-1,1235,1234,1290,-1,1293,1290,1289,-1,1288,1293,1296,-1,1244,1243,1291,-1,1242,1297,1243,-1,1241,1276,1294,-1,1291,1245,1247,-1,1245,1241,1294,-1,1298,1289,1277,-1,1295,1289,1298,-1,1234,1294,1278,-1,1289,1278,1277,-1,1295,1296,1293,-1,1243,1297,1240,-1,1236,1240,1297,-1,1211,1299,1276,-1,1245,1240,1241,-1,1241,1211,1276,-1,1277,1299,1300,-1,1277,1276,1299,-1,1298,1301,1302,-1,1301,1298,1277,-1,1295,1298,1302,-1,1236,1212,1240,-1,1237,1210,1212,-1,1239,1303,1299,-1,1241,1212,1211,-1,1239,1299,1211,-1,1300,1299,1303,-1,1300,1301,1277,-1,1304,1305,1306,-1,1305,1307,1308,-1,1309,1304,1306,-1,1310,1307,1305,-1,1311,1310,1305,-1,1307,1312,1313,-1,1314,1315,1313,-1,1315,1316,1317,-1,1315,1307,1313,-1,1317,1316,1318,-1,1314,1316,1315,-1,1306,1308,1319,-1,1320,1309,1306,-1,1321,1322,1320,-1,1323,1324,1325,-1,1326,1327,1328,-1,1329,1319,1328,-1,1330,1321,1331,-1,1331,1332,1333,-1,1334,1335,1336,-1,1337,1326,1338,-1,1339,1340,1325,-1,1341,1332,1324,-1,1339,1342,1343,-1,1337,1344,1345,-1,1343,1344,1346,-1,1347,1345,1343,-1,1346,1348,1339,-1,1349,1350,1346,-1,1351,1352,1350,-1,1352,1348,1350,-1,1305,1304,1311,-1,1310,1312,1307,-1,1353,1315,1354,-1,1307,1353,1308,-1,1317,1354,1315,-1,1355,1309,1320,-1,1322,1355,1320,-1,1356,1357,1353,-1,1306,1305,1308,-1,1307,1315,1353,-1,1308,1357,1319,-1,1354,1356,1353,-1,1306,1329,1320,-1,1330,1322,1321,-1,1358,1359,1357,-1,1329,1306,1319,-1,1327,1320,1329,-1,1308,1353,1357,-1,1319,1359,1328,-1,1356,1358,1357,-1,1321,1320,1327,-1,1333,1330,1331,-1,1360,1338,1359,-1,1327,1329,1328,-1,1361,1321,1327,-1,1319,1357,1359,-1,1328,1338,1326,-1,1358,1360,1359,-1,1331,1321,1361,-1,1341,1333,1332,-1,1362,1337,1338,-1,1361,1327,1326,-1,1331,1361,1347,-1,1328,1359,1338,-1,1326,1337,1345,-1,1360,1362,1338,-1,1332,1331,1347,-1,1363,1341,1324,-1,1326,1345,1361,-1,1347,1361,1345,-1,1347,1342,1332,-1,1344,1337,1364,-1,1345,1344,1343,-1,1362,1364,1337,-1,1324,1332,1342,-1,1323,1363,1324,-1,1365,1336,1340,-1,1342,1347,1343,-1,1342,1325,1324,-1,1346,1344,1366,-1,1339,1343,1346,-1,1364,1366,1344,-1,1335,1323,1325,-1,1365,1334,1336,-1,1342,1339,1325,-1,1336,1325,1340,-1,1348,1367,1340,-1,1348,1340,1339,-1,1366,1349,1346,-1,1365,1340,1368,-1,1335,1325,1336,-1,1368,1340,1367,-1,1367,1348,1369,-1,1352,1369,1348,-1,1350,1348,1346,-1,1370,1371,1372,-1,1373,1374,1375,-1,1370,1376,1377,-1,1378,1371,1379,-1,1380,1381,1382,-1,1380,1377,1383,-1,1381,1384,1382,-1,1350,1384,1351,-1,1385,1379,1382,-1,1364,1386,1387,-1,1385,1387,1388,-1,1373,1378,1388,-1,1389,1390,1391,-1,1392,1375,1393,-1,1386,1362,1394,-1,1395,1396,1393,-1,1360,1397,1394,-1,1398,1397,1358,-1,1393,1396,1392,-1,1395,1399,1400,-1,1400,1401,1402,-1,1398,1356,1403,-1,1402,1404,1405,-1,1405,1404,1406,-1,1402,1401,1404,-1,1407,1408,1409,-1,1407,1406,1404,-1,1408,1317,1410,-1,1408,1410,1409,-1,1410,1317,1318,-1,1404,1408,1407,-1,1317,1408,1354,-1,1356,1354,1403,-1,1377,1380,1382,-1,1354,1408,1403,-1,1403,1404,1401,-1,1411,1402,1412,-1,1405,1412,1402,-1,1408,1404,1403,-1,1358,1356,1398,-1,1396,1400,1413,-1,1411,1400,1402,-1,1398,1401,1399,-1,1400,1396,1395,-1,1414,1396,1413,-1,1400,1411,1413,-1,1403,1401,1398,-1,1360,1358,1397,-1,1401,1400,1399,-1,1415,1397,1399,-1,1415,1395,1393,-1,1416,1396,1414,-1,1398,1399,1397,-1,1362,1360,1394,-1,1392,1417,1375,-1,1399,1395,1415,-1,1418,1394,1415,-1,1396,1416,1392,-1,1393,1375,1418,-1,1419,1392,1416,-1,1397,1415,1394,-1,1364,1362,1386,-1,1420,1389,1417,-1,1415,1393,1418,-1,1374,1386,1418,-1,1392,1419,1417,-1,1417,1373,1375,-1,1420,1417,1419,-1,1394,1418,1386,-1,1366,1364,1387,-1,1391,1378,1389,-1,1418,1375,1374,-1,1374,1388,1387,-1,1417,1389,1373,-1,1389,1378,1373,-1,1420,1390,1389,-1,1386,1374,1387,-1,1349,1366,1385,-1,1391,1421,1371,-1,1374,1373,1388,-1,1379,1388,1378,-1,1391,1371,1378,-1,1390,1422,1391,-1,1366,1387,1385,-1,1350,1349,1385,-1,1370,1377,1371,-1,1388,1379,1385,-1,1379,1371,1377,-1,1421,1372,1371,-1,1422,1421,1391,-1,1385,1382,1350,-1,1384,1350,1382,-1,1376,1383,1377,-1,1379,1377,1382,-1,1376,1370,1423,-1,1372,1423,1370,-1,1424,1425,1426,-1,1427,1428,1429,-1,1207,1221,1425,-1,1430,1424,1426,-1,1431,1432,1433,-1,1432,1430,1433,-1,1433,1430,1426,-1,1434,1435,1436,-1,1437,1438,1439,-1,1440,1441,1442,-1,1429,1443,1444,-1,1441,1439,1428,-1,1445,1446,1447,-1,1448,1449,1450,-1,1447,1451,1452,-1,1452,1453,1454,-1,1455,1456,1453,-1,1451,1457,1455,-1,1458,1457,1459,-1,1460,1461,1462,-1,1297,1458,1236,-1,1452,1463,1445,-1,1458,1464,1236,-1,1450,1463,1454,-1,1465,1238,1236,-1,1449,1466,1443,-1,1467,1448,1454,-1,1468,1469,1470,-1,1471,1466,1448,-1,1427,1472,1441,-1,1468,1473,1469,-1,1436,1428,1439,-1,1474,1432,1440,-1,1434,1439,1438,-1,1437,1432,1431,-1,1424,1430,1475,-1,1432,1437,1439,-1,1475,1207,1424,-1,1430,1474,1475,-1,1207,1425,1424,-1,1439,1440,1432,-1,1441,1428,1427,-1,1441,1440,1439,-1,1476,1214,1475,-1,1432,1474,1430,-1,1474,1442,1476,-1,1207,1475,1214,-1,1434,1436,1439,-1,1435,1477,1473,-1,1478,1479,1480,-1,1481,1482,1470,-1,1473,1436,1435,-1,1427,1429,1444,-1,1429,1428,1436,-1,1256,1476,1483,-1,1474,1476,1475,-1,1440,1442,1474,-1,1442,1472,1483,-1,1214,1476,1256,-1,1484,1436,1473,-1,1477,1469,1473,-1,1444,1485,1427,-1,1484,1429,1436,-1,1484,1473,1486,-1,1472,1487,1483,-1,1443,1429,1484,-1,1262,1483,1487,-1,1442,1483,1476,-1,1441,1472,1442,-1,1472,1485,1487,-1,1256,1483,1262,-1,1468,1486,1473,-1,1481,1470,1469,-1,1466,1488,1444,-1,1486,1443,1484,-1,1486,1468,1489,-1,1485,1490,1487,-1,1449,1443,1486,-1,1466,1444,1443,-1,1490,1268,1487,-1,1427,1485,1472,-1,1485,1488,1490,-1,1262,1487,1268,-1,1470,1489,1468,-1,1491,1482,1481,-1,1489,1449,1486,-1,1489,1470,1492,-1,1488,1493,1490,-1,1449,1489,1450,-1,1448,1466,1449,-1,1493,1272,1490,-1,1444,1488,1485,-1,1488,1471,1493,-1,1268,1490,1272,-1,1482,1492,1470,-1,1479,1478,1491,-1,1446,1460,1462,-1,1492,1450,1489,-1,1492,1482,1494,-1,1471,1495,1493,-1,1492,1463,1450,-1,1454,1448,1450,-1,1495,1225,1493,-1,1466,1471,1488,-1,1471,1467,1495,-1,1272,1493,1225,-1,1482,1478,1494,-1,1491,1478,1482,-1,1480,1479,1496,-1,1494,1463,1492,-1,1478,1497,1494,-1,1467,1456,1495,-1,1445,1463,1494,-1,1452,1454,1463,-1,1456,1255,1495,-1,1448,1467,1471,-1,1467,1453,1456,-1,1225,1495,1255,-1,1480,1497,1478,-1,1498,1496,1479,-1,1460,1499,1500,-1,1497,1445,1494,-1,1497,1480,1501,-1,1447,1462,1459,-1,1497,1446,1445,-1,1452,1445,1447,-1,1456,1249,1286,-1,1454,1453,1467,-1,1453,1451,1455,-1,1255,1456,1286,-1,1496,1501,1480,-1,1496,1502,1499,-1,1502,1503,1504,-1,1501,1446,1497,-1,1499,1501,1496,-1,1505,1506,1461,-1,1446,1501,1460,-1,1446,1462,1447,-1,1455,1242,1249,-1,1452,1451,1453,-1,1451,1459,1457,-1,1249,1456,1455,-1,1498,1502,1496,-1,1504,1503,1507,-1,1501,1499,1460,-1,1502,1504,1499,-1,1500,1461,1460,-1,1459,1462,1506,-1,1457,1297,1242,-1,1447,1459,1451,-1,1506,1458,1459,-1,1242,1455,1457,-1,1500,1504,1507,-1,1504,1500,1499,-1,1507,1508,1500,-1,1508,1509,1500,-1,1500,1509,1461,-1,1462,1461,1506,-1,1461,1509,1505,-1,1464,1458,1506,-1,1505,1464,1506,-1,1297,1457,1458,-1,1508,1510,1509,-1,1510,1511,1509,-1,1509,1511,1505,-1,1511,1512,1505,-1,1512,1465,1464,-1,1512,1464,1505,-1,1236,1464,1465,-1,1513,1514,1515,-1,1516,1517,1518,-1,1519,1368,1520,-1,1318,1521,1515,-1,1521,1318,1316,-1,1522,1314,1523,-1,1523,1314,1313,-1,1524,1525,1526,-1,1310,1527,1528,-1,1355,1529,1309,-1,1530,1531,1532,-1,1531,1533,1534,-1,1535,1309,1529,-1,1536,1537,1330,-1,1538,1539,1540,-1,1541,1363,1542,-1,1543,1544,1545,-1,1546,1547,1548,-1,1368,1519,1365,-1,1549,1550,1551,-1,1367,1520,1368,-1,1552,1553,1554,-1,1550,1555,1554,-1,1556,1557,1520,-1,1558,1557,1559,-1,1560,1561,1562,-1,1556,1562,1563,-1,1352,1351,1560,-1,1560,1562,1352,-1,1564,1565,1566,-1,1565,1567,1568,-1,1569,1564,1551,-1,1547,1570,1571,-1,1552,1555,1548,-1,1572,1571,1573,-1,1574,1572,1575,-1,1323,1576,1542,-1,1577,1341,1541,-1,1544,1574,1578,-1,1579,1580,1543,-1,1334,1581,1335,-1,1537,1582,1322,-1,1583,1540,1580,-1,1539,1584,1533,-1,1536,1330,1333,-1,1524,1530,1585,-1,1535,1586,1304,-1,1526,1587,1516,-1,1312,1528,1588,-1,1522,1521,1316,-1,1304,1586,1311,-1,1514,1518,1589,-1,1589,1518,1590,-1,1591,1589,1590,-1,1592,1591,1590,-1,1592,1593,1594,-1,1594,1593,1595,-1,1596,1595,1597,-1,1521,1513,1515,-1,1314,1522,1316,-1,1517,1598,1590,-1,1513,1518,1514,-1,1588,1313,1312,-1,1592,1599,1593,-1,1516,1518,1513,-1,1517,1590,1518,-1,1593,1600,1597,-1,1591,1592,1594,-1,1592,1598,1599,-1,1597,1595,1593,-1,1521,1601,1513,-1,1601,1521,1522,-1,1587,1602,1517,-1,1601,1516,1513,-1,1603,1601,1522,-1,1598,1604,1599,-1,1526,1516,1601,-1,1587,1517,1516,-1,1599,1605,1600,-1,1590,1598,1592,-1,1598,1602,1604,-1,1600,1593,1599,-1,1523,1603,1522,-1,1528,1312,1310,-1,1525,1606,1587,-1,1603,1526,1601,-1,1603,1523,1607,-1,1602,1608,1604,-1,1524,1526,1603,-1,1525,1587,1526,-1,1604,1609,1605,-1,1517,1602,1598,-1,1602,1606,1608,-1,1605,1599,1604,-1,1523,1588,1607,-1,1588,1523,1313,-1,1585,1610,1525,-1,1607,1524,1603,-1,1611,1607,1588,-1,1606,1612,1608,-1,1530,1524,1607,-1,1585,1525,1524,-1,1608,1613,1609,-1,1587,1606,1602,-1,1606,1610,1612,-1,1609,1604,1608,-1,1528,1611,1588,-1,1311,1527,1310,-1,1532,1614,1585,-1,1611,1530,1607,-1,1615,1611,1528,-1,1610,1616,1612,-1,1531,1530,1611,-1,1532,1585,1530,-1,1612,1617,1613,-1,1525,1610,1606,-1,1610,1614,1616,-1,1613,1608,1612,-1,1615,1528,1527,-1,1535,1304,1309,-1,1534,1618,1532,-1,1615,1531,1611,-1,1619,1615,1527,-1,1614,1620,1616,-1,1533,1531,1615,-1,1534,1532,1531,-1,1616,1621,1617,-1,1585,1614,1610,-1,1614,1618,1620,-1,1617,1612,1616,-1,1527,1586,1619,-1,1586,1527,1311,-1,1584,1622,1534,-1,1619,1533,1615,-1,1582,1355,1322,-1,1618,1623,1620,-1,1539,1533,1619,-1,1584,1534,1533,-1,1620,1624,1621,-1,1532,1618,1614,-1,1618,1622,1623,-1,1621,1616,1620,-1,1586,1625,1619,-1,1625,1586,1535,-1,1538,1626,1584,-1,1625,1539,1619,-1,1537,1322,1330,-1,1622,1627,1623,-1,1540,1539,1625,-1,1538,1584,1539,-1,1623,1628,1624,-1,1534,1622,1618,-1,1622,1626,1627,-1,1624,1620,1623,-1,1535,1629,1625,-1,1529,1629,1535,-1,1583,1630,1538,-1,1629,1540,1625,-1,1631,1629,1529,-1,1626,1632,1627,-1,1580,1540,1629,-1,1583,1538,1540,-1,1627,1633,1628,-1,1584,1626,1622,-1,1626,1630,1632,-1,1628,1623,1627,-1,1529,1582,1631,-1,1582,1529,1355,-1,1579,1634,1583,-1,1631,1580,1629,-1,1577,1333,1341,-1,1630,1635,1632,-1,1543,1580,1631,-1,1579,1583,1580,-1,1632,1636,1633,-1,1538,1630,1626,-1,1630,1634,1635,-1,1633,1627,1632,-1,1582,1637,1631,-1,1637,1582,1537,-1,1545,1638,1579,-1,1637,1543,1631,-1,1541,1341,1363,-1,1634,1639,1635,-1,1544,1543,1637,-1,1545,1579,1543,-1,1635,1640,1636,-1,1583,1634,1630,-1,1634,1638,1639,-1,1636,1632,1635,-1,1537,1641,1637,-1,1536,1641,1537,-1,1578,1642,1545,-1,1641,1544,1637,-1,1643,1641,1536,-1,1638,1644,1639,-1,1574,1544,1641,-1,1578,1545,1544,-1,1639,1645,1640,-1,1579,1638,1634,-1,1638,1642,1644,-1,1640,1635,1639,-1,1536,1577,1643,-1,1577,1536,1333,-1,1575,1646,1578,-1,1643,1574,1641,-1,1643,1577,1647,-1,1642,1648,1644,-1,1572,1574,1643,-1,1575,1578,1574,-1,1644,1649,1645,-1,1545,1642,1638,-1,1642,1646,1648,-1,1645,1639,1644,-1,1541,1647,1577,-1,1323,1542,1363,-1,1573,1650,1575,-1,1647,1572,1643,-1,1647,1541,1651,-1,1646,1652,1648,-1,1571,1572,1647,-1,1573,1575,1572,-1,1648,1653,1649,-1,1578,1646,1642,-1,1646,1650,1652,-1,1649,1644,1648,-1,1542,1651,1541,-1,1335,1576,1323,-1,1570,1654,1573,-1,1651,1571,1647,-1,1655,1334,1365,-1,1650,1656,1652,-1,1547,1571,1651,-1,1570,1573,1571,-1,1652,1657,1653,-1,1575,1650,1646,-1,1650,1654,1656,-1,1653,1648,1652,-1,1542,1658,1651,-1,1658,1542,1576,-1,1546,1659,1570,-1,1658,1547,1651,-1,1660,1658,1576,-1,1654,1661,1656,-1,1548,1547,1658,-1,1546,1570,1547,-1,1656,1662,1657,-1,1573,1654,1650,-1,1654,1659,1661,-1,1657,1652,1656,-1,1576,1581,1660,-1,1581,1576,1335,-1,1555,1663,1546,-1,1660,1548,1658,-1,1581,1664,1660,-1,1659,1665,1661,-1,1548,1660,1552,-1,1555,1546,1548,-1,1661,1666,1662,-1,1570,1659,1654,-1,1659,1663,1665,-1,1662,1656,1661,-1,1581,1655,1664,-1,1655,1581,1334,-1,1667,1668,1669,-1,1664,1552,1660,-1,1670,1664,1655,-1,1663,1549,1665,-1,1664,1553,1552,-1,1554,1555,1552,-1,1665,1671,1666,-1,1546,1663,1659,-1,1663,1550,1549,-1,1666,1661,1665,-1,1655,1519,1670,-1,1519,1655,1365,-1,1553,1672,1667,-1,1670,1553,1664,-1,1519,1673,1670,-1,1554,1667,1569,-1,1553,1670,1672,-1,1554,1553,1667,-1,1549,1674,1671,-1,1555,1550,1663,-1,1550,1569,1551,-1,1671,1665,1549,-1,1520,1673,1519,-1,1369,1556,1367,-1,1558,1672,1673,-1,1673,1672,1670,-1,1673,1557,1558,-1,1668,1667,1672,-1,1672,1558,1668,-1,1569,1667,1669,-1,1551,1566,1674,-1,1554,1569,1550,-1,1569,1669,1564,-1,1674,1549,1551,-1,1367,1556,1520,-1,1369,1352,1562,-1,1668,1558,1675,-1,1520,1557,1673,-1,1557,1563,1559,-1,1669,1668,1676,-1,1558,1559,1675,-1,1677,1568,1567,-1,1668,1675,1676,-1,1567,1564,1669,-1,1676,1567,1669,-1,1566,1551,1564,-1,1369,1562,1556,-1,1556,1563,1557,-1,1561,1678,1563,-1,1562,1561,1563,-1,1678,1679,1559,-1,1563,1678,1559,-1,1679,1680,1675,-1,1559,1679,1675,-1,1680,1677,1676,-1,1675,1680,1676,-1,1677,1567,1676,-1,1565,1564,1567,-1,1681,1682,1683,-1,1684,1685,1686,-1,1687,1688,1413,-1,1689,1690,1683,-1,1405,1406,1691,-1,1692,1693,1689,-1,1688,1694,1414,-1,1695,1692,1696,-1,1697,1416,1694,-1,1698,1699,1596,-1,1407,1700,1406,-1,1701,1702,1703,-1,1703,1704,1705,-1,1702,1706,1707,-1,1708,1709,1696,-1,1710,1711,1707,-1,1705,1698,1712,-1,1710,1706,1708,-1,1713,1714,1715,-1,1716,1700,1714,-1,1717,1718,1716,-1,1515,1514,1715,-1,1410,1515,1715,-1,1719,1682,1720,-1,1410,1318,1515,-1,1719,1721,1722,-1,1412,1723,1411,-1,1724,1722,1725,-1,1726,1727,1420,-1,1728,1729,1724,-1,1390,1727,1730,-1,1729,1731,1732,-1,1420,1419,1726,-1,1733,1732,1734,-1,1735,1736,1421,-1,1737,1738,1733,-1,1372,1736,1739,-1,1738,1740,1741,-1,1421,1422,1735,-1,1742,1741,1743,-1,1744,1745,1376,-1,1746,1686,1742,-1,1383,1745,1747,-1,1748,1381,1749,-1,1747,1749,1380,-1,1750,1679,1751,-1,1685,1678,1561,-1,1751,1679,1678,-1,1752,1677,1680,-1,1678,1685,1751,-1,1752,1680,1750,-1,1568,1677,1753,-1,1685,1561,1754,-1,1560,1351,1755,-1,1560,1754,1561,-1,1560,1755,1754,-1,1691,1406,1700,-1,1384,1755,1351,-1,1381,1748,1384,-1,1380,1749,1381,-1,1384,1748,1755,-1,1684,1756,1751,-1,1747,1380,1383,-1,1750,1757,1752,-1,1686,1685,1754,-1,1684,1751,1685,-1,1752,1758,1753,-1,1679,1750,1680,-1,1750,1756,1757,-1,1753,1677,1752,-1,1755,1759,1754,-1,1759,1755,1748,-1,1746,1760,1684,-1,1759,1686,1754,-1,1761,1759,1748,-1,1756,1762,1757,-1,1742,1686,1759,-1,1746,1684,1686,-1,1757,1763,1758,-1,1751,1756,1750,-1,1756,1760,1762,-1,1758,1752,1757,-1,1749,1761,1748,-1,1745,1383,1376,-1,1743,1764,1746,-1,1761,1742,1759,-1,1372,1739,1423,-1,1760,1765,1762,-1,1741,1742,1761,-1,1743,1746,1742,-1,1762,1766,1763,-1,1684,1760,1756,-1,1760,1764,1765,-1,1763,1757,1762,-1,1749,1747,1767,-1,1749,1767,1761,-1,1740,1768,1743,-1,1767,1741,1761,-1,1769,1767,1747,-1,1764,1770,1765,-1,1738,1741,1767,-1,1740,1743,1741,-1,1765,1771,1766,-1,1746,1764,1760,-1,1764,1768,1770,-1,1766,1762,1765,-1,1745,1769,1747,-1,1423,1744,1376,-1,1737,1772,1740,-1,1769,1738,1767,-1,1773,1769,1745,-1,1768,1774,1770,-1,1733,1738,1769,-1,1737,1740,1738,-1,1770,1775,1771,-1,1743,1768,1764,-1,1768,1772,1774,-1,1771,1765,1770,-1,1773,1745,1744,-1,1736,1372,1421,-1,1734,1776,1737,-1,1773,1733,1769,-1,1777,1773,1744,-1,1772,1778,1774,-1,1732,1733,1773,-1,1734,1737,1733,-1,1774,1779,1775,-1,1740,1772,1768,-1,1772,1776,1778,-1,1775,1770,1774,-1,1744,1739,1777,-1,1739,1744,1423,-1,1731,1780,1734,-1,1777,1732,1773,-1,1730,1422,1390,-1,1776,1781,1778,-1,1729,1732,1777,-1,1731,1734,1732,-1,1778,1782,1779,-1,1737,1776,1772,-1,1776,1780,1781,-1,1779,1774,1778,-1,1739,1783,1777,-1,1783,1739,1736,-1,1728,1784,1731,-1,1783,1729,1777,-1,1727,1390,1420,-1,1780,1785,1781,-1,1724,1729,1783,-1,1728,1731,1729,-1,1781,1786,1782,-1,1734,1780,1776,-1,1780,1784,1785,-1,1782,1778,1781,-1,1736,1787,1783,-1,1735,1787,1736,-1,1725,1788,1728,-1,1787,1724,1783,-1,1789,1787,1735,-1,1784,1790,1785,-1,1722,1724,1787,-1,1725,1728,1724,-1,1785,1791,1786,-1,1731,1784,1780,-1,1784,1788,1790,-1,1786,1781,1785,-1,1735,1730,1789,-1,1730,1735,1422,-1,1721,1792,1725,-1,1789,1722,1787,-1,1697,1419,1416,-1,1788,1793,1790,-1,1719,1722,1789,-1,1721,1725,1722,-1,1790,1794,1791,-1,1728,1788,1784,-1,1788,1792,1793,-1,1791,1785,1790,-1,1730,1795,1789,-1,1795,1730,1727,-1,1720,1796,1721,-1,1795,1719,1789,-1,1694,1416,1414,-1,1792,1797,1793,-1,1682,1719,1795,-1,1720,1721,1719,-1,1793,1798,1794,-1,1725,1792,1788,-1,1792,1796,1797,-1,1794,1790,1793,-1,1727,1799,1795,-1,1726,1799,1727,-1,1681,1800,1720,-1,1799,1682,1795,-1,1801,1799,1726,-1,1796,1802,1797,-1,1683,1682,1799,-1,1681,1720,1682,-1,1797,1803,1798,-1,1721,1796,1792,-1,1796,1800,1802,-1,1798,1793,1797,-1,1726,1697,1801,-1,1697,1726,1419,-1,1690,1804,1681,-1,1801,1683,1799,-1,1801,1697,1805,-1,1800,1806,1802,-1,1689,1683,1801,-1,1690,1681,1683,-1,1802,1807,1803,-1,1720,1800,1796,-1,1800,1804,1806,-1,1803,1797,1802,-1,1694,1805,1697,-1,1413,1688,1414,-1,1693,1808,1690,-1,1805,1689,1801,-1,1805,1694,1809,-1,1804,1810,1806,-1,1692,1689,1805,-1,1693,1690,1689,-1,1806,1811,1807,-1,1681,1804,1800,-1,1804,1808,1810,-1,1807,1802,1806,-1,1688,1809,1694,-1,1411,1687,1413,-1,1695,1812,1693,-1,1809,1692,1805,-1,1813,1412,1405,-1,1808,1814,1810,-1,1696,1692,1809,-1,1695,1693,1692,-1,1810,1815,1811,-1,1690,1808,1804,-1,1808,1812,1814,-1,1811,1806,1810,-1,1688,1816,1809,-1,1816,1688,1687,-1,1709,1817,1695,-1,1816,1696,1809,-1,1818,1816,1687,-1,1812,1819,1814,-1,1708,1696,1816,-1,1709,1695,1696,-1,1814,1820,1815,-1,1693,1812,1808,-1,1812,1817,1819,-1,1815,1810,1814,-1,1687,1723,1818,-1,1723,1687,1411,-1,1706,1821,1709,-1,1818,1708,1816,-1,1723,1822,1818,-1,1817,1823,1819,-1,1708,1818,1710,-1,1706,1709,1708,-1,1819,1824,1820,-1,1695,1817,1812,-1,1817,1821,1823,-1,1820,1814,1819,-1,1723,1813,1822,-1,1813,1723,1412,-1,1825,1826,1827,-1,1822,1710,1818,-1,1828,1822,1813,-1,1821,1701,1823,-1,1822,1711,1710,-1,1707,1706,1710,-1,1823,1829,1824,-1,1709,1821,1817,-1,1821,1702,1701,-1,1824,1819,1823,-1,1813,1691,1828,-1,1691,1813,1405,-1,1711,1830,1825,-1,1828,1711,1822,-1,1691,1831,1828,-1,1707,1825,1704,-1,1711,1828,1830,-1,1707,1711,1825,-1,1701,1832,1829,-1,1706,1702,1821,-1,1702,1704,1703,-1,1829,1823,1701,-1,1700,1831,1691,-1,1409,1714,1407,-1,1718,1830,1831,-1,1831,1830,1828,-1,1831,1716,1718,-1,1826,1825,1830,-1,1830,1718,1826,-1,1704,1825,1827,-1,1703,1712,1832,-1,1707,1704,1702,-1,1704,1827,1705,-1,1832,1701,1703,-1,1407,1714,1700,-1,1409,1410,1715,-1,1826,1718,1833,-1,1700,1716,1831,-1,1716,1713,1717,-1,1827,1826,1834,-1,1718,1717,1833,-1,1595,1596,1699,-1,1826,1833,1834,-1,1699,1705,1827,-1,1834,1699,1827,-1,1712,1703,1705,-1,1409,1715,1714,-1,1714,1713,1716,-1,1514,1589,1713,-1,1715,1514,1713,-1,1589,1591,1717,-1,1713,1589,1717,-1,1591,1594,1833,-1,1717,1591,1833,-1,1594,1595,1834,-1,1833,1594,1834,-1,1595,1699,1834,-1,1698,1705,1699,-1,1835,1836,1837,-1,1838,1837,1839,-1,1434,1840,1841,-1,1842,1838,1843,-1,1844,1845,1846,-1,1840,1438,1847,-1,1844,1842,1848,-1,1849,1847,1437,-1,1431,1850,1849,-1,1850,1433,1851,-1,1852,1851,1426,-1,1853,1854,1846,-1,1855,1854,1856,-1,1857,1425,1221,-1,1855,1858,1859,-1,1860,1861,1862,-1,1425,1857,1852,-1,1863,1859,1864,-1,1859,1858,1864,-1,1865,1866,1867,-1,1867,1857,1221,-1,1868,1869,1863,-1,1841,1870,1435,-1,1870,1871,1477,-1,1872,1873,1835,-1,1874,1469,1871,-1,1872,1875,1876,-1,1874,1877,1481,-1,1878,1875,1879,-1,1880,1491,1877,-1,1881,1882,1879,-1,1479,1880,1883,-1,1884,1885,1881,-1,1883,1886,1498,-1,1887,1888,1884,-1,1889,1502,1886,-1,1890,1887,1891,-1,1503,1889,1892,-1,1893,1894,1891,-1,1892,1895,1507,-1,1896,1897,1893,-1,1898,1508,1895,-1,1896,1899,1900,-1,1898,1901,1510,-1,1902,1903,1899,-1,1904,1905,1906,-1,1860,1907,1901,-1,1905,1907,1908,-1,1905,1908,1906,-1,1903,1909,1910,-1,1465,1904,1238,-1,1902,1911,1909,-1,1912,1913,1914,-1,1861,1915,1909,-1,1857,1867,1866,-1,1426,1425,1852,-1,1864,1858,1865,-1,1866,1865,1858,-1,1857,1866,1916,-1,1863,1869,1859,-1,1855,1856,1858,-1,1917,1859,1869,-1,1852,1857,1916,-1,1433,1426,1851,-1,1858,1856,1866,-1,1916,1866,1856,-1,1918,1852,1916,-1,1855,1917,1919,-1,1856,1854,1853,-1,1917,1855,1859,-1,1851,1852,1918,-1,1431,1433,1850,-1,1856,1853,1916,-1,1918,1916,1853,-1,1851,1918,1920,-1,1854,1919,1921,-1,1845,1853,1846,-1,1919,1854,1855,-1,1850,1851,1920,-1,1437,1431,1849,-1,1853,1845,1918,-1,1920,1918,1845,-1,1850,1920,1922,-1,1846,1854,1921,-1,1844,1848,1845,-1,1923,1846,1921,-1,1849,1850,1922,-1,1438,1437,1847,-1,1845,1848,1920,-1,1922,1920,1848,-1,1924,1849,1922,-1,1844,1923,1925,-1,1848,1842,1843,-1,1923,1844,1846,-1,1847,1849,1924,-1,1434,1438,1840,-1,1848,1843,1922,-1,1924,1922,1843,-1,1847,1924,1926,-1,1842,1925,1927,-1,1843,1838,1839,-1,1925,1842,1844,-1,1840,1847,1926,-1,1435,1434,1841,-1,1843,1839,1924,-1,1926,1924,1839,-1,1840,1926,1928,-1,1842,1927,1838,-1,1837,1836,1839,-1,1929,1838,1927,-1,1841,1840,1928,-1,1477,1435,1870,-1,1839,1836,1926,-1,1928,1926,1836,-1,1930,1841,1928,-1,1837,1929,1931,-1,1836,1835,1873,-1,1929,1837,1838,-1,1870,1841,1930,-1,1469,1477,1871,-1,1836,1873,1928,-1,1930,1928,1873,-1,1870,1930,1932,-1,1835,1931,1933,-1,1873,1872,1876,-1,1931,1835,1837,-1,1871,1870,1932,-1,1481,1469,1874,-1,1873,1876,1930,-1,1932,1930,1876,-1,1871,1932,1934,-1,1872,1933,1935,-1,1876,1875,1878,-1,1933,1872,1835,-1,1874,1871,1934,-1,1491,1481,1877,-1,1876,1878,1932,-1,1934,1932,1878,-1,1936,1874,1934,-1,1875,1935,1937,-1,1878,1879,1882,-1,1935,1875,1872,-1,1877,1874,1936,-1,1479,1491,1880,-1,1878,1882,1934,-1,1936,1934,1882,-1,1877,1936,1938,-1,1879,1937,1939,-1,1885,1882,1881,-1,1937,1879,1875,-1,1880,1877,1938,-1,1498,1479,1883,-1,1882,1885,1936,-1,1938,1936,1885,-1,1880,1938,1940,-1,1881,1879,1939,-1,1884,1888,1885,-1,1941,1881,1939,-1,1883,1880,1940,-1,1502,1498,1886,-1,1885,1888,1938,-1,1940,1938,1888,-1,1942,1883,1940,-1,1884,1941,1943,-1,1888,1887,1890,-1,1941,1884,1881,-1,1886,1883,1942,-1,1503,1502,1889,-1,1888,1890,1940,-1,1942,1940,1890,-1,1886,1942,1944,-1,1884,1943,1887,-1,1890,1891,1894,-1,1945,1887,1943,-1,1889,1886,1944,-1,1507,1503,1892,-1,1890,1894,1942,-1,1944,1942,1894,-1,1889,1944,1946,-1,1947,1891,1945,-1,1894,1893,1897,-1,1945,1891,1887,-1,1892,1889,1946,-1,1508,1507,1895,-1,1894,1897,1944,-1,1946,1944,1897,-1,1892,1946,1948,-1,1893,1947,1949,-1,1897,1896,1900,-1,1947,1893,1891,-1,1895,1892,1948,-1,1510,1508,1898,-1,1897,1900,1946,-1,1948,1946,1900,-1,1895,1948,1910,-1,1893,1949,1896,-1,1899,1903,1900,-1,1950,1896,1949,-1,1898,1895,1910,-1,1511,1510,1901,-1,1900,1903,1948,-1,1910,1948,1903,-1,1915,1898,1910,-1,1899,1950,1951,-1,1903,1902,1909,-1,1950,1899,1896,-1,1901,1898,1915,-1,1512,1511,1907,-1,1914,1861,1911,-1,1915,1910,1909,-1,1915,1861,1860,-1,1902,1951,1952,-1,1909,1911,1861,-1,1951,1902,1899,-1,1511,1901,1907,-1,1905,1465,1512,-1,1914,1911,1912,-1,1901,1915,1860,-1,1908,1860,1862,-1,1911,1952,1912,-1,1862,1861,1914,-1,1952,1911,1902,-1,1512,1907,1905,-1,1465,1905,1904,-1,1953,1906,1908,-1,1907,1860,1908,-1,1908,1862,1953,-1,1954,1953,1862,-1,1862,1914,1954,-1,1913,1954,1914,-1,1955,1956,1204,-1,1957,1958,1959,-1,1956,1960,1201,-1,1961,1962,1963,-1,1964,1965,1966,-1,1963,1967,1968,-1,1969,1970,1868,-1,1202,1960,1971,-1,1965,1972,1966,-1,1967,1972,1973,-1,1974,1975,1976,-1,1977,1969,1965,-1,1978,1979,1980,-1,1976,1971,1980,-1,1975,1865,1867,-1,1974,1865,1975,-1,1981,1982,1962,-1,1219,1867,1221,-1,1983,1955,1260,-1,1971,1209,1203,-1,1983,1261,1984,-1,1985,1982,1986,-1,1987,1984,1265,-1,1985,1988,1989,-1,1258,1955,1204,-1,1990,1957,1989,-1,1991,1992,1275,-1,1992,1987,1271,-1,1993,1991,1282,-1,1959,1994,1995,-1,1267,1987,1265,-1,1996,1997,1995,-1,1998,1997,1999,-1,2000,2001,2002,-1,2003,2004,1296,-1,2005,2006,2007,-1,1301,2008,2009,-1,2010,2011,2012,-1,2006,2013,2014,-1,2015,1906,2011,-1,1904,2015,2016,-1,1953,1954,2012,-1,2011,1953,2012,-1,1913,2017,1954,-1,1906,2015,1904,-1,2016,1237,1238,-1,1238,1904,2016,-1,2010,2013,2018,-1,2019,2020,1239,-1,2019,1210,2021,-1,1300,2022,2008,-1,1303,2020,2022,-1,2001,2023,2024,-1,2024,2025,2007,-1,2026,2003,1295,-1,2009,2026,1302,-1,2027,2028,1998,-1,2029,2002,2028,-1,1288,2004,1993,-1,1210,1237,2021,-1,1285,1993,1282,-1,2021,1237,2016,-1,2015,2030,2016,-1,2012,1954,2017,-1,1906,1953,2011,-1,2011,2010,2018,-1,2031,2012,2017,-1,2021,2016,2030,-1,1239,1210,2019,-1,2011,2018,2015,-1,2030,2015,2018,-1,2005,2021,2030,-1,2010,2012,2031,-1,2018,2013,2006,-1,2032,2010,2031,-1,2019,2021,2005,-1,1303,1239,2020,-1,2018,2006,2030,-1,2005,2030,2006,-1,2025,2019,2005,-1,2013,2010,2032,-1,2006,2014,2007,-1,2033,2013,2032,-1,2020,2019,2025,-1,1300,1303,2022,-1,2007,2014,2034,-1,2025,2005,2007,-1,2023,2020,2025,-1,2014,2013,2033,-1,2007,2034,2024,-1,2035,2014,2033,-1,2022,2020,2023,-1,1301,1300,2008,-1,2024,2034,2036,-1,2023,2025,2024,-1,2000,2022,2023,-1,2034,2014,2035,-1,2024,2036,2001,-1,2037,2034,2035,-1,2008,2022,2000,-1,1302,1301,2009,-1,2001,2036,2038,-1,2000,2023,2001,-1,2029,2008,2000,-1,2036,2034,2037,-1,2001,2038,2002,-1,2039,2036,2037,-1,2009,2008,2029,-1,1295,1302,2026,-1,2002,2038,2040,-1,2029,2000,2002,-1,2027,2009,2029,-1,2038,2036,2039,-1,2002,2040,2028,-1,2041,2038,2039,-1,2026,2009,2027,-1,1296,1295,2003,-1,2042,2043,2040,-1,2027,2029,2028,-1,1999,2026,2027,-1,2040,2038,2041,-1,2028,2043,1998,-1,2042,2040,2041,-1,2003,2026,1999,-1,1288,1296,2004,-1,2044,2045,2043,-1,1999,2027,1998,-1,1996,2003,1999,-1,2028,2040,2043,-1,1998,2045,1997,-1,2042,2044,2043,-1,2004,2003,1996,-1,1285,1288,1993,-1,2046,2047,2045,-1,1996,1999,1997,-1,1994,2004,1996,-1,1998,2043,2045,-1,1997,2047,1995,-1,2044,2046,2045,-1,1993,2004,1994,-1,1275,1282,1991,-1,2048,2049,2047,-1,1994,1996,1995,-1,1958,1993,1994,-1,1997,2045,2047,-1,1995,2049,1959,-1,2046,2048,2047,-1,1991,1993,1958,-1,1271,1275,1992,-1,2050,2051,2049,-1,1958,1994,1959,-1,1990,1991,1958,-1,1995,2047,2049,-1,1959,2051,1957,-1,2048,2050,2049,-1,1992,1991,1990,-1,1267,1271,1987,-1,2052,2053,2051,-1,1990,1958,1957,-1,1988,1992,1990,-1,1959,2049,2051,-1,1957,2053,1989,-1,2050,2052,2051,-1,1987,1992,1988,-1,1261,1265,1984,-1,2054,2055,2053,-1,1988,1990,1989,-1,1986,1987,1988,-1,1957,2051,2053,-1,1989,2055,1985,-1,2052,2054,2053,-1,1984,1987,1986,-1,1260,1261,1983,-1,2056,2057,2055,-1,1986,1988,1985,-1,1981,1984,1986,-1,1989,2053,2055,-1,1985,2057,1982,-1,2054,2056,2055,-1,1983,1984,1981,-1,1258,1260,1955,-1,2058,2059,2057,-1,1981,1986,1982,-1,1961,1983,1981,-1,1985,2055,2057,-1,1982,2059,1962,-1,2056,2058,2057,-1,1955,1983,1961,-1,1201,1204,1956,-1,2060,2061,2059,-1,1961,1981,1962,-1,1968,1955,1961,-1,1982,2057,2059,-1,1962,2061,1963,-1,2058,2060,2059,-1,1956,1955,1968,-1,1202,1201,1960,-1,2062,2063,2061,-1,1968,1961,1963,-1,1973,1956,1968,-1,1962,2059,2061,-1,1963,2063,1967,-1,2060,2062,2061,-1,1960,1956,1973,-1,1203,1202,1971,-1,2064,1966,2063,-1,1973,1968,1967,-1,1973,2065,1960,-1,1963,2061,2063,-1,1967,1966,1972,-1,2062,2064,2063,-1,1971,1960,2065,-1,1976,1220,1209,-1,1972,1978,2065,-1,2065,1973,1972,-1,1980,2065,1978,-1,1967,2063,1966,-1,1972,1965,1978,-1,2064,1964,1966,-1,1209,1971,1976,-1,1220,1975,1219,-1,1868,1863,1969,-1,1971,2065,1980,-1,1980,1979,1974,-1,1969,1978,1965,-1,1979,1978,1969,-1,1964,1977,1965,-1,1220,1976,1975,-1,1219,1975,1867,-1,1864,1865,1974,-1,1976,1980,1974,-1,1974,1979,1864,-1,1863,1864,1979,-1,1863,1979,1969,-1,1977,1970,1969,-1,2066,2067,2068,-1,2066,2068,2069,-1,2070,2071,2072,-1,2073,2074,2075,-1,2076,2077,2078,-1,2079,2080,2081,-1,2082,2083,2084,-1,2085,2086,2087,-1,2088,2089,2090,-1,2091,2092,2093,-1,2093,2094,2091,-1,2095,2092,2096,-1,2092,2095,2093,-1,2097,2098,2096,-1,2095,2096,2098,-1,2099,2098,2097,-1,2094,2087,2086,-1,2091,2094,2086,-1,2088,2085,2089,-1,2085,2087,2089,-1,2079,2081,2090,-1,2081,2088,2090,-1,2084,2083,2080,-1,2084,2080,2079,-1,2082,2074,2073,-1,2082,2073,2083,-1,2075,2077,2076,-1,2074,2077,2075,-1,2070,2078,2071,-1,2076,2078,2070,-1,2100,2101,2102,-1,2103,2104,2105,-1,2106,2107,2108,-1,2109,2110,2111,-1,2112,2113,2114,-1,2114,2107,2112,-1,2108,2107,2114,-1,2112,2115,2113,-1,2106,2109,2111,-1,2106,2108,2109,-1,2100,2102,2110,-1,2111,2110,2102,-1,2100,2104,2101,-1,2103,2101,2104,-1,2116,2117,2118,-1,2119,2120,2118,-1,2118,2117,2119,-1,2121,2120,2122,-1,2119,2122,2120,-1,2123,2121,2122,-1,2124,2117,2116,-1,2124,2125,2126,-1,2125,2124,2116,-1,2127,2115,2126,-1,2126,2125,2127,-1,2127,2113,2115,-1,2123,2128,2129,-1,2123,2129,2121,-1,2130,2129,2128,-1,2131,2132,2133,-1,2134,2135,2136,-1,2137,2138,2139,-1,2140,2141,2142,-1,2143,2144,2145,-1,2146,2147,2148,-1,2149,2150,2151,-1,2152,2153,2154,-1,2149,2155,2156,-1,2156,2150,2149,-1,2157,2155,2158,-1,2155,2157,2156,-1,2159,2160,2158,-1,2157,2158,2160,-1,2161,2160,2159,-1,2154,2151,2152,-1,2150,2152,2151,-1,2144,2153,2145,-1,2154,2153,2144,-1,2146,2143,2147,-1,2143,2145,2147,-1,2137,2139,2148,-1,2139,2146,2148,-1,2142,2141,2138,-1,2142,2138,2137,-1,2140,2132,2131,-1,2140,2131,2141,-1,2133,2135,2134,-1,2132,2135,2133,-1,2130,2136,2129,-1,2134,2136,2130,-1,2080,1815,1820,-1,2088,1824,1829,-1,1820,1824,2081,-1,2086,1829,1832,-1,1698,2092,1712,-1,1832,1712,2091,-1,2096,1698,1596,-1,1597,2162,1596,-1,2162,2097,1596,-1,2163,2164,1609,-1,1597,1600,2165,-1,2166,1600,1605,-1,2164,2166,1605,-1,2167,1609,1613,-1,2168,1621,2169,-1,2170,2167,1613,-1,2159,2171,1649,-1,2172,1628,2173,-1,1640,1645,2171,-1,2159,1649,1653,-1,2173,1633,2171,-1,1633,1636,2171,-1,2169,1624,2174,-1,2172,2174,1624,-1,2170,1617,2175,-1,1621,2168,2175,-1,1807,2070,1803,-1,1815,2083,2073,-1,1565,1568,2159,-1,2159,1568,2161,-1,1811,2073,2075,-1,1674,1566,2159,-1,2159,1566,1565,-1,1666,1671,2159,-1,2159,1671,1674,-1,1657,1662,2159,-1,2159,1662,1666,-1,2159,1653,1657,-1,1649,2171,1645,-1,1636,1640,2171,-1,2173,1628,1633,-1,2172,1624,1628,-1,2169,1621,1624,-1,2175,1617,1621,-1,2170,1613,1617,-1,2167,2163,1609,-1,2164,1605,1609,-1,1600,2166,2165,-1,2165,2162,1597,-1,2097,2096,1596,-1,2096,2092,1698,-1,2092,2091,1712,-1,2091,2086,1832,-1,2085,2088,1829,-1,1829,2086,2085,-1,2088,2081,1824,-1,2081,2080,1820,-1,2080,2083,1815,-1,2073,1811,1815,-1,1811,2076,1807,-1,2076,1811,2075,-1,2072,1794,1798,-1,1807,2076,2070,-1,2072,1798,1803,-1,2070,2072,1803,-1,2072,1786,1791,-1,1794,2072,1791,-1,1782,1786,2161,-1,2072,2161,1786,-1,1775,1779,2161,-1,2161,1779,1782,-1,1766,1771,2161,-1,2161,1771,1775,-1,1758,1763,2161,-1,2161,1763,1766,-1,1568,1753,2161,-1,2161,1753,1758,-1,2162,2099,2097,-1,2164,2176,2166,-1,2165,2177,2178,-1,2179,2167,2170,-1,2180,2163,2181,-1,2168,2169,2182,-1,2175,2183,2184,-1,2174,2172,2185,-1,2185,2186,2174,-1,2187,2172,2173,-1,2172,2187,2185,-1,2171,2188,2173,-1,2187,2173,2188,-1,2189,2188,2171,-1,2186,2182,2169,-1,2174,2186,2169,-1,2175,2168,2183,-1,2168,2182,2183,-1,2179,2170,2184,-1,2170,2175,2184,-1,2181,2163,2167,-1,2181,2167,2179,-1,2180,2176,2164,-1,2180,2164,2163,-1,2166,2177,2165,-1,2176,2177,2166,-1,2162,2178,2099,-1,2165,2178,2162,-1,2079,1947,1945,-1,2089,1950,1949,-1,1947,2090,1949,-1,2093,1951,2094,-1,2095,1912,1952,-1,1952,1951,2093,-1,2098,1913,1912,-1,2177,2017,2178,-1,2099,2178,1913,-1,2181,2033,2180,-1,2017,2177,2031,-1,2176,2032,2031,-1,2032,2176,2180,-1,2179,2035,2033,-1,2071,1937,1935,-1,2184,2037,2035,-1,2044,2189,2046,-1,2042,2185,2187,-1,2044,2188,2189,-1,2048,2046,2189,-1,2042,2187,2044,-1,2188,2044,2187,-1,2041,2186,2185,-1,2042,2041,2185,-1,2037,2184,2183,-1,2183,2182,2039,-1,1931,2071,1933,-1,1943,2074,2082,-1,1945,2082,2084,-1,2056,2190,2058,-1,2182,2041,2039,-1,2186,2041,2182,-1,2183,2039,2037,-1,2184,2035,2179,-1,2179,2033,2181,-1,2180,2033,2032,-1,2031,2177,2176,-1,2017,1913,2178,-1,2099,1913,2098,-1,2098,1912,2095,-1,2095,1952,2093,-1,1951,1950,2094,-1,2087,1950,2089,-1,1950,2087,2094,-1,2089,1949,2090,-1,2090,1947,2079,-1,2079,1945,2084,-1,2082,1945,1943,-1,1943,1941,2077,-1,2077,2074,1943,-1,2078,1941,1939,-1,1941,2078,2077,-1,2071,1939,1937,-1,2078,1939,2071,-1,1917,2191,1919,-1,1935,1933,2071,-1,1929,2191,1931,-1,2071,1931,2191,-1,1925,2191,1927,-1,2191,1929,1927,-1,1921,2191,1923,-1,2191,1925,1923,-1,2191,1921,1919,-1,2191,1869,1868,-1,1917,1869,2191,-1,2190,2191,1868,-1,1977,2190,1970,-1,2190,1868,1970,-1,2064,2190,1964,-1,2190,1977,1964,-1,2060,2190,2062,-1,2190,2064,2062,-1,2056,2054,2190,-1,2190,2060,2058,-1,2052,2189,2054,-1,2190,2054,2189,-1,2048,2189,2050,-1,2189,2052,2050,-1,2192,2193,2194,-1,2195,2196,2197,-1,2198,2199,2200,-1,2201,2202,2203,-1,2204,2205,2206,-1,2207,2208,2209,-1,2210,2211,2212,-1,2213,2214,2215,-1,2214,2216,2217,-1,2215,2218,2219,-1,2219,2213,2215,-1,2220,2221,2218,-1,2219,2218,2221,-1,2190,2220,2191,-1,2220,2190,2221,-1,2209,2217,2216,-1,2213,2216,2214,-1,2207,2212,2208,-1,2209,2208,2217,-1,2202,2211,2210,-1,2210,2212,2207,-1,2205,2201,2203,-1,2201,2211,2202,-1,2204,2206,2195,-1,2205,2203,2206,-1,2197,2196,2200,-1,2204,2195,2197,-1,2198,2192,2199,-1,2196,2198,2200,-1,2194,2199,2192,-1,1194,2194,2193,-1,1194,1193,2194,-1,2222,1185,1184,-1,2223,2224,2225,-1,2226,2227,2228,-1,2229,2230,2231,-1,2232,2233,2234,-1,2235,2236,2237,-1,2236,2235,2238,-1,2239,2240,2237,-1,2235,2237,2240,-1,2241,2240,2239,-1,2238,2229,2231,-1,2231,2236,2238,-1,2234,2233,2230,-1,2234,2230,2229,-1,2232,2224,2223,-1,2232,2223,2233,-1,2225,2227,2226,-1,2224,2227,2225,-1,2222,2228,1185,-1,2226,2228,2222,-1,2241,2239,2242,-1,2241,2242,2243,-1,2066,2069,2244,-1,2244,2245,2066,-1,2067,2246,2068,-1,2246,2067,2247,-1,2244,2068,2246,-1,2248,2246,2249,-1,2248,2250,2246,-1,2246,2251,2244,-1,2068,2244,2069,-1,2250,2251,2246,-1,2245,2247,2067,-1,2252,2253,2247,-1,2252,2247,2254,-1,2247,2245,2255,-1,2067,2066,2245,-1,2254,2247,2255,-1,2105,2256,2103,-1,2105,2257,2256,-1,2224,2232,2108,-1,2243,2105,2241,-1,2217,2153,2152,-1,2161,2220,2160,-1,2114,2224,2108,-1,2234,2109,2108,-1,2156,2215,2150,-1,2114,2228,2227,-1,2234,2229,2109,-1,2229,2238,2110,-1,2110,2109,2229,-1,2100,2110,2238,-1,1181,1185,2113,-1,2100,2238,2235,-1,2127,1179,1181,-1,2235,2104,2100,-1,2127,1177,1178,-1,2104,2235,2240,-1,2241,2104,2240,-1,1183,2125,2116,-1,2105,2104,2241,-1,2257,2105,2243,-1,2258,2259,2260,-1,2260,2261,2262,-1,2261,2260,2259,-1,2263,2264,2261,-1,2262,2261,2264,-1,2263,2265,2264,-1,2266,2267,2268,-1,2265,2263,2269,-1,2270,2271,2272,-1,2135,2197,2200,-1,2268,2267,2270,-1,2272,2271,2269,-1,2272,2269,2263,-1,2270,2267,2271,-1,2266,2273,2274,-1,2273,2266,2268,-1,2243,2274,2257,-1,2273,2257,2274,-1,2120,2121,1193,-1,1188,2116,1189,-1,2116,2118,1189,-1,2228,2113,1185,-1,2232,2234,2108,-1,2227,2224,2114,-1,2113,2228,2114,-1,2127,1181,2113,-1,2127,1178,1179,-1,2125,1183,1177,-1,2125,1177,2127,-1,2116,1188,1183,-1,1191,2118,2120,-1,2118,1191,1189,-1,1191,2120,1193,-1,1193,2121,2194,-1,2121,2129,2194,-1,2129,2136,2199,-1,2201,2142,2137,-1,2205,2204,2140,-1,2208,2147,2145,-1,2147,2212,2148,-1,2217,2208,2153,-1,2218,2157,2160,-1,2191,2220,2161,-1,2218,2160,2220,-1,2218,2215,2156,-1,2157,2218,2156,-1,2214,2152,2150,-1,2161,2072,2191,-1,2072,2071,2191,-1,2137,2148,2211,-1,2214,2150,2215,-1,2217,2152,2214,-1,2145,2153,2208,-1,2212,2147,2208,-1,2211,2148,2212,-1,2205,2142,2201,-1,2201,2137,2211,-1,2204,2132,2140,-1,2205,2140,2142,-1,2135,2132,2197,-1,2204,2197,2132,-1,2135,2200,2136,-1,2129,2199,2194,-1,2136,2200,2199,-1,2275,2276,2277,-1,2112,2107,2225,-1,2107,2106,2233,-1,2111,2102,2231,-1,2231,2230,2111,-1,2101,2236,2102,-1,2231,2102,2236,-1,2239,2237,2101,-1,2101,2237,2236,-1,2278,2279,2280,-1,2103,2239,2101,-1,2280,2279,2281,-1,2282,2283,2278,-1,2282,2278,2280,-1,2284,2285,2283,-1,2278,2283,2285,-1,2285,2284,2286,-1,2287,2288,2289,-1,2290,2291,2276,-1,2138,2202,2139,-1,2290,2287,2291,-1,2288,2286,2289,-1,2288,2285,2286,-1,2287,2289,2291,-1,2226,2222,2112,-1,2275,2290,2276,-1,2277,2242,2256,-1,2275,2277,2256,-1,2256,2242,2103,-1,2107,2223,2225,-1,2242,2239,2103,-1,2233,2106,2230,-1,2230,2106,2111,-1,2223,2107,2233,-1,2226,2112,2225,-1,2112,2222,2115,-1,2222,1184,2115,-1,2126,1182,1180,-1,2119,2117,1190,-1,1186,2117,2124,-1,2123,1194,2193,-1,1192,2122,2119,-1,2221,2158,2219,-1,2213,2149,2151,-1,2158,2221,2159,-1,2190,2159,2221,-1,2158,2155,2219,-1,2149,2213,2219,-1,2149,2219,2155,-1,2216,2151,2154,-1,2209,2144,2207,-1,2154,2144,2209,-1,2146,2139,2210,-1,2207,2143,2146,-1,2206,2141,2131,-1,2138,2141,2203,-1,2171,2159,2190,-1,2189,2171,2190,-1,2130,2198,2134,-1,1194,2123,2122,-1,2124,1175,1186,-1,2192,2128,2193,-1,2131,2133,2195,-1,2133,2134,2196,-1,2216,2213,2151,-1,2209,2216,2154,-1,2143,2207,2144,-1,2210,2207,2146,-1,2202,2210,2139,-1,2203,2202,2138,-1,2206,2203,2141,-1,2195,2206,2131,-1,2196,2195,2133,-1,2198,2196,2134,-1,2130,2128,2192,-1,2198,2130,2192,-1,2128,2123,2193,-1,1190,1192,2119,-1,1194,2122,1192,-1,1187,2117,1186,-1,2117,1187,1190,-1,2126,1176,1175,-1,1175,2124,2126,-1,1182,2126,2115,-1,1176,2126,1180,-1,2115,1184,1182,-1,2277,2243,2242,-1,2289,2267,2291,-1,2276,2266,2274,-1,2265,2284,2283,-1,2271,2286,2269,-1,2262,2282,2280,-1,2282,2262,2264,-1,2281,2260,2280,-1,2262,2280,2260,-1,2258,2260,2281,-1,2264,2265,2283,-1,2283,2282,2264,-1,2269,2286,2284,-1,2269,2284,2265,-1,2271,2267,2289,-1,2271,2289,2286,-1,2291,2266,2276,-1,2267,2266,2291,-1,2277,2274,2243,-1,2276,2274,2277,-1,2255,2245,2244,-1,2254,2251,2250,-1,2251,2255,2244,-1,2254,2255,2251,-1,2246,2253,2249,-1,2247,2253,2246,-1,2252,2249,2253,-1,2249,2252,2248,-1,2292,2248,2293,-1,2248,2292,2250,-1,2292,2293,2294,-1,2294,2295,2292,-1,2295,2294,2252,-1,2252,2254,2295,-1,2296,2297,2298,-1,2297,2296,2299,-1,2258,2296,2298,-1,2258,2298,2259,-1,2275,2256,2257,-1,2288,2287,2270,-1,2290,2273,2268,-1,2261,2278,2263,-1,2272,2263,2285,-1,2279,2261,2259,-1,2261,2279,2278,-1,2288,2272,2285,-1,2263,2278,2285,-1,2270,2287,2268,-1,2272,2288,2270,-1,2290,2275,2273,-1,2287,2290,2268,-1,2257,2273,2275,-1,2300,2279,2301,-1,2279,2300,2281,-1,2300,2302,2303,-1,2300,2301,2302,-1,2304,2297,2299,-1,2299,2305,2304,-1,2306,2307,2308,-1,2301,2304,2302,-1,2279,2259,2293,-1,2306,2308,2309,-1,2294,2298,2297,-1,2306,2309,2310,-1,2311,2312,2306,-1,2311,2306,2310,-1,2313,2314,2306,-1,2313,2306,2312,-1,2306,2315,2304,-1,2315,2306,2314,-1,2304,2316,2317,-1,2315,2316,2304,-1,2318,2319,2302,-1,2317,2318,2304,-1,2320,2321,2302,-1,2302,2322,2323,-1,2324,2325,2302,-1,2326,2302,2325,-1,2302,2327,2320,-1,2321,2324,2302,-1,2327,2302,2323,-1,2319,2322,2302,-1,2302,2304,2318,-1,2279,2293,2248,-1,2294,2293,2259,-1,2298,2294,2259,-1,2297,2252,2294,-1,2248,2301,2279,-1,2301,2248,2304,-1,2297,2304,2252,-1,2248,2252,2304,-1,2281,2250,2292,-1,2299,2295,2254,-1,2250,2305,2254,-1,2300,2303,2305,-1,2254,2305,2299,-1,2328,2329,2330,-1,2331,2328,2332,-1,2333,2329,2328,-1,2328,2334,2335,-1,2333,2328,2335,-1,2336,2332,2328,-1,2334,2328,2331,-1,2328,2305,2337,-1,2337,2336,2328,-1,2305,2338,2339,-1,2337,2305,2339,-1,2303,2340,2305,-1,2338,2305,2340,-1,2341,2342,2303,-1,2303,2342,2340,-1,2343,2344,2303,-1,2303,2344,2341,-1,2345,2346,2303,-1,2303,2346,2343,-1,2347,2348,2303,-1,2303,2348,2345,-1,2303,2349,2347,-1,2250,2281,2300,-1,2281,2292,2258,-1,2300,2305,2250,-1,2295,2296,2258,-1,2295,2299,2296,-1,2292,2295,2258,-1,2305,2306,2304,-1,2306,2305,2328,-1,2326,2303,2302,-1,2321,2348,2324,-1,2325,2347,2349,-1,2343,2327,2323,-1,2345,2320,2346,-1,2341,2319,2342,-1,2322,2341,2344,-1,2340,2342,2318,-1,2319,2318,2342,-1,2317,2338,2340,-1,2340,2318,2317,-1,2323,2322,2344,-1,2322,2319,2341,-1,2346,2327,2343,-1,2343,2323,2344,-1,2345,2321,2320,-1,2346,2320,2327,-1,2348,2347,2324,-1,2345,2348,2321,-1,2325,2349,2326,-1,2324,2347,2325,-1,2303,2326,2349,-1,2310,2334,2311,-1,2334,2331,2311,-1,2334,2310,2335,-1,2309,2308,2333,-1,2309,2333,2335,-1,2329,2333,2308,-1,2307,2329,2308,-1,2335,2310,2309,-1,2330,2329,2307,-1,2306,2328,2330,-1,2307,2306,2330,-1,2331,2312,2311,-1,2312,2332,2313,-1,2332,2312,2331,-1,2314,2313,2336,-1,2332,2336,2313,-1,2337,2315,2314,-1,2314,2336,2337,-1,2315,2339,2316,-1,2339,2315,2337,-1,2339,2338,2316,-1,2316,2338,2317,-1,2350,2351,2352,-1,2353,2354,2355,-1,2356,2357,2351,-1,2351,2358,2352,-1,2359,2351,2360,-1,2361,2362,2363,-1,2358,2364,2352,-1,2365,2366,2367,-1,2368,2360,2351,-1,2363,2369,2370,-1,2363,2362,2369,-1,2371,2372,2373,-1,2374,2361,2375,-1,2376,2362,2374,-1,2361,2374,2362,-1,2371,2377,2378,-1,2360,2373,2372,-1,2360,2368,2379,-1,2371,2373,2377,-1,2380,2381,2382,-1,2383,2378,2377,-1,2384,2373,2379,-1,2385,2354,2386,-1,2377,2384,2387,-1,2388,2389,2390,-1,2391,2392,2367,-1,2391,2393,2392,-1,2365,2394,2366,-1,2395,2367,2396,-1,2397,2398,2399,-1,2400,2398,2395,-1,2401,2402,2388,-1,2403,2404,2399,-1,2353,2405,2406,-1,2407,2408,2388,-1,2405,2355,2409,-1,2410,2403,2381,-1,2383,2387,2409,-1,2364,2361,2352,-1,2361,2364,2375,-1,2411,2412,2370,-1,2351,2357,2358,-1,2363,2350,2352,-1,2351,2350,2368,-1,2413,2359,2360,-1,2351,2359,2356,-1,2361,2363,2352,-1,2411,2370,2369,-1,2350,2370,2414,-1,2414,2379,2368,-1,2415,2413,2372,-1,2360,2372,2413,-1,2360,2379,2373,-1,2416,2415,2372,-1,2363,2370,2350,-1,2417,2412,2411,-1,2418,2412,2417,-1,2350,2414,2368,-1,2414,2412,2419,-1,2416,2372,2371,-1,2379,2419,2384,-1,2384,2377,2373,-1,2420,2371,2421,-1,2416,2371,2420,-1,2421,2371,2378,-1,2422,2420,2421,-1,2370,2412,2414,-1,2423,2418,2417,-1,2423,2424,2418,-1,2414,2419,2379,-1,2425,2419,2418,-1,2385,2386,2421,-1,2425,2387,2384,-1,2387,2383,2377,-1,2378,2385,2421,-1,2426,2422,2421,-1,2412,2418,2419,-1,2427,2424,2423,-1,2427,2382,2424,-1,2419,2425,2384,-1,2425,2424,2428,-1,2429,2386,2354,-1,2428,2409,2387,-1,2355,2383,2409,-1,2386,2426,2421,-1,2378,2383,2385,-1,2385,2355,2354,-1,2430,2426,2386,-1,2418,2424,2425,-1,2380,2382,2427,-1,2431,2432,2433,-1,2425,2428,2387,-1,2428,2382,2434,-1,2383,2355,2385,-1,2434,2405,2409,-1,2429,2435,2436,-1,2405,2353,2355,-1,2386,2429,2430,-1,2354,2353,2435,-1,2437,2430,2429,-1,2424,2382,2428,-1,2410,2381,2380,-1,2408,2435,2353,-1,2428,2434,2409,-1,2381,2438,2434,-1,2439,2436,2407,-1,2406,2405,2438,-1,2354,2435,2429,-1,2406,2408,2353,-1,2429,2436,2437,-1,2435,2408,2407,-1,2440,2437,2436,-1,2382,2381,2434,-1,2441,2403,2410,-1,2408,2406,2401,-1,2434,2438,2405,-1,2442,2438,2403,-1,2388,2402,2389,-1,2401,2406,2442,-1,2435,2407,2436,-1,2408,2401,2388,-1,2436,2439,2440,-1,2390,2439,2407,-1,2443,2440,2439,-1,2381,2403,2438,-1,2441,2404,2403,-1,2444,2445,2433,-1,2438,2442,2406,-1,2442,2399,2446,-1,2433,2445,2389,-1,2402,2401,2446,-1,2443,2447,2448,-1,2439,2390,2447,-1,2407,2388,2390,-1,2447,2390,2445,-1,2443,2439,2447,-1,2403,2399,2442,-1,2404,2397,2399,-1,2389,2402,2449,-1,2442,2446,2401,-1,2398,2400,2446,-1,2449,2431,2433,-1,2449,2402,2400,-1,2448,2444,2450,-1,2447,2445,2448,-1,2390,2389,2445,-1,2448,2445,2444,-1,2443,2448,2451,-1,2399,2398,2446,-1,2397,2452,2398,-1,2396,2431,2449,-1,2446,2400,2402,-1,2400,2396,2449,-1,2453,2444,2432,-1,2450,2444,2453,-1,2389,2449,2433,-1,2444,2433,2432,-1,2450,2451,2448,-1,2398,2452,2395,-1,2391,2395,2452,-1,2366,2454,2431,-1,2400,2395,2396,-1,2396,2366,2431,-1,2432,2454,2455,-1,2432,2431,2454,-1,2453,2456,2457,-1,2456,2453,2432,-1,2450,2453,2457,-1,2391,2367,2395,-1,2392,2365,2367,-1,2394,2458,2454,-1,2396,2367,2366,-1,2394,2454,2366,-1,2455,2454,2458,-1,2455,2456,2432,-1,2459,2460,2461,-1,2460,2462,2463,-1,2464,2459,2461,-1,2465,2462,2460,-1,2466,2465,2460,-1,2462,2467,2468,-1,2469,2470,2468,-1,2470,2471,2472,-1,2470,2462,2468,-1,2472,2471,2473,-1,2469,2471,2470,-1,2461,2463,2474,-1,2475,2464,2461,-1,2476,2477,2475,-1,2478,2479,2480,-1,2481,2482,2483,-1,2484,2474,2483,-1,2485,2476,2486,-1,2486,2487,2488,-1,2489,2490,2491,-1,2492,2481,2493,-1,2494,2495,2480,-1,2496,2487,2479,-1,2494,2497,2498,-1,2492,2499,2500,-1,2498,2499,2501,-1,2502,2500,2498,-1,2501,2503,2494,-1,2504,2505,2501,-1,2506,2507,2505,-1,2507,2503,2505,-1,2460,2459,2466,-1,2465,2467,2462,-1,2508,2470,2509,-1,2462,2508,2463,-1,2472,2509,2470,-1,2510,2464,2475,-1,2477,2510,2475,-1,2511,2512,2508,-1,2461,2460,2463,-1,2462,2470,2508,-1,2463,2512,2474,-1,2509,2511,2508,-1,2461,2484,2475,-1,2485,2477,2476,-1,2513,2514,2512,-1,2484,2461,2474,-1,2482,2475,2484,-1,2463,2508,2512,-1,2474,2514,2483,-1,2511,2513,2512,-1,2476,2475,2482,-1,2488,2485,2486,-1,2515,2493,2514,-1,2482,2484,2483,-1,2516,2476,2482,-1,2474,2512,2514,-1,2483,2493,2481,-1,2513,2515,2514,-1,2486,2476,2516,-1,2496,2488,2487,-1,2517,2492,2493,-1,2516,2482,2481,-1,2486,2516,2502,-1,2483,2514,2493,-1,2481,2492,2500,-1,2515,2517,2493,-1,2487,2486,2502,-1,2518,2496,2479,-1,2481,2500,2516,-1,2502,2516,2500,-1,2502,2497,2487,-1,2499,2492,2519,-1,2500,2499,2498,-1,2517,2519,2492,-1,2479,2487,2497,-1,2478,2518,2479,-1,2520,2491,2495,-1,2497,2502,2498,-1,2497,2480,2479,-1,2501,2499,2521,-1,2494,2498,2501,-1,2519,2521,2499,-1,2490,2478,2480,-1,2520,2489,2491,-1,2497,2494,2480,-1,2491,2480,2495,-1,2503,2522,2495,-1,2503,2495,2494,-1,2521,2504,2501,-1,2520,2495,2523,-1,2490,2480,2491,-1,2523,2495,2522,-1,2522,2503,2524,-1,2507,2524,2503,-1,2505,2503,2501,-1,2525,2526,2527,-1,2528,2529,2530,-1,2531,2532,2533,-1,2534,2525,2533,-1,2535,2536,2537,-1,2538,2537,2536,-1,2539,2538,2527,-1,2505,2535,2506,-1,2536,2540,2531,-1,2519,2541,2542,-1,2540,2542,2543,-1,2528,2532,2543,-1,2544,2545,2546,-1,2547,2530,2548,-1,2541,2517,2549,-1,2550,2551,2548,-1,2515,2552,2549,-1,2553,2552,2513,-1,2548,2551,2547,-1,2550,2554,2555,-1,2555,2556,2557,-1,2553,2511,2558,-1,2557,2559,2560,-1,2560,2559,2561,-1,2557,2556,2559,-1,2562,2563,2564,-1,2562,2561,2559,-1,2563,2472,2565,-1,2563,2565,2564,-1,2565,2472,2473,-1,2559,2563,2562,-1,2472,2563,2509,-1,2511,2509,2558,-1,2527,2538,2536,-1,2509,2563,2558,-1,2558,2559,2556,-1,2566,2557,2567,-1,2560,2567,2557,-1,2563,2559,2558,-1,2513,2511,2553,-1,2551,2555,2568,-1,2566,2555,2557,-1,2553,2556,2554,-1,2555,2551,2550,-1,2569,2551,2568,-1,2555,2566,2568,-1,2558,2556,2553,-1,2515,2513,2552,-1,2556,2555,2554,-1,2570,2552,2554,-1,2570,2550,2548,-1,2571,2551,2569,-1,2553,2554,2552,-1,2517,2515,2549,-1,2547,2572,2530,-1,2554,2550,2570,-1,2573,2549,2570,-1,2551,2571,2547,-1,2548,2530,2573,-1,2574,2547,2571,-1,2552,2570,2549,-1,2519,2517,2541,-1,2575,2544,2572,-1,2570,2548,2573,-1,2529,2541,2573,-1,2547,2574,2572,-1,2572,2528,2530,-1,2575,2572,2574,-1,2549,2573,2541,-1,2521,2519,2542,-1,2546,2532,2544,-1,2573,2530,2529,-1,2529,2543,2542,-1,2572,2544,2528,-1,2544,2532,2528,-1,2575,2545,2544,-1,2541,2529,2542,-1,2504,2521,2540,-1,2546,2576,2533,-1,2529,2528,2543,-1,2531,2543,2532,-1,2546,2533,2532,-1,2545,2577,2546,-1,2521,2542,2540,-1,2505,2504,2540,-1,2525,2527,2533,-1,2543,2531,2540,-1,2531,2533,2527,-1,2576,2534,2533,-1,2577,2576,2546,-1,2540,2536,2505,-1,2535,2505,2536,-1,2526,2539,2527,-1,2531,2527,2536,-1,2526,2525,2578,-1,2534,2578,2525,-1,2579,2580,2581,-1,2582,2583,2584,-1,2362,2376,2580,-1,2585,2579,2581,-1,2586,2587,2588,-1,2587,2585,2588,-1,2588,2585,2581,-1,2589,2590,2591,-1,2592,2593,2594,-1,2595,2596,2597,-1,2584,2598,2599,-1,2596,2594,2583,-1,2600,2601,2602,-1,2603,2604,2605,-1,2602,2606,2607,-1,2607,2608,2609,-1,2610,2611,2608,-1,2606,2612,2610,-1,2613,2612,2614,-1,2615,2616,2617,-1,2452,2613,2391,-1,2607,2618,2600,-1,2613,2619,2391,-1,2605,2618,2609,-1,2620,2393,2391,-1,2604,2621,2598,-1,2622,2603,2609,-1,2623,2624,2625,-1,2626,2621,2603,-1,2582,2627,2596,-1,2623,2628,2624,-1,2591,2583,2594,-1,2629,2587,2595,-1,2589,2594,2593,-1,2592,2587,2586,-1,2579,2585,2630,-1,2587,2592,2594,-1,2630,2362,2579,-1,2585,2629,2630,-1,2362,2580,2579,-1,2594,2595,2587,-1,2596,2583,2582,-1,2596,2595,2594,-1,2631,2369,2630,-1,2587,2629,2585,-1,2629,2597,2631,-1,2362,2630,2369,-1,2589,2591,2594,-1,2590,2632,2628,-1,2633,2634,2635,-1,2636,2637,2625,-1,2628,2591,2590,-1,2582,2584,2599,-1,2584,2583,2591,-1,2411,2631,2638,-1,2629,2631,2630,-1,2595,2597,2629,-1,2597,2627,2638,-1,2369,2631,2411,-1,2639,2591,2628,-1,2632,2624,2628,-1,2599,2640,2582,-1,2639,2584,2591,-1,2639,2628,2641,-1,2627,2642,2638,-1,2598,2584,2639,-1,2417,2638,2642,-1,2597,2638,2631,-1,2596,2627,2597,-1,2627,2640,2642,-1,2411,2638,2417,-1,2623,2641,2628,-1,2636,2625,2624,-1,2621,2643,2599,-1,2641,2598,2639,-1,2641,2623,2644,-1,2640,2645,2642,-1,2604,2598,2641,-1,2621,2599,2598,-1,2645,2423,2642,-1,2582,2640,2627,-1,2640,2643,2645,-1,2417,2642,2423,-1,2625,2644,2623,-1,2646,2637,2636,-1,2644,2604,2641,-1,2644,2625,2647,-1,2643,2648,2645,-1,2604,2644,2605,-1,2603,2621,2604,-1,2648,2427,2645,-1,2599,2643,2640,-1,2643,2626,2648,-1,2423,2645,2427,-1,2637,2647,2625,-1,2634,2633,2646,-1,2601,2615,2617,-1,2647,2605,2644,-1,2647,2637,2649,-1,2626,2650,2648,-1,2647,2618,2605,-1,2609,2603,2605,-1,2650,2380,2648,-1,2621,2626,2643,-1,2626,2622,2650,-1,2427,2648,2380,-1,2637,2633,2649,-1,2646,2633,2637,-1,2635,2634,2651,-1,2649,2618,2647,-1,2633,2652,2649,-1,2622,2611,2650,-1,2600,2618,2649,-1,2607,2609,2618,-1,2611,2410,2650,-1,2603,2622,2626,-1,2622,2608,2611,-1,2380,2650,2410,-1,2635,2652,2633,-1,2653,2651,2634,-1,2615,2654,2655,-1,2652,2600,2649,-1,2652,2635,2656,-1,2602,2617,2614,-1,2652,2601,2600,-1,2607,2600,2602,-1,2611,2404,2441,-1,2609,2608,2622,-1,2608,2606,2610,-1,2410,2611,2441,-1,2651,2656,2635,-1,2651,2657,2654,-1,2657,2658,2659,-1,2656,2601,2652,-1,2654,2656,2651,-1,2660,2661,2616,-1,2601,2656,2615,-1,2601,2617,2602,-1,2610,2397,2404,-1,2607,2606,2608,-1,2606,2614,2612,-1,2404,2611,2610,-1,2653,2657,2651,-1,2659,2658,2662,-1,2656,2654,2615,-1,2657,2659,2654,-1,2655,2616,2615,-1,2614,2617,2661,-1,2612,2452,2397,-1,2602,2614,2606,-1,2661,2613,2614,-1,2397,2610,2612,-1,2655,2659,2662,-1,2659,2655,2654,-1,2662,2663,2655,-1,2663,2664,2655,-1,2655,2664,2616,-1,2617,2616,2661,-1,2616,2664,2660,-1,2619,2613,2661,-1,2660,2619,2661,-1,2452,2612,2613,-1,2663,2665,2664,-1,2665,2666,2664,-1,2664,2666,2660,-1,2666,2667,2660,-1,2667,2620,2619,-1,2667,2619,2660,-1,2391,2619,2620,-1,2668,2669,2670,-1,2671,2672,2673,-1,2674,2523,2675,-1,2473,2676,2670,-1,2676,2473,2471,-1,2677,2469,2678,-1,2678,2469,2468,-1,2679,2680,2681,-1,2465,2682,2683,-1,2510,2684,2464,-1,2685,2686,2687,-1,2686,2688,2689,-1,2690,2464,2684,-1,2691,2692,2485,-1,2693,2694,2695,-1,2696,2518,2697,-1,2698,2699,2700,-1,2701,2702,2703,-1,2523,2674,2520,-1,2704,2705,2706,-1,2522,2675,2523,-1,2707,2708,2709,-1,2705,2710,2709,-1,2711,2712,2675,-1,2713,2712,2714,-1,2715,2716,2717,-1,2711,2717,2718,-1,2507,2506,2715,-1,2715,2717,2507,-1,2719,2720,2721,-1,2720,2722,2723,-1,2724,2719,2706,-1,2702,2725,2726,-1,2707,2710,2703,-1,2727,2726,2728,-1,2729,2727,2730,-1,2478,2731,2697,-1,2732,2496,2696,-1,2699,2729,2733,-1,2734,2735,2698,-1,2489,2736,2490,-1,2692,2737,2477,-1,2738,2695,2735,-1,2694,2739,2688,-1,2691,2485,2488,-1,2679,2685,2740,-1,2690,2741,2459,-1,2681,2742,2671,-1,2467,2683,2743,-1,2677,2676,2471,-1,2459,2741,2466,-1,2669,2673,2744,-1,2744,2673,2745,-1,2746,2744,2745,-1,2747,2746,2745,-1,2747,2748,2749,-1,2749,2748,2750,-1,2751,2750,2752,-1,2676,2668,2670,-1,2469,2677,2471,-1,2672,2753,2745,-1,2668,2673,2669,-1,2743,2468,2467,-1,2747,2754,2748,-1,2671,2673,2668,-1,2672,2745,2673,-1,2748,2755,2752,-1,2746,2747,2749,-1,2747,2753,2754,-1,2752,2750,2748,-1,2676,2756,2668,-1,2756,2676,2677,-1,2742,2757,2672,-1,2756,2671,2668,-1,2758,2756,2677,-1,2753,2759,2754,-1,2681,2671,2756,-1,2742,2672,2671,-1,2754,2760,2755,-1,2745,2753,2747,-1,2753,2757,2759,-1,2755,2748,2754,-1,2678,2758,2677,-1,2683,2467,2465,-1,2680,2761,2742,-1,2758,2681,2756,-1,2758,2678,2762,-1,2757,2763,2759,-1,2679,2681,2758,-1,2680,2742,2681,-1,2759,2764,2760,-1,2672,2757,2753,-1,2757,2761,2763,-1,2760,2754,2759,-1,2678,2743,2762,-1,2743,2678,2468,-1,2740,2765,2680,-1,2762,2679,2758,-1,2766,2762,2743,-1,2761,2767,2763,-1,2685,2679,2762,-1,2740,2680,2679,-1,2763,2768,2764,-1,2742,2761,2757,-1,2761,2765,2767,-1,2764,2759,2763,-1,2683,2766,2743,-1,2466,2682,2465,-1,2687,2769,2740,-1,2766,2685,2762,-1,2770,2766,2683,-1,2765,2771,2767,-1,2686,2685,2766,-1,2687,2740,2685,-1,2767,2772,2768,-1,2680,2765,2761,-1,2765,2769,2771,-1,2768,2763,2767,-1,2770,2683,2682,-1,2690,2459,2464,-1,2689,2773,2687,-1,2770,2686,2766,-1,2774,2770,2682,-1,2769,2775,2771,-1,2688,2686,2770,-1,2689,2687,2686,-1,2771,2776,2772,-1,2740,2769,2765,-1,2769,2773,2775,-1,2772,2767,2771,-1,2682,2741,2774,-1,2741,2682,2466,-1,2739,2777,2689,-1,2774,2688,2770,-1,2737,2510,2477,-1,2773,2778,2775,-1,2694,2688,2774,-1,2739,2689,2688,-1,2775,2779,2776,-1,2687,2773,2769,-1,2773,2777,2778,-1,2776,2771,2775,-1,2741,2780,2774,-1,2780,2741,2690,-1,2693,2781,2739,-1,2780,2694,2774,-1,2692,2477,2485,-1,2777,2782,2778,-1,2695,2694,2780,-1,2693,2739,2694,-1,2778,2783,2779,-1,2689,2777,2773,-1,2777,2781,2782,-1,2779,2775,2778,-1,2690,2784,2780,-1,2684,2784,2690,-1,2738,2785,2693,-1,2784,2695,2780,-1,2786,2784,2684,-1,2781,2787,2782,-1,2735,2695,2784,-1,2738,2693,2695,-1,2782,2788,2783,-1,2739,2781,2777,-1,2781,2785,2787,-1,2783,2778,2782,-1,2684,2737,2786,-1,2737,2684,2510,-1,2734,2789,2738,-1,2786,2735,2784,-1,2732,2488,2496,-1,2785,2790,2787,-1,2698,2735,2786,-1,2734,2738,2735,-1,2787,2791,2788,-1,2693,2785,2781,-1,2785,2789,2790,-1,2788,2782,2787,-1,2737,2792,2786,-1,2792,2737,2692,-1,2700,2793,2734,-1,2792,2698,2786,-1,2696,2496,2518,-1,2789,2794,2790,-1,2699,2698,2792,-1,2700,2734,2698,-1,2790,2795,2791,-1,2738,2789,2785,-1,2789,2793,2794,-1,2791,2787,2790,-1,2692,2796,2792,-1,2691,2796,2692,-1,2733,2797,2700,-1,2796,2699,2792,-1,2798,2796,2691,-1,2793,2799,2794,-1,2729,2699,2796,-1,2733,2700,2699,-1,2794,2800,2795,-1,2734,2793,2789,-1,2793,2797,2799,-1,2795,2790,2794,-1,2691,2732,2798,-1,2732,2691,2488,-1,2730,2801,2733,-1,2798,2729,2796,-1,2798,2732,2802,-1,2797,2803,2799,-1,2727,2729,2798,-1,2730,2733,2729,-1,2799,2804,2800,-1,2700,2797,2793,-1,2797,2801,2803,-1,2800,2794,2799,-1,2696,2802,2732,-1,2478,2697,2518,-1,2728,2805,2730,-1,2802,2727,2798,-1,2802,2696,2806,-1,2801,2807,2803,-1,2726,2727,2802,-1,2728,2730,2727,-1,2803,2808,2804,-1,2733,2801,2797,-1,2801,2805,2807,-1,2804,2799,2803,-1,2697,2806,2696,-1,2490,2731,2478,-1,2725,2809,2728,-1,2806,2726,2802,-1,2810,2489,2520,-1,2805,2811,2807,-1,2702,2726,2806,-1,2725,2728,2726,-1,2807,2812,2808,-1,2730,2805,2801,-1,2805,2809,2811,-1,2808,2803,2807,-1,2697,2813,2806,-1,2813,2697,2731,-1,2701,2814,2725,-1,2813,2702,2806,-1,2815,2813,2731,-1,2809,2816,2811,-1,2703,2702,2813,-1,2701,2725,2702,-1,2811,2817,2812,-1,2728,2809,2805,-1,2809,2814,2816,-1,2812,2807,2811,-1,2731,2736,2815,-1,2736,2731,2490,-1,2710,2818,2701,-1,2815,2703,2813,-1,2736,2819,2815,-1,2814,2820,2816,-1,2703,2815,2707,-1,2710,2701,2703,-1,2816,2821,2817,-1,2725,2814,2809,-1,2814,2818,2820,-1,2817,2811,2816,-1,2736,2810,2819,-1,2810,2736,2489,-1,2822,2823,2824,-1,2819,2707,2815,-1,2825,2819,2810,-1,2818,2704,2820,-1,2819,2708,2707,-1,2709,2710,2707,-1,2820,2826,2821,-1,2701,2818,2814,-1,2818,2705,2704,-1,2821,2816,2820,-1,2810,2674,2825,-1,2674,2810,2520,-1,2708,2827,2822,-1,2825,2708,2819,-1,2674,2828,2825,-1,2709,2822,2724,-1,2708,2825,2827,-1,2709,2708,2822,-1,2704,2829,2826,-1,2710,2705,2818,-1,2705,2724,2706,-1,2826,2820,2704,-1,2675,2828,2674,-1,2524,2711,2522,-1,2713,2827,2828,-1,2828,2827,2825,-1,2828,2712,2713,-1,2823,2822,2827,-1,2827,2713,2823,-1,2724,2822,2824,-1,2706,2721,2829,-1,2709,2724,2705,-1,2724,2824,2719,-1,2829,2704,2706,-1,2522,2711,2675,-1,2524,2507,2717,-1,2823,2713,2830,-1,2675,2712,2828,-1,2712,2718,2714,-1,2824,2823,2831,-1,2713,2714,2830,-1,2832,2723,2722,-1,2823,2830,2831,-1,2722,2719,2824,-1,2831,2722,2824,-1,2721,2706,2719,-1,2524,2717,2711,-1,2711,2718,2712,-1,2716,2833,2718,-1,2717,2716,2718,-1,2833,2834,2714,-1,2718,2833,2714,-1,2834,2835,2830,-1,2714,2834,2830,-1,2835,2832,2831,-1,2830,2835,2831,-1,2832,2722,2831,-1,2720,2719,2722,-1,2836,2837,2838,-1,2839,2840,2841,-1,2842,2569,2843,-1,2568,2844,2843,-1,2837,2845,2846,-1,2847,2848,2836,-1,2849,2845,2850,-1,2560,2561,2851,-1,2852,2850,2853,-1,2853,2854,2855,-1,2856,2561,2562,-1,2751,2857,2858,-1,2859,2860,2861,-1,2860,2862,2863,-1,2864,2863,2857,-1,2855,2865,2859,-1,2571,2842,2866,-1,2867,2865,2854,-1,2856,2868,2869,-1,2870,2871,2869,-1,2872,2670,2669,-1,2873,2868,2872,-1,2565,2670,2872,-1,2874,2875,2848,-1,2565,2473,2670,-1,2875,2876,2877,-1,2567,2878,2566,-1,2879,2877,2880,-1,2881,2882,2575,-1,2883,2884,2879,-1,2545,2882,2885,-1,2884,2886,2887,-1,2575,2574,2881,-1,2888,2887,2889,-1,2890,2891,2576,-1,2892,2893,2888,-1,2534,2891,2894,-1,2893,2895,2896,-1,2576,2577,2890,-1,2897,2896,2898,-1,2899,2900,2526,-1,2901,2841,2897,-1,2539,2900,2902,-1,2903,2537,2904,-1,2894,2578,2534,-1,2905,2834,2906,-1,2840,2833,2716,-1,2906,2834,2833,-1,2907,2832,2835,-1,2833,2840,2906,-1,2907,2835,2905,-1,2723,2832,2908,-1,2840,2716,2909,-1,2715,2909,2716,-1,2506,2910,2715,-1,2715,2910,2909,-1,2851,2561,2856,-1,2910,2506,2535,-1,2537,2903,2535,-1,2538,2904,2537,-1,2535,2903,2910,-1,2839,2911,2906,-1,2902,2538,2539,-1,2905,2912,2907,-1,2841,2840,2909,-1,2839,2906,2840,-1,2907,2913,2908,-1,2834,2905,2835,-1,2905,2911,2912,-1,2908,2832,2907,-1,2910,2914,2909,-1,2914,2910,2903,-1,2901,2915,2839,-1,2914,2841,2909,-1,2916,2914,2903,-1,2911,2917,2912,-1,2897,2841,2914,-1,2901,2839,2841,-1,2912,2918,2913,-1,2906,2911,2905,-1,2911,2915,2917,-1,2913,2907,2912,-1,2904,2916,2903,-1,2900,2539,2526,-1,2898,2919,2901,-1,2916,2897,2914,-1,2916,2904,2920,-1,2915,2921,2917,-1,2896,2897,2916,-1,2898,2901,2897,-1,2917,2922,2918,-1,2839,2915,2911,-1,2915,2919,2921,-1,2918,2912,2917,-1,2904,2902,2920,-1,2902,2904,2538,-1,2895,2923,2898,-1,2920,2896,2916,-1,2924,2920,2902,-1,2919,2925,2921,-1,2893,2896,2920,-1,2895,2898,2896,-1,2921,2926,2922,-1,2901,2919,2915,-1,2919,2923,2925,-1,2922,2917,2921,-1,2900,2924,2902,-1,2578,2899,2526,-1,2892,2927,2895,-1,2924,2893,2920,-1,2928,2924,2900,-1,2923,2929,2925,-1,2888,2893,2924,-1,2892,2895,2893,-1,2925,2930,2926,-1,2898,2923,2919,-1,2923,2927,2929,-1,2926,2921,2925,-1,2928,2900,2899,-1,2891,2534,2576,-1,2889,2931,2892,-1,2928,2888,2924,-1,2932,2928,2899,-1,2927,2933,2929,-1,2887,2888,2928,-1,2889,2892,2888,-1,2929,2934,2930,-1,2895,2927,2923,-1,2927,2931,2933,-1,2930,2925,2929,-1,2899,2894,2932,-1,2894,2899,2578,-1,2886,2935,2889,-1,2932,2887,2928,-1,2885,2577,2545,-1,2931,2936,2933,-1,2884,2887,2932,-1,2886,2889,2887,-1,2933,2937,2934,-1,2892,2931,2927,-1,2931,2935,2936,-1,2934,2929,2933,-1,2894,2938,2932,-1,2938,2894,2891,-1,2883,2939,2886,-1,2938,2884,2932,-1,2882,2545,2575,-1,2935,2940,2936,-1,2879,2884,2938,-1,2883,2886,2884,-1,2936,2941,2937,-1,2889,2935,2931,-1,2935,2939,2940,-1,2937,2933,2936,-1,2891,2942,2938,-1,2890,2942,2891,-1,2880,2943,2883,-1,2942,2879,2938,-1,2944,2942,2890,-1,2939,2945,2940,-1,2877,2879,2942,-1,2880,2883,2879,-1,2940,2946,2941,-1,2886,2939,2935,-1,2939,2943,2945,-1,2941,2936,2940,-1,2890,2885,2944,-1,2885,2890,2577,-1,2876,2947,2880,-1,2944,2877,2942,-1,2866,2574,2571,-1,2943,2948,2945,-1,2875,2877,2944,-1,2876,2880,2877,-1,2945,2949,2946,-1,2883,2943,2939,-1,2943,2947,2948,-1,2946,2940,2945,-1,2885,2950,2944,-1,2950,2885,2882,-1,2874,2951,2876,-1,2950,2875,2944,-1,2842,2571,2569,-1,2947,2952,2948,-1,2848,2875,2950,-1,2874,2876,2875,-1,2948,2953,2949,-1,2880,2947,2943,-1,2947,2951,2952,-1,2949,2945,2948,-1,2882,2954,2950,-1,2881,2954,2882,-1,2847,2955,2874,-1,2954,2848,2950,-1,2956,2954,2881,-1,2951,2957,2952,-1,2836,2848,2954,-1,2847,2874,2848,-1,2952,2958,2953,-1,2876,2951,2947,-1,2951,2955,2957,-1,2953,2948,2952,-1,2881,2866,2956,-1,2866,2881,2574,-1,2838,2959,2847,-1,2956,2836,2954,-1,2956,2866,2960,-1,2955,2961,2957,-1,2837,2836,2956,-1,2838,2847,2836,-1,2957,2962,2958,-1,2874,2955,2951,-1,2955,2959,2961,-1,2958,2952,2957,-1,2842,2960,2866,-1,2568,2843,2569,-1,2846,2963,2838,-1,2960,2837,2956,-1,2960,2842,2964,-1,2959,2965,2961,-1,2845,2837,2960,-1,2846,2838,2837,-1,2961,2966,2962,-1,2847,2959,2955,-1,2959,2963,2965,-1,2962,2957,2961,-1,2843,2964,2842,-1,2566,2844,2568,-1,2849,2967,2846,-1,2964,2845,2960,-1,2968,2567,2560,-1,2963,2969,2965,-1,2850,2845,2964,-1,2849,2846,2845,-1,2965,2970,2966,-1,2838,2963,2959,-1,2963,2967,2969,-1,2966,2961,2965,-1,2843,2971,2964,-1,2971,2843,2844,-1,2852,2972,2849,-1,2971,2850,2964,-1,2973,2971,2844,-1,2967,2974,2969,-1,2853,2850,2971,-1,2852,2849,2850,-1,2969,2975,2970,-1,2846,2967,2963,-1,2967,2972,2974,-1,2970,2965,2969,-1,2844,2878,2973,-1,2878,2844,2566,-1,2855,2976,2852,-1,2973,2853,2971,-1,2878,2977,2973,-1,2972,2978,2974,-1,2853,2973,2854,-1,2855,2852,2853,-1,2974,2979,2975,-1,2849,2972,2967,-1,2972,2976,2978,-1,2975,2969,2974,-1,2878,2968,2977,-1,2968,2878,2567,-1,2980,2981,2982,-1,2977,2854,2973,-1,2983,2977,2968,-1,2976,2861,2978,-1,2977,2867,2854,-1,2865,2855,2854,-1,2978,2984,2979,-1,2852,2976,2972,-1,2976,2859,2861,-1,2979,2974,2978,-1,2968,2851,2983,-1,2851,2968,2560,-1,2867,2985,2980,-1,2983,2867,2977,-1,2851,2986,2983,-1,2865,2980,2862,-1,2867,2983,2985,-1,2865,2867,2980,-1,2861,2987,2984,-1,2855,2859,2976,-1,2859,2862,2860,-1,2984,2978,2861,-1,2856,2986,2851,-1,2564,2868,2562,-1,2871,2985,2986,-1,2986,2985,2983,-1,2986,2869,2871,-1,2981,2980,2985,-1,2985,2871,2981,-1,2862,2980,2982,-1,2860,2864,2987,-1,2865,2862,2859,-1,2862,2982,2863,-1,2987,2861,2860,-1,2562,2868,2856,-1,2564,2565,2872,-1,2981,2871,2988,-1,2856,2869,2986,-1,2869,2873,2870,-1,2982,2981,2989,-1,2871,2870,2988,-1,2750,2751,2858,-1,2981,2988,2989,-1,2858,2863,2982,-1,2989,2858,2982,-1,2864,2860,2863,-1,2564,2872,2868,-1,2868,2873,2869,-1,2669,2744,2873,-1,2872,2669,2873,-1,2744,2746,2870,-1,2873,2744,2870,-1,2746,2749,2988,-1,2870,2746,2988,-1,2749,2750,2989,-1,2988,2749,2989,-1,2750,2858,2989,-1,2857,2863,2858,-1,2990,2991,2992,-1,2993,2992,2994,-1,2589,2995,2996,-1,2997,2993,2998,-1,2999,3000,3001,-1,2995,2593,3002,-1,2999,2997,3003,-1,3004,3002,2592,-1,2586,3005,3004,-1,3005,2588,3006,-1,3007,3006,2581,-1,3008,3009,3001,-1,3010,3009,3011,-1,3012,2580,2376,-1,3010,3013,3014,-1,3015,3016,3017,-1,2580,3012,3007,-1,3018,3014,3019,-1,3014,3013,3019,-1,3020,3021,3022,-1,3022,3012,2376,-1,3023,3024,3018,-1,2996,3025,2590,-1,3025,3026,2632,-1,3027,3028,2990,-1,3029,2624,3026,-1,3027,3030,3031,-1,3029,3032,2636,-1,3033,3030,3034,-1,3035,2646,3032,-1,3036,3037,3034,-1,2634,3035,3038,-1,3039,3040,3036,-1,3038,3041,2653,-1,3042,3043,3039,-1,3044,2657,3041,-1,3045,3042,3046,-1,2658,3044,3047,-1,3048,3049,3046,-1,3047,3050,2662,-1,3051,3052,3048,-1,3053,2663,3050,-1,3051,3054,3055,-1,3053,3056,2665,-1,3057,3058,3054,-1,3059,3060,3061,-1,3015,3062,3056,-1,3060,3062,3063,-1,3060,3063,3061,-1,3058,3064,3065,-1,2620,3059,2393,-1,3057,3066,3064,-1,3067,3068,3069,-1,3016,3070,3064,-1,3012,3022,3021,-1,2581,2580,3007,-1,3019,3013,3020,-1,3021,3020,3013,-1,3012,3021,3071,-1,3018,3024,3014,-1,3010,3011,3013,-1,3072,3014,3024,-1,3007,3012,3071,-1,2588,2581,3006,-1,3013,3011,3021,-1,3071,3021,3011,-1,3073,3007,3071,-1,3010,3072,3074,-1,3011,3009,3008,-1,3072,3010,3014,-1,3006,3007,3073,-1,2586,2588,3005,-1,3011,3008,3071,-1,3073,3071,3008,-1,3006,3073,3075,-1,3009,3074,3076,-1,3000,3008,3001,-1,3074,3009,3010,-1,3005,3006,3075,-1,2592,2586,3004,-1,3008,3000,3073,-1,3075,3073,3000,-1,3005,3075,3077,-1,3001,3009,3076,-1,2999,3003,3000,-1,3078,3001,3076,-1,3004,3005,3077,-1,2593,2592,3002,-1,3000,3003,3075,-1,3077,3075,3003,-1,3079,3004,3077,-1,2999,3078,3080,-1,3003,2997,2998,-1,3078,2999,3001,-1,3002,3004,3079,-1,2589,2593,2995,-1,3003,2998,3077,-1,3079,3077,2998,-1,3002,3079,3081,-1,2997,3080,3082,-1,2998,2993,2994,-1,3080,2997,2999,-1,2995,3002,3081,-1,2590,2589,2996,-1,2998,2994,3079,-1,3081,3079,2994,-1,2995,3081,3083,-1,2997,3082,2993,-1,2992,2991,2994,-1,3084,2993,3082,-1,2996,2995,3083,-1,2632,2590,3025,-1,2994,2991,3081,-1,3083,3081,2991,-1,3085,2996,3083,-1,2992,3084,3086,-1,2991,2990,3028,-1,3084,2992,2993,-1,3025,2996,3085,-1,2624,2632,3026,-1,2991,3028,3083,-1,3085,3083,3028,-1,3025,3085,3087,-1,2990,3086,3088,-1,3028,3027,3031,-1,3086,2990,2992,-1,3026,3025,3087,-1,2636,2624,3029,-1,3028,3031,3085,-1,3087,3085,3031,-1,3026,3087,3089,-1,3027,3088,3090,-1,3031,3030,3033,-1,3088,3027,2990,-1,3029,3026,3089,-1,2646,2636,3032,-1,3031,3033,3087,-1,3089,3087,3033,-1,3091,3029,3089,-1,3030,3090,3092,-1,3033,3034,3037,-1,3090,3030,3027,-1,3032,3029,3091,-1,2634,2646,3035,-1,3033,3037,3089,-1,3091,3089,3037,-1,3032,3091,3093,-1,3034,3092,3094,-1,3040,3037,3036,-1,3092,3034,3030,-1,3035,3032,3093,-1,2653,2634,3038,-1,3037,3040,3091,-1,3093,3091,3040,-1,3035,3093,3095,-1,3036,3034,3094,-1,3039,3043,3040,-1,3096,3036,3094,-1,3038,3035,3095,-1,2657,2653,3041,-1,3040,3043,3093,-1,3095,3093,3043,-1,3097,3038,3095,-1,3039,3096,3098,-1,3043,3042,3045,-1,3096,3039,3036,-1,3041,3038,3097,-1,2658,2657,3044,-1,3043,3045,3095,-1,3097,3095,3045,-1,3041,3097,3099,-1,3039,3098,3042,-1,3045,3046,3049,-1,3100,3042,3098,-1,3044,3041,3099,-1,2662,2658,3047,-1,3045,3049,3097,-1,3099,3097,3049,-1,3044,3099,3101,-1,3102,3046,3100,-1,3049,3048,3052,-1,3100,3046,3042,-1,3047,3044,3101,-1,2663,2662,3050,-1,3049,3052,3099,-1,3101,3099,3052,-1,3047,3101,3103,-1,3048,3102,3104,-1,3052,3051,3055,-1,3102,3048,3046,-1,3050,3047,3103,-1,2665,2663,3053,-1,3052,3055,3101,-1,3103,3101,3055,-1,3050,3103,3065,-1,3048,3104,3051,-1,3054,3058,3055,-1,3105,3051,3104,-1,3053,3050,3065,-1,2666,2665,3056,-1,3055,3058,3103,-1,3065,3103,3058,-1,3070,3053,3065,-1,3054,3105,3106,-1,3058,3057,3064,-1,3105,3054,3051,-1,3056,3053,3070,-1,2667,2666,3062,-1,3069,3016,3066,-1,3070,3065,3064,-1,3070,3016,3015,-1,3057,3106,3107,-1,3064,3066,3016,-1,3106,3057,3054,-1,2666,3056,3062,-1,3060,2620,2667,-1,3069,3066,3067,-1,3056,3070,3015,-1,3063,3015,3017,-1,3066,3107,3067,-1,3017,3016,3069,-1,3107,3066,3057,-1,2667,3062,3060,-1,2620,3060,3059,-1,3108,3061,3063,-1,3062,3015,3063,-1,3063,3017,3108,-1,3109,3108,3017,-1,3017,3069,3109,-1,3068,3109,3069,-1,3110,3111,2359,-1,3112,3113,3114,-1,3111,3115,2356,-1,3116,3117,3118,-1,3119,3120,3121,-1,3118,3122,3123,-1,3124,3125,3023,-1,2357,3115,3126,-1,3120,3127,3121,-1,3122,3127,3128,-1,3129,3130,3131,-1,3132,3124,3120,-1,3133,3134,3135,-1,3131,3126,3135,-1,3130,3020,3022,-1,3129,3020,3130,-1,3136,3137,3117,-1,2374,3022,2376,-1,3138,3110,2415,-1,3126,2364,2358,-1,3138,2416,3139,-1,3140,3137,3141,-1,3142,3139,2420,-1,3140,3143,3144,-1,2413,3110,2359,-1,3145,3112,3144,-1,3146,3147,2430,-1,3147,3142,2426,-1,3148,3146,2437,-1,3114,3149,3150,-1,2422,3142,2420,-1,3151,3152,3150,-1,3153,3152,3154,-1,3155,3156,3157,-1,3158,3159,2451,-1,3160,3161,3162,-1,2456,3163,3164,-1,3165,3166,3167,-1,3161,3168,3169,-1,3170,3061,3166,-1,3059,3170,3171,-1,3108,3109,3167,-1,3166,3108,3167,-1,3068,3172,3109,-1,3061,3170,3059,-1,3171,2392,2393,-1,2393,3059,3171,-1,3165,3168,3173,-1,3174,3175,2394,-1,3174,2365,3176,-1,2455,3177,3163,-1,2458,3175,3177,-1,3156,3178,3179,-1,3179,3180,3162,-1,3181,3158,2450,-1,3164,3181,2457,-1,3182,3183,3153,-1,3184,3157,3183,-1,2443,3159,3148,-1,2365,2392,3176,-1,2440,3148,2437,-1,3176,2392,3171,-1,3170,3185,3171,-1,3167,3109,3172,-1,3061,3108,3166,-1,3166,3165,3173,-1,3186,3167,3172,-1,3176,3171,3185,-1,2394,2365,3174,-1,3166,3173,3170,-1,3185,3170,3173,-1,3160,3176,3185,-1,3165,3167,3186,-1,3173,3168,3161,-1,3187,3165,3186,-1,3174,3176,3160,-1,2458,2394,3175,-1,3173,3161,3185,-1,3160,3185,3161,-1,3180,3174,3160,-1,3168,3165,3187,-1,3161,3169,3162,-1,3188,3168,3187,-1,3175,3174,3180,-1,2455,2458,3177,-1,3162,3169,3189,-1,3180,3160,3162,-1,3178,3175,3180,-1,3169,3168,3188,-1,3162,3189,3179,-1,3190,3169,3188,-1,3177,3175,3178,-1,2456,2455,3163,-1,3179,3189,3191,-1,3178,3180,3179,-1,3155,3177,3178,-1,3189,3169,3190,-1,3179,3191,3156,-1,3192,3189,3190,-1,3163,3177,3155,-1,2457,2456,3164,-1,3156,3191,3193,-1,3155,3178,3156,-1,3184,3163,3155,-1,3191,3189,3192,-1,3156,3193,3157,-1,3194,3191,3192,-1,3164,3163,3184,-1,2450,2457,3181,-1,3157,3193,3195,-1,3184,3155,3157,-1,3182,3164,3184,-1,3193,3191,3194,-1,3157,3195,3183,-1,3196,3193,3194,-1,3181,3164,3182,-1,2451,2450,3158,-1,3197,3198,3195,-1,3182,3184,3183,-1,3154,3181,3182,-1,3195,3193,3196,-1,3183,3198,3153,-1,3197,3195,3196,-1,3158,3181,3154,-1,2443,2451,3159,-1,3199,3200,3198,-1,3154,3182,3153,-1,3151,3158,3154,-1,3183,3195,3198,-1,3153,3200,3152,-1,3197,3199,3198,-1,3159,3158,3151,-1,2440,2443,3148,-1,3201,3202,3200,-1,3151,3154,3152,-1,3149,3159,3151,-1,3153,3198,3200,-1,3152,3202,3150,-1,3199,3201,3200,-1,3148,3159,3149,-1,2430,2437,3146,-1,3203,3204,3202,-1,3149,3151,3150,-1,3113,3148,3149,-1,3152,3200,3202,-1,3150,3204,3114,-1,3201,3203,3202,-1,3146,3148,3113,-1,2426,2430,3147,-1,3205,3206,3204,-1,3113,3149,3114,-1,3145,3146,3113,-1,3150,3202,3204,-1,3114,3206,3112,-1,3203,3205,3204,-1,3147,3146,3145,-1,2422,2426,3142,-1,3207,3208,3206,-1,3145,3113,3112,-1,3143,3147,3145,-1,3114,3204,3206,-1,3112,3208,3144,-1,3205,3207,3206,-1,3142,3147,3143,-1,2416,2420,3139,-1,3209,3210,3208,-1,3143,3145,3144,-1,3141,3142,3143,-1,3112,3206,3208,-1,3144,3210,3140,-1,3207,3209,3208,-1,3139,3142,3141,-1,2415,2416,3138,-1,3211,3212,3210,-1,3141,3143,3140,-1,3136,3139,3141,-1,3144,3208,3210,-1,3140,3212,3137,-1,3209,3211,3210,-1,3138,3139,3136,-1,2413,2415,3110,-1,3213,3214,3212,-1,3136,3141,3137,-1,3116,3138,3136,-1,3140,3210,3212,-1,3137,3214,3117,-1,3211,3213,3212,-1,3110,3138,3116,-1,2356,2359,3111,-1,3215,3216,3214,-1,3116,3136,3117,-1,3123,3110,3116,-1,3137,3212,3214,-1,3117,3216,3118,-1,3213,3215,3214,-1,3111,3110,3123,-1,2357,2356,3115,-1,3217,3218,3216,-1,3123,3116,3118,-1,3128,3111,3123,-1,3117,3214,3216,-1,3118,3218,3122,-1,3215,3217,3216,-1,3115,3111,3128,-1,2358,2357,3126,-1,3219,3121,3218,-1,3128,3123,3122,-1,3128,3220,3115,-1,3118,3216,3218,-1,3122,3121,3127,-1,3217,3219,3218,-1,3126,3115,3220,-1,3131,2375,2364,-1,3127,3133,3220,-1,3220,3128,3127,-1,3135,3220,3133,-1,3122,3218,3121,-1,3127,3120,3133,-1,3219,3119,3121,-1,2364,3126,3131,-1,2375,3130,2374,-1,3023,3018,3124,-1,3126,3220,3135,-1,3135,3134,3129,-1,3124,3133,3120,-1,3134,3133,3124,-1,3119,3132,3120,-1,2375,3131,3130,-1,2374,3130,3022,-1,3019,3020,3129,-1,3131,3135,3129,-1,3129,3134,3019,-1,3018,3019,3134,-1,3018,3134,3124,-1,3132,3125,3124,-1,3221,3222,3223,-1,3224,3225,3226,-1,3227,3228,3229,-1,3230,3231,3232,-1,3233,3234,3235,-1,3236,3237,3238,-1,3239,3240,3241,-1,3242,3243,3244,-1,3244,3245,3242,-1,3246,3243,3247,-1,3243,3246,3244,-1,3248,3249,3247,-1,3246,3247,3249,-1,3250,3249,3248,-1,3245,3238,3237,-1,3242,3245,3237,-1,3239,3236,3240,-1,3236,3238,3240,-1,3230,3232,3241,-1,3232,3239,3241,-1,3235,3234,3231,-1,3235,3231,3230,-1,3233,3225,3224,-1,3233,3224,3234,-1,3226,3228,3227,-1,3225,3228,3226,-1,3221,3229,3222,-1,3227,3229,3221,-1,3251,3252,3253,-1,3254,3255,3256,-1,3257,3258,3259,-1,3260,3261,3262,-1,3263,3264,3265,-1,3265,3258,3263,-1,3260,3257,3259,-1,3263,3266,3264,-1,3258,3265,3259,-1,3260,3262,3257,-1,3253,3262,3261,-1,3251,3255,3252,-1,3261,3251,3253,-1,3254,3252,3255,-1,3267,3268,3269,-1,3266,3270,3264,-1,3271,3272,3273,-1,3274,3275,3276,-1,3277,3278,3272,-1,3273,3272,3278,-1,3273,3274,3271,-1,3276,3271,3274,-1,3269,3276,3275,-1,3275,3267,3269,-1,3266,3268,3270,-1,3267,3270,3268,-1,3277,3279,3280,-1,3277,3280,3278,-1,3281,3280,3279,-1,3282,3283,3284,-1,3285,3286,3287,-1,3288,3289,3290,-1,3291,3292,3293,-1,3294,3295,3296,-1,3297,3298,3299,-1,3300,3301,3302,-1,3303,3304,3305,-1,3300,3306,3307,-1,3307,3301,3300,-1,3308,3306,3309,-1,3306,3308,3307,-1,3310,3311,3309,-1,3308,3309,3311,-1,3312,3311,3310,-1,3305,3302,3303,-1,3301,3303,3302,-1,3295,3304,3296,-1,3305,3304,3295,-1,3297,3294,3298,-1,3294,3296,3298,-1,3288,3290,3299,-1,3290,3297,3299,-1,3293,3292,3289,-1,3293,3289,3288,-1,3291,3283,3282,-1,3291,3282,3292,-1,3284,3286,3285,-1,3283,3286,3284,-1,3281,3287,3280,-1,3285,3287,3281,-1,3231,2970,2975,-1,3239,2979,2984,-1,2975,2979,3232,-1,3237,2984,2987,-1,2857,3243,2864,-1,2987,2864,3242,-1,3247,2857,2751,-1,2752,3313,2751,-1,3313,3248,2751,-1,3314,3315,2764,-1,2752,2755,3316,-1,3317,2755,2760,-1,3315,3317,2760,-1,3318,2764,2768,-1,3319,2776,3320,-1,3321,3318,2768,-1,3310,3322,2804,-1,3323,2783,3324,-1,2795,2800,3322,-1,3310,2804,2808,-1,3324,2788,3322,-1,2788,2791,3322,-1,3320,2779,3325,-1,3323,3325,2779,-1,3321,2772,3326,-1,2776,3319,3326,-1,2962,3221,2958,-1,2970,3234,3224,-1,2720,2723,3310,-1,3310,2723,3312,-1,2966,3224,3226,-1,2829,2721,3310,-1,3310,2721,2720,-1,2821,2826,3310,-1,3310,2826,2829,-1,2812,2817,3310,-1,3310,2817,2821,-1,3310,2808,2812,-1,2804,3322,2800,-1,2791,2795,3322,-1,3324,2783,2788,-1,3323,2779,2783,-1,3320,2776,2779,-1,3326,2772,2776,-1,3321,2768,2772,-1,3318,3314,2764,-1,3315,2760,2764,-1,2755,3317,3316,-1,3316,3313,2752,-1,3248,3247,2751,-1,3247,3243,2857,-1,3243,3242,2864,-1,3242,3237,2987,-1,3236,3239,2984,-1,2984,3237,3236,-1,3239,3232,2979,-1,3232,3231,2975,-1,3231,3234,2970,-1,3224,2966,2970,-1,2966,3227,2962,-1,3227,2966,3226,-1,3223,2949,2953,-1,2962,3227,3221,-1,3223,2953,2958,-1,3221,3223,2958,-1,3223,2941,2946,-1,2949,3223,2946,-1,2937,2941,3312,-1,3223,3312,2941,-1,2930,2934,3312,-1,3312,2934,2937,-1,2922,2926,3312,-1,3312,2926,2930,-1,2913,2918,3312,-1,3312,2918,2922,-1,2723,2908,3312,-1,3312,2908,2913,-1,3313,3250,3248,-1,3315,3327,3317,-1,3316,3328,3329,-1,3330,3318,3321,-1,3331,3314,3332,-1,3319,3320,3333,-1,3326,3334,3335,-1,3325,3323,3336,-1,3336,3337,3325,-1,3338,3323,3324,-1,3323,3338,3336,-1,3322,3339,3324,-1,3338,3324,3339,-1,3340,3339,3322,-1,3337,3333,3320,-1,3325,3337,3320,-1,3326,3319,3334,-1,3319,3333,3334,-1,3330,3321,3335,-1,3321,3326,3335,-1,3332,3314,3318,-1,3332,3318,3330,-1,3331,3327,3315,-1,3331,3315,3314,-1,3317,3328,3316,-1,3327,3328,3317,-1,3313,3329,3250,-1,3316,3329,3313,-1,3230,3102,3100,-1,3240,3105,3104,-1,3102,3241,3104,-1,3244,3106,3245,-1,3246,3067,3107,-1,3107,3106,3244,-1,3249,3068,3067,-1,3328,3172,3329,-1,3250,3329,3068,-1,3332,3188,3331,-1,3172,3328,3186,-1,3327,3187,3186,-1,3187,3327,3331,-1,3330,3190,3188,-1,3222,3092,3090,-1,3335,3192,3190,-1,3199,3340,3201,-1,3197,3336,3338,-1,3199,3339,3340,-1,3203,3201,3340,-1,3197,3338,3199,-1,3339,3199,3338,-1,3196,3337,3336,-1,3197,3196,3336,-1,3192,3335,3334,-1,3334,3333,3194,-1,3086,3222,3088,-1,3098,3225,3233,-1,3100,3233,3235,-1,3211,3341,3213,-1,3333,3196,3194,-1,3337,3196,3333,-1,3334,3194,3192,-1,3335,3190,3330,-1,3330,3188,3332,-1,3331,3188,3187,-1,3186,3328,3327,-1,3172,3068,3329,-1,3250,3068,3249,-1,3249,3067,3246,-1,3246,3107,3244,-1,3106,3105,3245,-1,3238,3105,3240,-1,3105,3238,3245,-1,3240,3104,3241,-1,3241,3102,3230,-1,3230,3100,3235,-1,3233,3100,3098,-1,3098,3096,3228,-1,3228,3225,3098,-1,3229,3096,3094,-1,3096,3229,3228,-1,3222,3094,3092,-1,3229,3094,3222,-1,3072,3342,3074,-1,3090,3088,3222,-1,3084,3342,3086,-1,3222,3086,3342,-1,3080,3342,3082,-1,3342,3084,3082,-1,3076,3342,3078,-1,3342,3080,3078,-1,3342,3076,3074,-1,3342,3024,3023,-1,3072,3024,3342,-1,3341,3342,3023,-1,3132,3341,3125,-1,3341,3023,3125,-1,3219,3341,3119,-1,3341,3132,3119,-1,3215,3341,3217,-1,3341,3219,3217,-1,3211,3209,3341,-1,3341,3215,3213,-1,3207,3340,3209,-1,3341,3209,3340,-1,3203,3340,3205,-1,3340,3207,3205,-1,3343,3344,3345,-1,3346,3347,3348,-1,3349,3350,3351,-1,3352,3353,3354,-1,3355,3356,3357,-1,3358,3359,3360,-1,3361,3362,3363,-1,3364,3365,3366,-1,3365,3367,3368,-1,3366,3369,3370,-1,3370,3364,3366,-1,3371,3372,3369,-1,3370,3369,3372,-1,3341,3371,3342,-1,3371,3341,3372,-1,3360,3368,3367,-1,3364,3367,3365,-1,3358,3363,3359,-1,3360,3359,3368,-1,3353,3362,3361,-1,3361,3363,3358,-1,3356,3352,3354,-1,3352,3362,3353,-1,3355,3357,3346,-1,3356,3354,3357,-1,3348,3347,3351,-1,3355,3346,3348,-1,3349,3343,3350,-1,3347,3349,3351,-1,3345,3350,3343,-1,3373,3345,3344,-1,3373,3374,3345,-1,3375,3376,3377,-1,3378,3377,3379,-1,3376,3379,3377,-1,3374,3373,3378,-1,3378,3379,3374,-1,3376,3375,3380,-1,3380,3381,3382,-1,3381,3380,3375,-1,3381,3383,3382,-1,3382,3383,3384,-1,3384,3385,3386,-1,3384,3383,3385,-1,3387,3388,3389,-1,3388,3390,3391,-1,3390,3388,3387,-1,3392,3391,3393,-1,3390,3393,3391,-1,3386,3385,3392,-1,3392,3393,3386,-1,3387,3389,3394,-1,3395,3396,3394,-1,3394,3389,3395,-1,3396,3397,3398,-1,3397,3396,3395,-1,3397,3399,3398,-1,3398,3399,3400,-1,3400,3399,3401,-1,3400,3401,3402,-1,3403,3404,3405,-1,3405,3406,3403,-1,3256,3407,3254,-1,3256,3408,3407,-1,3386,3264,3384,-1,3387,3261,3260,-1,3312,3371,3311,-1,3352,3293,3288,-1,3259,3390,3260,-1,3387,3260,3390,-1,3259,3386,3393,-1,3393,3390,3259,-1,3384,3267,3382,-1,3270,3267,3384,-1,3274,3376,3275,-1,3380,3267,3275,-1,3374,3273,3278,-1,3379,3273,3374,-1,3371,3369,3311,-1,3366,3301,3307,-1,3400,3402,3256,-1,3255,3398,3256,-1,3342,3371,3312,-1,3311,3369,3308,-1,3398,3400,3256,-1,3396,3398,3255,-1,3307,3369,3366,-1,3307,3308,3369,-1,3409,3410,3411,-1,3412,3413,3414,-1,3365,3303,3301,-1,3412,3411,3413,-1,3415,3416,3417,-1,3368,3359,3304,-1,3303,3368,3304,-1,3418,3417,3416,-1,3298,3363,3299,-1,3359,3298,3296,-1,3419,3420,3421,-1,3422,3423,3421,-1,3291,3293,3356,-1,3362,3288,3299,-1,3419,3421,3423,-1,3420,3419,3418,-1,3223,3342,3312,-1,3222,3342,3223,-1,3287,3286,3351,-1,3345,3374,3278,-1,3274,3273,3379,-1,3350,3345,3280,-1,3283,3291,3355,-1,3283,3348,3286,-1,3365,3301,3366,-1,3368,3303,3365,-1,3296,3304,3359,-1,3363,3298,3359,-1,3362,3299,3363,-1,3352,3288,3362,-1,3356,3293,3352,-1,3355,3291,3356,-1,3348,3283,3355,-1,3351,3286,3348,-1,3287,3350,3280,-1,3351,3350,3287,-1,3280,3345,3278,-1,3376,3274,3379,-1,3382,3267,3380,-1,3380,3275,3376,-1,3270,3384,3264,-1,3264,3386,3265,-1,3386,3259,3265,-1,3394,3251,3261,-1,3261,3387,3394,-1,3251,3396,3255,-1,3396,3251,3394,-1,3408,3256,3402,-1,3408,3402,3410,-1,3414,3424,3425,-1,3418,3419,3417,-1,3425,3424,3415,-1,3425,3415,3417,-1,3414,3413,3424,-1,3409,3411,3412,-1,3409,3408,3410,-1,3426,3427,3428,-1,3253,3395,3389,-1,3426,3429,3427,-1,3430,3431,3429,-1,3430,3429,3426,-1,3432,3433,3431,-1,3429,3431,3433,-1,3433,3432,3434,-1,3435,3436,3437,-1,3438,3439,3440,-1,3435,3439,3438,-1,3383,3266,3385,-1,3441,3442,3440,-1,3354,3289,3292,-1,3436,3434,3437,-1,3436,3433,3434,-1,3435,3437,3439,-1,3442,3438,3440,-1,3441,3401,3407,-1,3442,3441,3407,-1,3407,3401,3254,-1,3254,3401,3399,-1,3388,3391,3257,-1,3254,3397,3252,-1,3258,3392,3385,-1,3391,3392,3258,-1,3385,3263,3258,-1,3383,3381,3269,-1,3268,3383,3269,-1,3271,3276,3377,-1,3375,3276,3269,-1,3373,3277,3272,-1,3378,3373,3272,-1,3372,3309,3370,-1,3364,3300,3302,-1,3309,3372,3310,-1,3341,3310,3372,-1,3309,3306,3370,-1,3300,3364,3370,-1,3300,3370,3306,-1,3367,3302,3305,-1,3360,3295,3358,-1,3305,3295,3360,-1,3297,3290,3361,-1,3358,3294,3297,-1,3282,3357,3292,-1,3353,3290,3289,-1,3322,3310,3341,-1,3340,3322,3341,-1,3281,3349,3285,-1,3344,3277,3373,-1,3271,3378,3272,-1,3343,3279,3344,-1,3284,3346,3282,-1,3284,3285,3347,-1,3367,3364,3302,-1,3360,3367,3305,-1,3294,3358,3295,-1,3361,3358,3297,-1,3353,3361,3290,-1,3354,3353,3289,-1,3357,3354,3292,-1,3346,3357,3282,-1,3347,3346,3284,-1,3349,3347,3285,-1,3281,3279,3343,-1,3349,3281,3343,-1,3279,3277,3344,-1,3377,3378,3271,-1,3381,3375,3269,-1,3375,3377,3276,-1,3268,3266,3383,-1,3266,3263,3385,-1,3258,3257,3391,-1,3388,3262,3389,-1,3257,3262,3388,-1,3395,3253,3252,-1,3389,3262,3253,-1,3254,3399,3397,-1,3395,3252,3397,-1,3443,3444,3445,-1,3443,3445,3446,-1,3404,3403,3447,-1,3444,3448,3449,-1,3450,3451,3452,-1,3443,3448,3444,-1,3452,3449,3450,-1,3448,3450,3449,-1,3452,3451,3447,-1,3404,3447,3451,-1,3441,3402,3401,-1,3437,3413,3439,-1,3440,3411,3410,-1,3416,3432,3431,-1,3424,3434,3415,-1,3420,3430,3426,-1,3430,3420,3418,-1,3428,3421,3426,-1,3420,3426,3421,-1,3422,3421,3428,-1,3418,3416,3431,-1,3431,3430,3418,-1,3415,3434,3432,-1,3415,3432,3416,-1,3424,3413,3437,-1,3424,3437,3434,-1,3439,3411,3440,-1,3413,3411,3439,-1,3441,3410,3402,-1,3440,3410,3441,-1,3405,3450,3448,-1,3453,3448,3454,-1,3453,3405,3448,-1,3404,3451,3405,-1,3405,3451,3450,-1,3455,3406,3405,-1,3456,3453,3454,-1,3453,3455,3405,-1,3456,3455,3453,-1,3449,3452,3406,-1,3447,3403,3406,-1,3449,3406,3455,-1,3452,3447,3406,-1,3456,3449,3455,-1,3457,3458,3459,-1,3458,3457,3460,-1,3422,3457,3459,-1,3422,3459,3423,-1,3442,3407,3408,-1,3436,3435,3414,-1,3438,3409,3412,-1,3419,3429,3417,-1,3425,3417,3433,-1,3427,3419,3423,-1,3419,3427,3429,-1,3436,3425,3433,-1,3417,3429,3433,-1,3414,3435,3412,-1,3425,3436,3414,-1,3438,3442,3409,-1,3435,3438,3412,-1,3408,3409,3442,-1,3461,3427,3462,-1,3427,3461,3428,-1,3461,3463,3464,-1,3461,3462,3463,-1,3465,3466,3467,-1,3468,3467,3444,-1,3445,3467,3466,-1,3444,3467,3445,-1,3444,3449,3468,-1,3466,3446,3445,-1,3465,3469,3470,-1,3470,3446,3466,-1,3465,3470,3466,-1,3470,3469,3471,-1,3472,3443,3471,-1,3446,3470,3471,-1,3443,3446,3471,-1,3472,3448,3443,-1,3471,3468,3472,-1,3471,3467,3468,-1,3473,3458,3460,-1,3460,3474,3473,-1,3475,3476,3477,-1,3462,3473,3463,-1,3423,3467,3471,-1,3475,3477,3478,-1,3467,3458,3465,-1,3475,3478,3479,-1,3480,3481,3475,-1,3480,3475,3479,-1,3482,3483,3475,-1,3482,3475,3481,-1,3475,3484,3473,-1,3484,3475,3483,-1,3473,3485,3486,-1,3484,3485,3473,-1,3487,3488,3463,-1,3486,3487,3473,-1,3489,3490,3463,-1,3463,3491,3492,-1,3493,3494,3463,-1,3495,3463,3494,-1,3463,3496,3489,-1,3490,3493,3463,-1,3496,3463,3492,-1,3488,3491,3463,-1,3463,3473,3487,-1,3427,3471,3469,-1,3427,3423,3471,-1,3458,3467,3459,-1,3469,3462,3427,-1,3473,3469,3465,-1,3462,3469,3473,-1,3473,3465,3458,-1,3459,3467,3423,-1,3464,3497,3498,-1,3428,3461,3454,-1,3499,3500,3464,-1,3499,3464,3498,-1,3500,3501,3464,-1,3464,3502,3503,-1,3501,3502,3464,-1,3464,3504,3505,-1,3503,3504,3464,-1,3506,3507,3474,-1,3505,3506,3464,-1,3508,3509,3510,-1,3474,3511,3512,-1,3513,3514,3508,-1,3508,3515,3516,-1,3516,3517,3508,-1,3508,3517,3513,-1,3518,3508,3510,-1,3515,3508,3518,-1,3474,3512,3508,-1,3508,3512,3509,-1,3468,3457,3422,-1,3511,3474,3507,-1,3464,3506,3474,-1,3472,3428,3448,-1,3454,3461,3474,-1,3461,3464,3474,-1,3468,3449,3457,-1,3457,3449,3460,-1,3474,3460,3456,-1,3460,3449,3456,-1,3454,3474,3456,-1,3448,3428,3454,-1,3472,3468,3422,-1,3422,3428,3472,-1,3474,3475,3473,-1,3475,3474,3508,-1,3495,3464,3463,-1,3490,3499,3493,-1,3494,3498,3497,-1,3502,3496,3492,-1,3500,3489,3501,-1,3504,3488,3505,-1,3491,3504,3503,-1,3506,3505,3487,-1,3488,3487,3505,-1,3486,3507,3506,-1,3506,3487,3486,-1,3492,3491,3503,-1,3491,3488,3504,-1,3501,3496,3502,-1,3502,3492,3503,-1,3500,3490,3489,-1,3501,3489,3496,-1,3499,3498,3493,-1,3500,3499,3490,-1,3494,3497,3495,-1,3493,3498,3494,-1,3464,3495,3497,-1,3479,3515,3480,-1,3478,3516,3479,-1,3515,3479,3516,-1,3480,3515,3518,-1,3517,3478,3477,-1,3517,3477,3513,-1,3516,3478,3517,-1,3477,3476,3513,-1,3514,3513,3476,-1,3475,3508,3514,-1,3476,3475,3514,-1,3481,3480,3518,-1,3481,3510,3482,-1,3510,3481,3518,-1,3483,3482,3509,-1,3510,3509,3482,-1,3512,3484,3483,-1,3483,3509,3512,-1,3484,3511,3485,-1,3511,3484,3512,-1,3511,3507,3485,-1,3485,3507,3486,-1,3519,3520,3521,-1,3519,3521,3522,-1,3523,3524,3525,-1,3526,3527,3528,-1,3529,3530,3531,-1,3532,3533,3534,-1,3535,3536,3522,-1,3536,3535,3531,-1,3530,3536,3531,-1,3535,3522,3521,-1,3530,3529,3532,-1,3524,3534,3533,-1,3533,3532,3529,-1,3525,3528,3523,-1,3524,3523,3534,-1,3528,3525,3526,-1,3537,3538,3539,-1,3538,3537,3540,-1,3541,3538,3540,-1,3542,3543,3544,-1,3545,3546,3547,-1,3548,3549,3550,-1,3551,3552,3553,-1,3554,3555,3556,-1,3556,3557,3554,-1,3558,3555,3559,-1,3554,3559,3555,-1,3560,3558,3559,-1,3557,3549,3548,-1,3549,3557,3556,-1,3552,3550,3553,-1,3552,3548,3550,-1,3551,3542,3544,-1,3551,3553,3542,-1,3543,3545,3547,-1,3544,3543,3547,-1,3541,3540,3546,-1,3545,3541,3546,-1,3519,3561,3562,-1,3562,3563,3519,-1,3563,3564,3519,-1,3565,3519,3566,-1,3561,3519,3565,-1,3566,3519,3567,-1,3522,3567,3519,-1,3534,3522,3532,-1,3530,3532,3522,-1,3536,3530,3522,-1,3528,3522,3523,-1,3534,3523,3522,-1,3527,3567,3522,-1,3522,3528,3527,-1,3527,3560,3567,-1,3527,3558,3560,-1,3563,3568,3569,-1,3520,3519,3564,-1,3570,3565,3571,-1,3561,3572,3562,-1,3573,3566,3567,-1,3566,3573,3571,-1,3565,3566,3571,-1,3573,3567,3574,-1,3565,3570,3561,-1,3568,3562,3572,-1,3572,3561,3570,-1,3569,3564,3563,-1,3568,3563,3562,-1,3564,3569,3520,-1,3520,3572,3570,-1,3572,3520,3568,-1,3568,3520,3569,-1,3571,3573,3520,-1,3570,3571,3520,-1,3573,3574,3520,-1,3521,3520,3574,-1,3533,3529,3521,-1,3531,3521,3529,-1,3535,3521,3531,-1,3525,3524,3521,-1,3533,3521,3524,-1,3526,3521,3574,-1,3521,3526,3525,-1,3526,3574,3575,-1,3526,3575,3576,-1,3577,3578,3579,-1,3580,3581,3582,-1,3580,3577,3581,-1,3583,3582,3584,-1,3585,3583,3584,-1,3580,3582,3583,-1,3576,3586,3587,-1,3585,3584,3587,-1,3579,3581,3577,-1,3586,3585,3587,-1,3576,3575,3586,-1,3578,3588,3579,-1,3588,3589,3590,-1,3589,3588,3578,-1,3591,3590,3592,-1,3589,3592,3590,-1,3593,3594,3591,-1,3591,3592,3593,-1,3594,3595,3596,-1,3595,3594,3593,-1,3595,3597,3596,-1,3596,3597,3598,-1,3598,3599,3600,-1,3598,3597,3599,-1,3601,3602,3603,-1,3601,3603,3604,-1,3605,3604,3603,-1,3604,3606,3601,-1,3590,3579,3588,-1,3576,3555,3558,-1,3579,3542,3581,-1,3582,3581,3553,-1,3553,3581,3542,-1,3553,3584,3582,-1,3550,3584,3553,-1,3587,3550,3549,-1,3576,3549,3556,-1,3584,3550,3587,-1,3527,3526,3558,-1,3558,3526,3576,-1,3543,3598,3545,-1,3596,3598,3543,-1,3555,3576,3556,-1,3596,3542,3594,-1,3549,3576,3587,-1,3590,3591,3542,-1,3579,3590,3542,-1,3542,3591,3594,-1,3542,3596,3543,-1,3598,3538,3541,-1,3598,3541,3545,-1,3539,3600,3606,-1,3607,3608,3609,-1,3604,3609,3606,-1,3539,3609,3608,-1,3539,3606,3609,-1,3598,3600,3538,-1,3538,3600,3539,-1,3608,3537,3539,-1,3609,3610,3611,-1,3607,3611,3612,-1,3608,3607,3612,-1,3609,3611,3607,-1,3537,3608,3612,-1,3589,3578,3577,-1,3599,3540,3537,-1,3551,3577,3580,-1,3551,3580,3552,-1,3548,3552,3585,-1,3580,3583,3552,-1,3586,3557,3548,-1,3585,3552,3583,-1,3548,3585,3586,-1,3575,3560,3559,-1,3557,3575,3554,-1,3567,3560,3574,-1,3560,3575,3574,-1,3593,3551,3595,-1,3559,3554,3575,-1,3557,3586,3575,-1,3589,3551,3592,-1,3577,3551,3589,-1,3551,3593,3592,-1,3597,3595,3544,-1,3551,3544,3595,-1,3546,3597,3547,-1,3597,3544,3547,-1,3597,3546,3540,-1,3597,3540,3599,-1,3610,3537,3612,-1,3612,3611,3610,-1,3613,3537,3610,-1,3614,3613,3610,-1,3613,3599,3537,-1,3615,3616,3613,-1,3615,3613,3614,-1,3615,3614,3617,-1,3615,3618,3616,-1,3600,3613,3606,-1,3618,3613,3616,-1,3599,3613,3600,-1,3618,3606,3613,-1,3602,3601,3606,-1,3618,3602,3606,-1,3602,3618,3619,-1,3602,3619,3620,-1,3621,3622,3623,-1,3621,3623,3624,-1,3621,3625,3626,-1,3621,3624,3625,-1,3626,3627,3628,-1,3626,3625,3627,-1,3602,3629,3605,-1,3605,3603,3602,-1,3630,3631,3632,-1,3633,3631,3630,-1,3634,3633,3630,-1,3635,3634,3630,-1,3632,3631,3620,-1,3629,3620,3631,-1,3602,3620,3629,-1,3614,3604,3636,-1,3633,3637,3631,-1,3631,3637,3638,-1,3638,3629,3631,-1,3617,3614,3636,-1,3638,3636,3629,-1,3614,3610,3609,-1,3605,3629,3604,-1,3636,3604,3629,-1,3614,3609,3604,-1,3619,3636,3638,-1,3618,3615,3617,-1,3617,3636,3618,-1,3637,3639,3638,-1,3618,3636,3619,-1,3640,3639,3637,-1,3641,3639,3640,-1,3642,3638,3639,-1,3619,3638,3642,-1,3643,3644,3645,-1,3628,3646,3645,-1,3643,3645,3646,-1,3627,3646,3628,-1,3643,3647,3644,-1,3643,3648,3647,-1,3647,3648,3649,-1,3619,3642,3632,-1,3620,3619,3632,-1,3630,3632,3642,-1,3642,3639,3630,-1,3630,3639,3650,-1,3651,3652,3653,-1,3652,3651,3654,-1,3655,3656,3652,-1,3655,3652,3654,-1,3657,3639,3656,-1,3652,3656,3639,-1,3650,3639,3657,-1,3658,3659,3630,-1,3660,3661,3659,-1,3660,3659,3662,-1,3662,3659,3663,-1,3663,3659,3658,-1,3658,3630,3664,-1,3630,3650,3665,-1,3665,3664,3630,-1,3665,3666,3667,-1,3668,3667,3669,-1,3648,3666,3665,-1,3670,3671,3672,-1,3667,3668,3670,-1,3673,3670,3674,-1,3673,3671,3670,-1,3674,3670,3675,-1,3670,3676,3677,-1,3675,3670,3677,-1,3670,3678,3679,-1,3676,3670,3679,-1,3670,3680,3681,-1,3678,3670,3681,-1,3682,3680,3668,-1,3670,3668,3680,-1,3683,3684,3668,-1,3668,3684,3682,-1,3685,3686,3668,-1,3668,3686,3683,-1,3687,3688,3668,-1,3668,3688,3685,-1,3689,3690,3668,-1,3668,3690,3687,-1,3668,3691,3689,-1,3647,3692,3644,-1,3666,3648,3643,-1,3669,3667,3666,-1,3665,3650,3649,-1,3665,3649,3648,-1,3649,3692,3647,-1,3692,3649,3650,-1,3693,3692,3650,-1,3692,3693,3694,-1,3668,3669,3693,-1,3694,3693,3669,-1,3694,3669,3695,-1,3694,3695,3696,-1,3694,3697,3692,-1,3694,3696,3697,-1,3692,3698,3644,-1,3698,3692,3699,-1,3700,3699,3697,-1,3697,3699,3692,-1,3699,3626,3628,-1,3628,3698,3699,-1,3700,3626,3699,-1,3700,3701,3622,-1,3622,3626,3700,-1,3701,3700,3702,-1,3621,3626,3622,-1,3644,3698,3645,-1,3628,3645,3698,-1,3703,3623,3622,-1,3704,3701,3702,-1,3701,3703,3622,-1,3704,3703,3701,-1,3646,3705,3643,-1,3627,3706,3705,-1,3706,3627,3625,-1,3623,3625,3624,-1,3705,3646,3627,-1,3623,3703,3707,-1,3704,3707,3703,-1,3707,3706,3625,-1,3623,3707,3625,-1,3708,3706,3707,-1,3705,3666,3643,-1,3706,3708,3705,-1,3705,3708,3666,-1,3669,3666,3708,-1,3669,3708,3695,-1,3662,3709,3710,-1,3662,3710,3660,-1,3711,3661,3712,-1,3660,3710,3712,-1,3709,3662,3663,-1,3661,3660,3712,-1,3711,3659,3661,-1,3663,3713,3709,-1,3658,3714,3713,-1,3713,3663,3658,-1,3714,3664,3715,-1,3664,3714,3658,-1,3664,3665,3715,-1,3715,3665,3716,-1,3659,3635,3630,-1,3659,3711,3635,-1,3637,3634,3640,-1,3633,3634,3637,-1,3635,3640,3634,-1,3640,3635,3641,-1,3717,3639,3641,-1,3717,3652,3639,-1,3655,3718,3719,-1,3654,3718,3655,-1,3657,3656,3720,-1,3656,3719,3720,-1,3655,3719,3656,-1,3657,3720,3721,-1,3721,3650,3657,-1,3722,3718,3654,-1,3651,3723,3722,-1,3722,3654,3651,-1,3723,3653,3724,-1,3653,3723,3651,-1,3653,3652,3724,-1,3724,3652,3717,-1,3693,3721,3725,-1,3721,3693,3650,-1,3693,3726,3668,-1,3693,3725,3726,-1,3667,3727,3728,-1,3727,3667,3670,-1,3667,3728,3716,-1,3716,3665,3667,-1,3727,3729,3730,-1,3696,3695,3725,-1,3723,3724,3717,-1,3727,3730,3731,-1,3718,3722,3717,-1,3732,3727,3733,-1,3727,3731,3733,-1,3722,3723,3717,-1,3717,3719,3718,-1,3734,3727,3732,-1,3712,3710,3711,-1,3735,3736,3727,-1,3735,3727,3734,-1,3737,3738,3727,-1,3737,3727,3736,-1,3726,3739,3740,-1,3741,3727,3738,-1,3742,3743,3726,-1,3726,3744,3745,-1,3726,3743,3746,-1,3726,3746,3747,-1,3745,3748,3726,-1,3748,3742,3726,-1,3749,3726,3740,-1,3744,3726,3749,-1,3739,3726,3741,-1,3726,3727,3741,-1,3727,3726,3728,-1,3702,3700,3697,-1,3641,3719,3717,-1,3641,3721,3720,-1,3719,3641,3720,-1,3714,3635,3711,-1,3635,3721,3641,-1,3710,3709,3711,-1,3709,3713,3711,-1,3713,3714,3711,-1,3715,3716,3635,-1,3635,3714,3715,-1,3725,3721,3697,-1,3716,3721,3635,-1,3708,3707,3704,-1,3716,3728,3708,-1,3695,3708,3728,-1,3716,3704,3702,-1,3708,3704,3716,-1,3702,3721,3716,-1,3725,3697,3696,-1,3702,3697,3721,-1,3728,3726,3695,-1,3726,3725,3695,-1,3747,3668,3726,-1,3742,3690,3743,-1,3746,3689,3691,-1,3685,3745,3744,-1,3687,3748,3688,-1,3683,3740,3684,-1,3749,3683,3686,-1,3682,3684,3739,-1,3740,3739,3684,-1,3741,3680,3682,-1,3682,3739,3741,-1,3744,3749,3686,-1,3749,3740,3683,-1,3688,3745,3685,-1,3685,3744,3686,-1,3687,3742,3748,-1,3688,3748,3745,-1,3690,3689,3743,-1,3687,3690,3742,-1,3746,3691,3747,-1,3743,3689,3746,-1,3668,3747,3691,-1,3733,3675,3732,-1,3733,3674,3675,-1,3673,3731,3730,-1,3674,3733,3731,-1,3732,3675,3677,-1,3731,3673,3674,-1,3729,3671,3730,-1,3672,3671,3729,-1,3671,3673,3730,-1,3727,3670,3672,-1,3729,3727,3672,-1,3677,3734,3732,-1,3734,3676,3735,-1,3676,3734,3677,-1,3736,3735,3679,-1,3676,3679,3735,-1,3678,3737,3736,-1,3736,3679,3678,-1,3737,3681,3738,-1,3681,3737,3678,-1,3681,3680,3738,-1,3738,3680,3741,-1,
        ]
    }
}
Shape{
    appearance Appearance {
        material  Material {
            diffuseColor 0.2196078431372549 0.2196078431372549 0.2196078431372549
            specularColor 0.7529411764705882 0.7529411764705882 0.7529411764705882
            ambientIntensity 1.0
            transparency 1.0
            shininess 0.5
        }
    }
    geometry IndexedFaceSet {
        ccw TRUE
        solid FALSE
        coord DEF co Coordinate {
            point [
                -2.2244 -0.1575 0.0, -2.249 -0.1556 0.0, -2.2244 -0.1575 -0.1969, -2.249 -0.1556 -0.1969, -2.2731 -0.1498 0.0, -2.2959 -0.1403 -0.1969, -2.2731 -0.1498 -0.1969, -2.2959 -0.1403 0.0, -2.317 -0.1274 0.0, -2.317 -0.1274 -0.1969, -2.3358 -0.1114 0.0, -2.3358 -0.1114 -0.1969, -2.3518 -0.0926 -0.1969, -2.3518 -0.0926 0.0, -2.3647 -0.0715 0.0, -2.3742 -0.0487 0.0, -2.3647 -0.0715 -0.1969, -2.38 -0.0247 0.0, -2.3742 -0.0487 -0.1969, -2.38 -0.0247 -0.1969, -2.3819 -0.0 0.0, -2.3819 -0.0 -0.1969, -2.1998 -0.1556 -0.1969, -2.1757 -0.1498 -0.1969, -2.1998 -0.1556 0.0, -2.1529 -0.1403 -0.1969, -2.1757 -0.1498 0.0, -2.1529 -0.1403 0.0, -2.1318 -0.1274 -0.1969, -2.1131 -0.1114 -0.1969, -2.1318 -0.1274 0.0, -2.097 -0.0926 -0.1969, -2.1131 -0.1114 0.0, -2.097 -0.0926 0.0, -2.0841 -0.0715 -0.1969, -2.0746 -0.0487 -0.1969, -2.0841 -0.0715 0.0, -2.0689 -0.0247 -0.1969, -2.0746 -0.0487 0.0, -2.0689 -0.0247 0.0, -2.0669 -0.0 -0.1969, -2.0669 -0.0 0.0, -2.2681 -0.1344 -0.2287, -2.2448 -0.1287 -0.2343, -2.2465 -0.1395 -0.2287, -2.0832 -0.0 -0.2287, -2.0744 -0.0 -0.22, -2.0763 -0.0235 -0.22, -2.2885 -0.1259 -0.2287, -2.2647 -0.1239 -0.2343, -2.2725 -0.148 -0.209, -2.295 -0.1386 -0.209, -2.363 -0.0706 -0.209, -2.3158 -0.1259 -0.209, -2.2836 -0.1161 -0.2343, -2.3074 -0.1143 -0.2287, -2.3503 -0.0915 -0.209, -2.3344 -0.11 -0.209, -2.3243 -0.0999 -0.2287, -2.3387 -0.083 -0.2287, -2.3165 -0.0921 -0.2343, -2.3425 -0.0 -0.2362, -2.3411 -0.0185 -0.2362, -2.3547 -0.0 -0.2343, -2.3724 -0.0481 -0.209, -2.3483 -0.0403 -0.2343, -2.3639 -0.0221 -0.2287, -2.3531 -0.0204 -0.2343, -2.301 -0.1054 -0.2343, -2.3405 -0.0592 -0.2343, -2.3298 -0.0766 -0.2343, -2.3503 -0.0641 -0.2287, -2.3297 -0.0536 -0.2362, -2.3367 -0.0365 -0.2362, -2.2487 -0.1537 -0.209, -2.367 -0.0464 -0.22, -2.378 -0.0244 -0.209, -2.3725 -0.0235 -0.22, -2.38 -0.0 -0.209, -2.3744 -0.0 -0.22, -2.2244 -0.1413 -0.2287, -2.2244 -0.1303 -0.2343, -2.204 -0.1287 -0.2343, -2.2023 -0.1395 -0.2287, -2.2244 -0.1556 -0.209, -2.2001 -0.1537 -0.209, -2.1808 -0.1344 -0.2287, -2.1842 -0.1239 -0.2343, -2.1653 -0.1161 -0.2343, -2.1603 -0.1259 -0.2287, -2.1763 -0.148 -0.209, -2.1478 -0.1054 -0.2343, -2.1414 -0.1143 -0.2287, -2.1245 -0.0999 -0.2287, -2.1323 -0.0921 -0.2343, -2.1538 -0.1386 -0.209, -2.133 -0.1259 -0.209, -2.119 -0.0766 -0.2343, -2.1101 -0.083 -0.2287, -2.1083 -0.0592 -0.2343, -2.0986 -0.0641 -0.2287, -2.0986 -0.0915 -0.209, -2.1144 -0.11 -0.209, -2.1005 -0.0403 -0.2343, -2.0901 -0.0437 -0.2287, -2.0957 -0.0204 -0.2343, -2.0849 -0.0221 -0.2287, -2.0858 -0.0706 -0.209, -2.0765 -0.0481 -0.209, -2.0941 -0.0 -0.2343, -2.1063 -0.0 -0.2362, -2.3587 -0.0437 -0.2287, -2.0708 -0.0244 -0.209, -2.0689 -0.0 -0.209, -2.0818 -0.0464 -0.22, -2.1078 -0.0185 -0.2362, -2.1121 -0.0365 -0.2362, -2.0908 -0.0681 -0.22, -2.1192 -0.0537 -0.2362, -2.1031 -0.0882 -0.22, -2.1184 -0.1061 -0.22, -2.1289 -0.0695 -0.2362, -2.1363 -0.1213 -0.22, -2.1409 -0.0836 -0.2362, -2.1563 -0.1336 -0.22, -2.155 -0.0956 -0.2362, -2.1781 -0.1426 -0.22, -2.1708 -0.1053 -0.2362, -2.2009 -0.1481 -0.22, -2.1879 -0.1124 -0.2362, -2.206 -0.1167 -0.2362, -2.2244 -0.15 -0.22, -2.2245 -0.1181 -0.2362, -2.2479 -0.1481 -0.22, -2.2707 -0.1426 -0.22, -2.2429 -0.1167 -0.2362, -2.2925 -0.1336 -0.22, -2.2609 -0.1123 -0.2362, -2.278 -0.1053 -0.2362, -2.3126 -0.1213 -0.22, -2.2938 -0.0956 -0.2362, -2.3304 -0.1061 -0.22, -2.3079 -0.0835 -0.2362, -2.3457 -0.0882 -0.22, -2.358 -0.0681 -0.22, -2.32 -0.0694 -0.2362, -2.3657 -0.0 -0.2287, 0.5315 -0.1575 0.0, 0.5069 -0.1556 0.0, 0.5315 -0.1575 -0.1969, 0.5069 -0.1556 -0.1969, 0.4828 -0.1498 0.0, 0.46 -0.1403 -0.1969, 0.4828 -0.1498 -0.1969, 0.46 -0.1403 0.0, 0.4389 -0.1274 0.0, 0.4389 -0.1274 -0.1969, 0.4201 -0.1114 0.0, 0.4201 -0.1114 -0.1969, 0.4041 -0.0926 -0.1969, 0.4041 -0.0926 0.0, 0.3912 -0.0715 0.0, 0.3817 -0.0487 0.0, 0.3912 -0.0715 -0.1969, 0.376 -0.0247 0.0, 0.3817 -0.0487 -0.1969, 0.376 -0.0247 -0.1969, 0.374 -0.0 0.0, 0.374 -0.0 -0.1969, 0.5561 -0.1556 -0.1969, 0.5802 -0.1498 -0.1969, 0.5561 -0.1556 0.0, 0.603 -0.1403 -0.1969, 0.5802 -0.1498 0.0, 0.603 -0.1403 0.0, 0.6241 -0.1274 -0.1969, 0.6429 -0.1114 -0.1969, 0.6241 -0.1274 0.0, 0.6589 -0.0926 -0.1969, 0.6429 -0.1114 0.0, 0.6589 -0.0926 0.0, 0.6718 -0.0715 -0.1969, 0.6813 -0.0487 -0.1969, 0.6718 -0.0715 0.0, 0.687 -0.0247 -0.1969, 0.6813 -0.0487 0.0, 0.687 -0.0247 0.0, 0.689 -0.0 -0.1969, 0.689 -0.0 0.0, 0.4878 -0.1344 -0.2287, 0.5111 -0.1287 -0.2343, 0.5094 -0.1395 -0.2287, 0.6727 -0.0 -0.2287, 0.6815 -0.0 -0.22, 0.6796 -0.0235 -0.22, 0.4674 -0.1259 -0.2287, 0.4912 -0.1239 -0.2343, 0.4834 -0.148 -0.209, 0.4609 -0.1386 -0.209, 0.4401 -0.1259 -0.209, 0.4485 -0.1143 -0.2287, 0.4724 -0.1161 -0.2343, 0.4215 -0.11 -0.209, 0.4056 -0.0915 -0.209, 0.3929 -0.0706 -0.209, 0.3836 -0.0481 -0.209, 0.4148 -0.0185 -0.2362, 0.4012 -0.0 -0.2343, 0.4134 -0.0 -0.2362, 0.4172 -0.083 -0.2287, 0.4394 -0.0921 -0.2343, 0.4316 -0.0999 -0.2287, 0.4549 -0.1054 -0.2343, 0.392 -0.0221 -0.2287, 0.4028 -0.0204 -0.2343, 0.4076 -0.0403 -0.2343, 0.4192 -0.0365 -0.2362, 0.4262 -0.0536 -0.2362, 0.4261 -0.0766 -0.2343, 0.4056 -0.0641 -0.2287, 0.4154 -0.0592 -0.2343, 0.5072 -0.1537 -0.209, 0.3815 -0.0 -0.22, 0.3834 -0.0235 -0.22, 0.3759 -0.0 -0.209, 0.3889 -0.0464 -0.22, 0.3779 -0.0244 -0.209, 0.5315 -0.1413 -0.2287, 0.5315 -0.1303 -0.2343, 0.5519 -0.1287 -0.2343, 0.5536 -0.1395 -0.2287, 0.5315 -0.1556 -0.209, 0.5558 -0.1537 -0.209, 0.5751 -0.1344 -0.2287, 0.5718 -0.1239 -0.2343, 0.5906 -0.1161 -0.2343, 0.5956 -0.1259 -0.2287, 0.5796 -0.148 -0.209, 0.6081 -0.1054 -0.2343, 0.6145 -0.1143 -0.2287, 0.6314 -0.0999 -0.2287, 0.6236 -0.0921 -0.2343, 0.6021 -0.1386 -0.209, 0.6229 -0.1259 -0.209, 0.6369 -0.0766 -0.2343, 0.6458 -0.083 -0.2287, 0.6476 -0.0592 -0.2343, 0.6574 -0.0641 -0.2287, 0.6573 -0.0915 -0.209, 0.6415 -0.11 -0.209, 0.6554 -0.0403 -0.2343, 0.6658 -0.0437 -0.2287, 0.6602 -0.0204 -0.2343, 0.671 -0.0221 -0.2287, 0.6701 -0.0706 -0.209, 0.6794 -0.0481 -0.209, 0.6618 -0.0 -0.2343, 0.6496 -0.0 -0.2362, 0.3972 -0.0437 -0.2287, 0.6851 -0.0244 -0.209, 0.687 -0.0 -0.209, 0.6741 -0.0464 -0.22, 0.6481 -0.0185 -0.2362, 0.6438 -0.0365 -0.2362, 0.6651 -0.0681 -0.22, 0.6367 -0.0537 -0.2362, 0.6528 -0.0882 -0.22, 0.6375 -0.1061 -0.22, 0.627 -0.0695 -0.2362, 0.6196 -0.1213 -0.22, 0.615 -0.0836 -0.2362, 0.5996 -0.1336 -0.22, 0.6009 -0.0956 -0.2362, 0.5778 -0.1426 -0.22, 0.5851 -0.1053 -0.2362, 0.555 -0.1481 -0.22, 0.568 -0.1124 -0.2362, 0.5499 -0.1167 -0.2362, 0.5315 -0.15 -0.22, 0.5314 -0.1181 -0.2362, 0.508 -0.1481 -0.22, 0.4852 -0.1426 -0.22, 0.513 -0.1167 -0.2362, 0.4634 -0.1336 -0.22, 0.495 -0.1123 -0.2362, 0.4779 -0.1053 -0.2362, 0.4434 -0.1213 -0.22, 0.4621 -0.0956 -0.2362, 0.4255 -0.1061 -0.22, 0.448 -0.0835 -0.2362, 0.4102 -0.0882 -0.22, 0.3979 -0.0681 -0.22, 0.4359 -0.0694 -0.2362, 0.3902 -0.0 -0.2287, -2.8543 1.1811 0.0, -2.1457 1.1811 1.1417, -2.1457 1.1811 0.0, -1.2402 1.1811 0.1181, -1.752 1.1811 0.1181, -1.752 1.1811 1.1417, -2.8543 1.1811 1.9685, -0.9646 1.1811 0.0, -1.2402 1.1811 0.0, -0.9646 1.1811 1.1417, -0.5709 1.1811 0.1181, -0.5709 1.1811 1.1417, -0.0591 1.1811 0.1181, 0.6496 1.1811 0.0, -0.0591 1.1811 0.0, 0.7999 1.1811 1.2945, 0.9574 1.1811 1.3113, 0.9731 1.1811 1.3036, 0.3614 1.1811 1.6021, 1.9094 1.1811 1.9685, 0.6496 1.1811 0.9843, 1.0433 1.1811 0.1181, 1.0433 1.1811 0.9843, 1.5157 1.1811 0.1181, 1.9094 1.1811 0.0, 1.5157 1.1811 0.0, 1.3215 1.1811 1.2693, 1.3758 1.1811 1.3153, 1.3921 1.1811 1.3269, 0.2124 1.1811 1.4105, 1.2267 1.1811 1.6188, 1.3468 1.1811 1.5649, 1.0521 1.1811 1.3967, 1.0642 1.1811 1.3476, 1.0559 1.1811 1.3489, 1.3085 1.1811 1.2576, 1.1031 1.1811 1.5817, 1.1221 1.1811 1.5867, 1.1646 1.1811 1.5867, 0.3337 1.1811 1.4817, 0.3411 1.1811 1.4113, 0.3166 1.1811 1.4816, 0.4487 1.1811 1.5868, 0.378 1.1811 1.6022, 0.4546 1.1811 1.5915, 1.1856 1.1811 1.581, 1.1426 1.1811 1.6398, 1.1173 1.1811 1.6377, 1.1863 1.1811 1.6346, 1.1648 1.1811 1.6386, 1.207 1.1811 1.6279, 1.2591 1.1811 1.5963, 1.2453 1.1811 1.6072, 1.3365 1.1811 1.5679, 1.1421 1.1811 1.5886, 1.3046 1.1811 1.5718, 1.2938 1.1811 1.5713, 1.2716 1.1811 1.5838, 1.3153 1.1811 1.5713, 1.0854 1.1811 1.5738, 1.2831 1.1811 1.5699, 1.3259 1.1811 1.57, 1.4421 1.1811 1.4344, 1.4402 1.1811 1.4562, 1.3666 1.1811 1.5566, 1.3569 1.1811 1.5611, 1.3849 1.1811 1.5454, 1.3759 1.1811 1.5514, 1.3933 1.1811 1.5388, 1.4013 1.1811 1.5315, 1.4267 1.1811 1.4969, 1.4154 1.1811 1.5152, 1.3733 1.1811 1.4833, 1.2571 1.1811 1.5074, 1.3628 1.1811 1.4959, 1.3813 1.1811 1.4689, 1.435 1.1811 1.4771, 1.2383 1.1811 1.4105, 1.2211 1.1811 1.4046, 1.0783 1.1811 1.4421, 1.4407 1.1811 1.4141, 0.9567 1.1811 1.3858, 0.9638 1.1811 1.3739, 1.1931 1.1811 1.3831, 1.2059 1.1811 1.3953, 1.4293 1.1811 1.3753, 1.4364 1.1811 1.3942, 1.3883 1.1811 1.4358, 1.2748 1.1811 1.4108, 1.3864 1.1811 1.4529, 1.4194 1.1811 1.3574, 1.3742 1.1811 1.3884, 1.3065 1.1811 1.397, 1.3819 1.1811 1.4028, 1.4069 1.1811 1.3411, 1.3867 1.1811 1.4187, 1.3194 1.1811 1.3857, 1.33 1.1811 1.3722, 1.3641 1.1811 1.3757, 1.3317 1.1811 1.2834, 1.358 1.1811 1.3062, 1.2764 1.1811 1.243, 1.2581 1.1811 1.241, 1.3389 1.1811 1.2996, 1.2934 1.1811 1.2487, 1.241 1.1811 1.2426, 1.1977 1.1811 1.2656, 1.2104 1.1811 1.2553, 1.058 1.1811 1.2959, 1.225 1.1811 1.2475, 1.0754 1.1811 1.3045, 1.1791 1.1811 1.2927, 1.0676 1.1811 1.2986, 1.1871 1.1811 1.2782, 0.9848 1.1811 1.3557, 0.9733 1.1811 1.3637, 0.952 1.1811 1.3993, 0.9504 1.1811 1.4139, 0.952 1.1811 1.4291, 0.3121 1.1811 1.4038, 0.229 1.1811 1.4106, 0.3189 1.1811 1.4069, 0.9569 1.1811 1.4432, 0.9647 1.1811 1.4556, 1.257 1.1811 1.4126, 1.0338 1.1811 1.5186, 1.2484 1.1811 1.5269, 1.2915 1.1811 1.4055, 1.3517 1.1811 1.3651, 1.3355 1.1811 1.514, 1.2709 1.1811 1.5142, 1.3376 1.1811 1.3568, 1.2862 1.1811 1.5188, 1.3023 1.1811 1.5205, 1.3194 1.1811 1.5189, 1.35 1.1811 1.5062, 1.2219 1.1811 1.5595, 1.0694 1.1811 1.5632, 1.2048 1.1811 1.5718, 1.0433 1.1811 1.5354, 1.0553 1.1811 1.5503, 1.2365 1.1811 1.5444, 1.0271 1.1811 1.5004, 1.0233 1.1811 1.481, 1.0165 1.1811 1.4809, 0.9873 1.1811 1.474, 1.0013 1.1811 1.4791, 0.975 1.1811 1.466, 0.6937 1.1811 1.2917, 0.7015 1.1811 1.2925, 0.7353 1.1811 1.2941, 1.0123 1.1811 1.3477, 0.9979 1.1811 1.3503, 1.0507 1.1811 1.348, 1.0076 1.1811 1.2956, 1.0811 1.1811 1.3309, 1.1721 1.1811 1.3343, 1.1722 1.1811 1.3258, 1.0806 1.1811 1.3128, 1.174 1.1811 1.3086, 1.0825 1.1811 1.3226, 1.0715 1.1811 1.3438, 1.0773 1.1811 1.3381, 0.7991 1.1811 1.4146, 0.9094 1.1811 1.3628, 0.99 1.1811 1.2983, 0.4027 1.1811 1.2917, 0.5427 1.1811 1.2546, 0.38 1.1811 1.2915, 0.2818 1.1811 1.3524, 0.2828 1.1811 1.3651, 0.2756 1.1811 1.2908, 0.283 1.1811 1.3392, 0.2865 1.1811 1.3273, 0.2917 1.1811 1.3865, 0.2862 1.1811 1.3765, 0.3056 1.1811 1.3999, 0.2996 1.1811 1.3952, 0.4075 1.1811 1.4823, 0.3792 1.1811 1.4116, 0.3716 1.1811 1.4116, 0.7977 1.1811 1.6051, 1.0124 1.1811 1.5796, 0.9998 1.1811 1.5632, 0.4356 1.1811 1.5189, 0.4246 1.1811 1.4824, 0.4321 1.1811 1.5308, 0.9613 1.1811 1.5183, 0.9893 1.1811 1.5456, 0.9812 1.1811 1.5268, 0.5131 1.1811 1.6031, 0.5206 1.1811 1.6032, 0.1675 1.1811 1.29, 0.1846 1.1811 1.2901, 0.2584 1.1811 1.2907, 0.5533 1.1811 1.2524, 0.1966 1.1811 1.3231, 0.2467 1.1811 1.3234, 0.3488 1.1811 1.4114, 0.2922 1.1811 1.3169, 0.3002 1.1811 1.3078, 0.5518 1.1811 1.4833, 0.5975 1.1811 1.3808, 0.4664 1.1811 1.4123, 0.4046 1.1811 1.4118, 0.364 1.1811 1.4115, 0.3564 1.1811 1.4115, 0.3335 1.1811 1.4106, 0.3262 1.1811 1.4091, 0.6163 1.1811 1.4837, 0.4319 1.1811 1.5567, 0.4308 1.1811 1.544, 0.5214 1.1811 1.4831, 0.5291 1.1811 1.4831, 0.9434 1.1811 1.5066, 0.7986 1.1811 1.485, 0.9183 1.1811 1.3475, 0.3496 1.1811 1.2913, 0.3572 1.1811 1.2914, 0.3724 1.1811 1.2915, 0.3648 1.1811 1.2914, 0.3418 1.1811 1.2914, 0.3268 1.1811 1.2936, 0.3343 1.1811 1.2921, 0.3126 1.1811 1.299, 0.3196 1.1811 1.2959, 0.3062 1.1811 1.303, 0.5929 1.1811 1.3066, 0.5907 1.1811 1.3089, 0.6113 1.1811 1.3037, 0.4517 1.1811 1.3057, 0.4085 1.1811 1.3458, 0.4514 1.1811 1.3461, 0.4084 1.1811 1.3596, 0.4513 1.1811 1.3599, 0.451 1.1811 1.3983, 0.4047 1.1811 1.398, 0.9057 1.1811 1.4563, 0.8997 1.1811 1.4359, 0.4026 1.1811 1.3054, 0.9428 1.1811 1.3213, 0.7081 1.1811 1.2948, 0.6016 1.1811 1.3037, 0.5986 1.1811 1.3042, 0.5955 1.1811 1.3051, 0.6081 1.1811 1.3034, 0.6048 1.1811 1.3034, 0.5481 1.1811 1.2666, 0.5586 1.1811 1.2657, 0.5544 1.1811 1.2653, 0.563 1.1811 1.2537, 0.667 1.1811 1.2936, 0.5629 1.1811 1.267, 0.5322 1.1811 1.2928, 0.5888 1.1811 1.2947, 0.5389 1.1811 1.2772, 0.5946 1.1811 1.2927, 0.5746 1.1811 1.3089, 0.5779 1.1811 1.3028, 0.5833 1.1811 1.2978, 0.5735 1.1811 1.3162, 0.7196 1.1811 1.3257, 0.7843 1.1811 1.3081, 0.7208 1.1811 1.3169, 0.5403 1.1811 1.3547, 0.5322 1.1811 1.3308, 0.5161 1.1811 1.3307, 0.5784 1.1811 1.3305, 0.5747 1.1811 1.324, 0.6288 1.1811 1.31, 0.589 1.1811 1.3149, 0.6315 1.1811 1.3119, 0.7372 1.1811 1.4142, 0.7352 1.1811 1.4846, 0.5652 1.1811 1.3786, 0.5773 1.1811 1.3623, 0.5073 1.1811 1.3544, 0.4985 1.1811 1.3782, 0.5875 1.1811 1.367, 0.5991 1.1811 1.3686, 0.6109 1.1811 1.3655, 0.6148 1.1811 1.3526, 0.6123 1.1811 1.3492, 0.928 1.1811 1.4921, 0.6156 1.1811 1.3572, 0.6057 1.1811 1.3679, 0.6144 1.1811 1.3619, 0.6921 1.1811 1.3447, 0.6677 1.1811 1.3573, 0.7121 1.1811 1.359, 0.6612 1.1811 1.4828, 0.6057 1.1811 1.3452, 0.5985 1.1811 1.3421, 0.5909 1.1811 1.3388, 0.5869 1.1811 1.3798, 0.5772 1.1811 1.3769, 0.5484 1.1811 1.3785, 0.9153 1.1811 1.4752, 0.6683 1.1811 1.4822, 0.6758 1.1811 1.4822, 0.6763 1.1811 1.3679, 0.6839 1.1811 1.3692, 0.6939 1.1811 1.3681, 0.6709 1.1811 1.3639, 0.9029 1.1811 1.3793, 0.5928 1.1811 1.3231, 0.5996 1.1811 1.3271, 0.5894 1.1811 1.3116, 0.6204 1.1811 1.3059, 0.6261 1.1811 1.3084, 0.6233 1.1811 1.3071, 0.6144 1.1811 1.3042, 0.6174 1.1811 1.3049, 0.5899 1.1811 1.3194, 0.6068 1.1811 1.3302, 0.72 1.1811 1.3098, 0.7352 1.1811 1.3077, 0.6146 1.1811 1.3336, 0.6211 1.1811 1.3372, 0.7411 1.1811 1.3482, 0.7156 1.1811 1.3336, 0.6516 1.1811 1.3487, 0.652 1.1811 1.2935, 0.4611 1.1811 1.5954, 0.468 1.1811 1.5985, 0.3457 1.1811 1.5147, 0.3957 1.1811 1.515, 0.4413 1.1811 1.5085, 0.4493 1.1811 1.4994, 0.4408 1.1811 1.5781, 0.4352 1.1811 1.5681, 0.5536 1.1811 1.6034, 0.5282 1.1811 1.6032, 0.5055 1.1811 1.6031, 0.4979 1.1811 1.603, 0.4902 1.1811 1.6029, 0.4826 1.1811 1.6022, 0.4753 1.1811 1.6007, 0.6523 1.1811 1.6049, 0.6155 1.1811 1.6039, 0.668 1.1811 1.6062, 1.0927 1.1811 1.6319, 0.6396 1.1811 1.6011, 0.5062 1.1811 1.483, 0.5138 1.1811 1.483, 0.4908 1.1811 1.483, 0.4834 1.1811 1.4837, 0.4986 1.1811 1.4829, 0.4758 1.1811 1.4852, 0.4617 1.1811 1.4906, 0.4686 1.1811 1.4874, 0.4552 1.1811 1.4946, 0.6007 1.1811 1.4973, 0.5575 1.1811 1.5374, 0.6005 1.1811 1.5377, 0.5574 1.1811 1.5512, 1.0268 1.1811 1.5946, 0.6004 1.1811 1.5515, 0.6001 1.1811 1.5899, 1.0471 1.1811 1.6102, 0.5537 1.1811 1.5896, 0.7822 1.1811 1.605, 0.5517 1.1811 1.497, 0.6599 1.1811 1.4967, 0.6832 1.1811 1.4974, 0.6713 1.1811 1.4959, 1.0692 1.1811 1.6227, 0.6402 1.1811 1.5038, 0.7021 1.1811 1.5088, 0.6935 1.1811 1.5017, 0.741 1.1811 1.3619, 0.7373 1.1811 1.4004, 0.7836 1.1811 1.4007, 0.6902 1.1811 1.4842, 0.697 1.1811 1.4865, 0.7272 1.1811 1.5631, 0.7247 1.1811 1.5701, 0.6496 1.1811 1.4994, 0.6404 1.1811 1.4889, 0.7095 1.1811 1.4938, 0.7035 1.1811 1.4897, 0.7351 1.1811 1.4983, 0.7148 1.1811 1.4988, 0.7195 1.1811 1.5047, 0.783 1.1811 1.4986, 0.7283 1.1811 1.5254, 0.7295 1.1811 1.5328, 0.7086 1.1811 1.5183, 0.7234 1.1811 1.5112, 0.7136 1.1811 1.5431, 0.7124 1.1811 1.5297, 0.7263 1.1811 1.5182, 0.7297 1.1811 1.5482, 0.6397 1.1811 1.5849, 0.7007 1.1811 1.5792, 0.7078 1.1811 1.5692, 0.7121 1.1811 1.5572, 0.7288 1.1811 1.5556, 0.7172 1.1811 1.5832, 0.7214 1.1811 1.5769, 0.6914 1.1811 1.5865, 0.6532 1.1811 1.5904, 0.6679 1.1811 1.5922, 0.6805 1.1811 1.5909, 0.6808 1.1811 1.6052, 0.6924 1.1811 1.602, 0.7029 1.1811 1.5966, 0.7122 1.1811 1.5889, 0.7299 1.1811 1.5404, 0.6831 1.1811 1.4828, 0.6213 1.1811 1.3742, 0.6626 1.1811 1.3761, 0.6564 1.1811 1.3695, 0.7033 1.1811 1.3647, 0.6105 1.1811 1.3792, 0.6712 1.1811 1.3801, 0.6469 1.1811 1.486, 0.6539 1.1811 1.4841, 0.9296 1.1811 1.3334, 0.8989 1.1811 1.3966, 0.8974 1.1811 1.4143, 0.6666 1.1811 1.3481, 0.7839 1.1811 1.3623, 0.784 1.1811 1.3485, 0.6137 1.1811 1.2914, 0.7176 1.1811 1.3037, 0.6931 1.1811 1.3806, 0.703 1.1811 1.378, 0.712 1.1811 1.3737, 0.6528 1.1811 1.3604, 0.6299 1.1811 1.363, 0.6267 1.1811 1.3691, 0.6311 1.1811 1.3559, 0.6269 1.1811 1.3423, 0.7008 1.1811 1.3429, 0.7089 1.1811 1.3394, 0.6831 1.1811 1.2934, 0.6743 1.1811 1.2984, 0.7135 1.1811 1.2986, 0.5429 1.1811 1.2705, 0.6669 1.1811 1.3068, 0.6316 1.1811 1.2963, 0.6259 1.1811 1.2939, 0.6198 1.1811 1.2923, 0.6301 1.1811 1.3486, 0.6824 1.1811 1.3814, 0.5225 1.1811 1.2796, 0.4673 1.1811 1.2922, 0.4829 1.1811 1.378, 0.5247 1.1811 1.3068, 0.5843 1.1811 1.3352, 0.5338 1.1811 1.261, 0.6071 1.1811 1.2911, 0.6008 1.1811 1.2915, 0.5586 1.1811 1.2527, 0.5273 1.1811 1.2697, 0.0197 -0.8268 1.3976, 1.9094 -0.8465 1.4124, 0.0197 -0.8465 1.4124, -2.7362 -0.6693 1.2795, 1.9094 -0.6693 1.2795, -2.7362 -0.8268 1.3976, -1.0433 0.8464 1.9685, -1.2205 0.8464 1.9685, -1.0433 -0.0 1.9685, 0.8858 -0.9055 1.9685, -0.374 -0.0 1.9685, -2.8543 -1.1811 1.9685, 0.8858 -1.1811 1.9685, -2.8543 0.451 1.9685, -2.8543 -0.4511 1.9685, -2.2244 -0.0 1.9685, 1.2008 -0.0 1.9685, 1.9094 -1.1811 1.9685, 1.3189 -0.9055 1.9685, 1.3189 -1.1811 1.9685, -2.4016 0.8464 1.9685, -1.5551 -0.0 1.9685, -2.4016 0.9645 1.9685, -1.378 0.8464 1.9685, -1.5551 0.8464 1.9685, -1.2205 0.9645 1.9685, -0.1969 0.9645 1.9685, -0.374 0.8464 1.9685, -0.1969 0.8464 1.9685, 0.5315 -0.0 1.9685, 0.3543 0.8464 1.9685, -2.2244 0.8464 1.9685, -1.378 0.9645 1.9685, 0.3543 0.9645 1.9685, 0.5315 0.8464 1.9685, 1.378 0.8464 1.9685, 1.2008 0.8464 1.9685, 1.378 0.9645 1.9685, 0.8858 -0.9646 1.5354, 0.8858 -0.9055 1.5354, 0.8858 -1.1811 0.6693, 0.8858 -0.9646 0.6693, 1.3189 -0.9055 1.5354, 1.3189 -0.9646 1.5354, 1.3189 -1.1811 0.6693, 1.3189 -0.9646 0.6693, 1.2008 -1.1811 0.0, 1.2008 -1.1811 0.1181, -2.8543 -1.1811 0.0, 1.9094 -1.1811 0.1181, 1.9094 -0.5786 1.2795, -0.0984 -0.6442 1.2795, -0.0984 -0.5786 1.2795, -3.0512 -0.8802 1.2795, -3.0512 -0.6442 1.2795, -2.7362 -0.9646 1.2795, 1.9094 -0.8465 1.5354, 0.0197 -0.8465 1.5354, 0.0197 -0.9646 1.5354, 1.9094 -0.9646 1.5354, 1.9094 0.6491 0.9584, 1.2008 0.6496 0.9843, 1.2008 0.6476 0.9333, 1.2008 0.6476 1.0352, 1.9094 0.6491 1.0101, 0.5315 0.6476 1.0352, 0.5315 0.6416 1.0859, -0.0984 0.6449 1.0617, 1.9094 0.6449 1.0617, 1.2008 0.6416 1.0859, 0.5315 0.6316 1.1359, -0.0984 0.6367 1.1128, 1.9094 0.6367 1.1128, 1.2008 0.6316 1.1359, -0.0984 0.6245 1.1631, 0.5315 0.6178 1.185, 1.2008 0.6178 1.185, 1.9094 0.6245 1.1631, 0.5315 0.6001 1.2328, -0.0984 0.6083 1.2123, 1.9094 0.6083 1.2123, 1.2008 0.6001 1.2328, 0.5315 0.5788 1.2792, -0.0984 0.5882 1.26, 1.9094 0.5882 1.26, 1.2008 0.5788 1.2792, -0.0984 0.5644 1.3059, 0.5315 0.5539 1.3237, 1.2008 0.5539 1.3237, 1.9094 0.5644 1.3059, 0.5315 0.5255 1.3661, -0.0984 0.537 1.3498, 1.9094 0.537 1.3498, 1.2008 0.5255 1.3661, 0.5315 0.4939 1.4061, -0.0984 0.5062 1.3914, 1.9094 0.5062 1.3914, 1.2008 0.4939 1.4061, -0.0984 0.4721 1.4304, 0.5315 0.4593 1.4436, 1.2008 0.4593 1.4436, 1.9094 0.4721 1.4304, 0.5315 0.4219 1.4782, -0.0984 0.4351 1.4666, 1.9094 0.4351 1.4666, 1.9094 0.3953 1.4997, 1.2008 0.4219 1.4782, 1.9094 0.3531 1.5295, 1.2008 0.3818 1.5098, 1.2008 0.3394 1.5381, 1.9094 0.3085 1.5559, 1.9094 0.262 1.5787, 1.2008 0.2949 1.5631, 1.9094 0.2139 1.5976, 1.2008 0.2486 1.5844, 1.2008 0.2007 1.6021, 1.9094 0.1644 1.6127, 1.9094 0.1138 1.6238, 1.2008 0.1516 1.6159, 1.9094 0.0625 1.6308, 1.2008 0.1016 1.6259, 1.2008 0.0509 1.6319, 1.9094 0.0109 1.6338, 1.9094 -0.0409 1.6326, 1.2008 -0.0 1.6339, -0.0984 -0.0409 1.6326, -0.0984 -0.0923 1.6273, 1.9094 -0.0923 1.6273, 1.9094 -0.1432 1.6179, -0.0984 -0.1432 1.6179, 1.9094 -0.1932 1.6045, -0.0984 -0.1932 1.6045, -0.0984 -0.242 1.5871, 1.9094 -0.242 1.5871, 1.9094 -0.2892 1.5659, -0.0984 -0.2892 1.5659, 1.9094 -0.3346 1.5411, -0.0984 -0.3346 1.5411, -0.0984 -0.3779 1.5127, 1.9094 -0.3779 1.5127, 1.9094 -0.4187 1.4809, -0.0984 -0.4187 1.4809, 1.9094 -0.4569 1.446, -0.0984 -0.4569 1.446, -0.0984 -0.4923 1.4081, 1.9094 -0.4923 1.4081, 1.9094 -0.5244 1.3676, -0.0984 -0.5244 1.3676, 1.9094 -0.5533 1.3247, -0.0984 -0.5533 1.3247, 0.5315 0.6496 0.9843, -0.0984 0.6491 1.0101, -0.0984 0.6491 0.9584, 0.5315 0.6476 0.9333, 1.9094 0.6449 0.9068, 1.2008 0.6416 0.8826, 0.5315 0.6416 0.8826, -0.0984 0.6449 0.9068, 1.2008 0.6316 0.8326, 1.9094 0.6367 0.8557, -0.0984 0.6367 0.8557, 0.5315 0.6316 0.8326, 1.2008 0.6178 0.7835, 1.9094 0.6245 0.8054, -0.0984 0.6245 0.8054, 0.5315 0.6178 0.7835, 1.9094 0.6083 0.7563, 1.2008 0.6001 0.7357, 0.5315 0.6001 0.7357, -0.0984 0.6083 0.7563, 1.2008 0.5788 0.6893, 1.9094 0.5882 0.7086, -0.0984 0.5882 0.7086, 0.5315 0.5788 0.6893, 1.2008 0.5539 0.6448, 1.9094 0.5644 0.6626, -0.0984 0.5644 0.6626, 0.5315 0.5539 0.6448, 1.9094 0.537 0.6187, 1.2008 0.5255 0.6024, 0.5315 0.5255 0.6024, -0.0984 0.537 0.6187, 1.2008 0.4939 0.5624, 1.9094 0.5062 0.5771, -0.0984 0.5062 0.5771, 0.5315 0.4939 0.5624, 1.2008 0.4593 0.5249, 1.9094 0.4721 0.5381, -0.0984 0.4721 0.5381, 0.5315 0.4593 0.5249, 1.9094 0.4351 0.5019, 1.2008 0.4219 0.4903, 0.5315 0.4219 0.4903, -0.0984 0.4351 0.5019, 1.2008 0.3818 0.4587, 1.9094 0.3953 0.4688, -0.0984 0.3953 0.4688, 0.5315 0.3818 0.4587, 1.2008 0.3394 0.4304, 1.9094 0.3531 0.439, -0.0984 0.3531 0.439, 0.5315 0.3394 0.4304, 1.9094 0.3085 0.4126, 1.2008 0.2949 0.4054, 0.5315 0.2949 0.4054, -0.0984 0.3085 0.4126, 1.2008 0.2486 0.3841, 1.9094 0.262 0.3899, -0.0984 0.262 0.3899, 0.5315 0.2486 0.3841, 1.2008 0.2007 0.3664, 1.9094 0.2139 0.3709, -0.0984 0.2139 0.3709, 0.5315 0.2007 0.3664, 1.9094 0.1644 0.3558, 1.2008 0.1516 0.3526, 0.5315 0.1516 0.3526, -0.0984 0.1644 0.3558, 1.2008 0.1016 0.3426, 1.9094 0.1138 0.3447, -0.0984 0.1138 0.3447, 0.5315 0.1016 0.3426, 1.2008 0.0509 0.3366, 1.9094 0.0625 0.3377, -0.0984 0.0625 0.3377, 0.5315 0.0509 0.3366, 1.9094 0.0109 0.3347, 1.2008 -0.0 0.3346, 1.9094 -0.0409 0.3359, 0.5315 -0.0 0.3346, -0.0984 -0.0923 0.3412, 1.9094 -0.0923 0.3412, -0.0984 -0.0409 0.3359, 1.9094 -0.1432 0.3506, -0.0984 -0.1432 0.3506, -0.0984 -0.1932 0.364, 1.9094 -0.1932 0.364, -0.0984 -0.242 0.3814, 1.9094 -0.242 0.3814, 1.9094 -0.2892 0.4026, -0.0984 -0.2892 0.4026, -0.0984 -0.3346 0.4274, 1.9094 -0.3346 0.4274, -0.0984 -0.3779 0.4558, 1.9094 -0.3779 0.4558, 1.9094 -0.4187 0.4876, -0.0984 -0.4187 0.4876, -0.0984 -0.4569 0.5225, 1.9094 -0.4569 0.5225, -0.0984 -0.4923 0.5604, 1.9094 -0.4923 0.5604, 1.9094 -0.5244 0.6009, -0.0984 -0.5244 0.6009, -0.0984 -0.5533 0.6438, 1.9094 -0.5533 0.6438, 1.9094 -0.5786 0.689, -0.0984 -0.5786 0.689, -0.0984 0.3953 1.4997, 0.5315 0.3818 1.5098, -0.0984 0.3531 1.5295, 0.5315 0.3394 1.5381, -0.0984 0.3085 1.5559, 0.5315 0.2949 1.5631, -0.0984 0.262 1.5787, 0.5315 0.2486 1.5844, -0.0984 0.2139 1.5976, 0.5315 0.2007 1.6021, -0.0984 0.1644 1.6127, 0.5315 0.1516 1.6159, -0.0984 0.1138 1.6238, 0.5315 0.1016 1.6259, -0.0984 0.0625 1.6308, 0.5315 0.0509 1.6319, -0.0984 0.0109 1.6338, 0.5315 -0.0 1.6339, -0.0984 0.0109 0.3347, 1.2008 0.8464 0.1969, 0.9449 0.8464 0.1181, 0.9449 0.8464 0.1969, 1.378 0.8464 0.1181, 0.8071 0.8464 0.0, 0.8071 0.8464 0.1181, 1.5157 0.8464 0.0, 1.5157 0.8464 0.1181, 1.2008 -0.0 0.1969, 0.5315 -0.0 0.1969, 0.5315 0.8464 0.1969, 0.3543 0.8464 0.1969, 0.3543 0.9645 0.1969, 0.6496 0.9645 0.1969, 0.6496 0.9645 0.9843, 1.378 0.9645 0.1181, 1.0433 0.9645 0.9843, 1.0433 0.9645 0.1181, 1.9094 -0.9646 0.1181, 1.3976 -0.9646 0.4331, 0.0197 -0.9646 1.3976, 0.0197 -0.9646 0.5709, -2.7362 -0.9646 0.689, -2.7362 -0.9646 1.3976, -2.7362 -0.9646 0.5709, 0.0197 -0.9646 0.4331, 1.3976 -0.9646 0.1181, -3.6417 0.8187 1.0993, -3.5236 0.7017 1.0829, -3.5236 0.6932 1.1316, -3.6417 0.8268 0.9843, -3.5236 0.7069 1.0337, -3.6417 0.8247 1.0419, -3.5236 0.6659 1.2266, -3.5236 0.6474 1.2725, -3.6417 0.7769 1.267, -3.6417 0.7947 1.2121, -3.6417 0.8087 1.1561, -3.5236 0.6812 1.1796, -3.6417 0.7011 1.4224, -3.5236 0.601 1.3598, -3.5236 0.5733 1.4008, -3.6417 0.73 1.3724, -3.6417 0.7553 1.3205, -3.5236 0.6257 1.3169, -3.5236 0.4742 1.5109, -3.6417 0.5947 1.5586, -3.5236 0.5098 1.4765, -3.5236 0.5429 1.4398, -3.6417 0.6333 1.5157, -3.6417 0.6689 1.4702, -3.5236 0.3963 1.5718, -3.5236 0.3543 1.598, -3.6417 0.4623 1.6697, -3.6417 0.5532 1.5987, -3.5236 0.4363 1.5427, -3.6417 0.509 1.6358, -3.6417 0.3097 1.7508, -3.5236 0.2655 1.6413, -3.5236 0.219 1.6582, -3.6417 0.3624 1.7274, -3.6417 0.4134 1.7003, -3.5236 0.3106 1.6212, -3.5236 0.0741 1.689, -3.6417 0.1435 1.7985, -3.5236 0.1231 1.6821, -3.5236 0.1714 1.6719, -3.6417 0.2 1.7865, -3.6417 0.2555 1.7706, -3.5236 -0.0247 1.6925, -3.5236 -0.0741 1.689, -3.6417 -0.0289 1.8105, -3.6417 0.0864 1.8065, -3.5236 0.0247 1.6925, -3.6417 0.0288 1.8105, -3.6417 -0.2 1.7865, -3.5236 -0.1714 1.6719, -3.5236 -0.219 1.6582, -3.6417 -0.1436 1.7985, -3.6417 -0.0864 1.8065, -3.5236 -0.1231 1.6821, -3.5236 -0.3543 1.598, -3.6417 -0.3625 1.7274, -3.5236 -0.3107 1.6212, -3.5236 -0.2655 1.6413, -3.6417 -0.3097 1.7508, -3.6417 -0.2555 1.7706, -3.5236 -0.4363 1.5427, -3.5236 -0.4742 1.5109, -3.6417 -0.509 1.6358, -3.6417 -0.4134 1.7003, -3.5236 -0.3963 1.5718, -3.6417 -0.4623 1.6697, -3.5236 -0.5098 1.4765, -3.5236 -0.5429 1.4398, -3.6417 -0.5947 1.5586, -3.6417 -0.5532 1.5987, -3.5236 -0.5733 1.4008, -3.6417 -0.6334 1.5157, -3.6417 -0.6689 1.4702, -3.5236 -0.601 1.3598, -3.5236 -0.6257 1.317, -3.6417 -0.7012 1.4224, -3.5236 -0.6474 1.2725, -3.6417 -0.73 1.3724, -3.6417 -0.7553 1.3205, -3.5236 -0.6659 1.2266, -3.5236 -0.6812 1.1796, -3.6417 -0.7769 1.267, -3.5236 -0.6932 1.1316, -3.6417 -0.7948 1.2121, -3.6417 -0.8087 1.1561, -3.5236 -0.7018 1.0829, -3.5236 -0.707 1.0337, -3.6417 -0.8187 1.0993, -3.5236 -0.7087 0.9843, -3.6417 -0.8248 1.0419, -3.6417 -0.8268 0.9843, -3.5236 0.7086 0.9843, -3.6417 0.6147 1.7018, -3.6417 0.6578 1.6626, -3.6417 -0.5219 1.7719, -3.6417 -0.4725 1.8025, -3.6417 -0.4212 1.8301, -3.6417 -0.5694 1.7383, -3.6417 -0.3683 1.8544, -3.6417 -0.6148 1.7018, -3.6417 -0.314 1.8754, -3.6417 -0.6578 1.6626, -3.6417 -0.2586 1.8931, -3.6417 -0.6983 1.6208, -3.6417 -0.2021 1.9073, -3.6417 -0.7361 1.5766, -3.6417 -0.1449 1.918, -3.6417 -0.8034 1.4817, -3.6417 -0.7712 1.5302, -3.6417 -0.0872 1.9251, -3.6417 -0.8325 1.4313, -3.6417 -0.8584 1.3792, -3.6417 -0.0291 1.9287, -3.6417 -0.8811 1.3256, -3.6417 0.0291 1.9287, -3.6417 -0.9004 1.2707, -3.6417 0.0872 1.9251, -3.6417 -0.9288 1.1579, -3.6417 -0.9164 1.2147, -3.6417 0.1449 1.9179, -3.6417 -0.9377 1.1004, -3.6417 0.2021 1.9073, -3.6417 0.2586 1.8931, -3.6417 0.314 1.8754, -3.6417 0.5219 1.7719, -3.6417 -0.8248 0.9266, -3.6417 -0.9377 0.8681, -3.6417 -0.9431 0.9261, -3.6417 -0.8187 0.8692, -3.6417 -0.8087 0.8124, -3.6417 -0.9288 0.8106, -3.6417 -0.8584 0.5893, -3.6417 -0.7553 0.648, -3.6417 -0.73 0.5961, -3.6417 0.7361 1.5766, -3.6417 0.7712 1.5302, -3.6417 -0.7712 0.4383, -3.6417 -0.6689 0.4983, -3.6417 -0.7362 0.3919, -3.6417 0.8584 1.3792, -3.6417 -0.5532 0.3698, -3.6417 -0.6148 0.2667, -3.6417 -0.6578 0.3059, -3.6417 0.9004 1.2707, -3.6417 0.9163 1.2147, -3.6417 0.9431 1.0424, -3.6417 0.9377 1.1004, -3.6417 0.8247 0.9266, -3.6417 0.9431 0.9261, -3.6417 0.9377 0.8681, -3.6417 -0.4134 0.2682, -3.6417 -0.5219 0.1966, -3.6417 -0.4623 0.2988, -3.6417 0.7947 0.7564, -3.6417 0.9163 0.7538, -3.6417 0.9004 0.6978, -3.6417 -0.3141 0.0931, -3.6417 -0.3683 0.1141, -3.6417 -0.3097 0.2177, -3.6417 0.8584 0.5893, -3.6417 0.8324 0.5372, -3.6417 0.73 0.5961, -3.6417 -0.2022 0.0612, -3.6417 -0.1436 0.17, -3.6417 -0.145 0.0506, -3.6417 0.7712 0.4383, -3.6417 0.7361 0.3919, -3.6417 0.6689 0.4983, -3.6417 -0.0289 0.158, -3.6417 0.0288 0.158, -3.6417 -0.0291 0.0398, -3.6417 0.6577 0.3059, -3.6417 0.6147 0.2667, -3.6417 0.5532 0.3698, -3.6417 0.1435 0.17, -3.6417 0.2021 0.0612, -3.6417 0.1449 0.0506, -3.6417 0.5219 0.1966, -3.6417 0.4724 0.166, -3.6417 0.4134 0.2682, -3.6417 0.3683 0.1141, -3.6417 0.314 0.0931, -3.6417 0.3097 0.2177, -3.6417 0.3624 0.2411, -3.6417 0.4211 0.1384, -3.6417 0.509 0.3327, -3.6417 0.5694 0.2302, -3.6417 0.4623 0.2988, -3.6417 0.2 0.182, -3.6417 0.2585 0.0754, -3.6417 0.2555 0.1979, -3.6417 0.6982 0.3477, -3.6417 0.6333 0.4528, -3.6417 0.5947 0.4099, -3.6417 0.0291 0.0398, -3.6417 0.0871 0.0434, -3.6417 0.0864 0.162, -3.6417 0.7011 0.5461, -3.6417 0.8033 0.4868, -3.6417 -0.0864 0.162, -3.6417 -0.0872 0.0434, -3.6417 0.881 0.6429, -3.6417 0.7553 0.648, -3.6417 -0.2 0.182, -3.6417 -0.2586 0.0754, -3.6417 0.7769 0.7015, -3.6417 0.9288 0.8106, -3.6417 0.8087 0.8124, -3.6417 -0.2555 0.1979, -3.6417 -0.4212 0.1384, -3.6417 -0.3625 0.2411, -3.6417 0.8187 0.8692, -3.6417 -0.4725 0.166, -3.6417 -0.5694 0.2302, -3.6417 0.9449 0.9843, -3.6417 0.9288 1.1579, -3.6417 -0.509 0.3327, -3.6417 -0.6983 0.3477, -3.6417 -0.5948 0.4099, -3.6417 0.8811 1.3256, -3.6417 -0.6334 0.4528, -3.6417 -0.7012 0.5461, -3.6417 -0.8034 0.4869, -3.6417 0.8033 1.4817, -3.6417 0.8324 1.4313, -3.6417 -0.8325 0.5373, -3.6417 -0.8811 0.6429, -3.6417 0.6983 1.6208, -3.6417 -0.9004 0.6978, -3.6417 -0.7769 0.7015, -3.6417 -0.7948 0.7564, -3.6417 -0.9164 0.7538, -3.6417 0.5694 1.7383, -3.6417 0.4724 1.8025, -3.6417 0.4212 1.8301, -3.6417 0.3683 1.8544, -3.6417 -0.9449 0.9843, -3.6417 -0.9431 1.0424, -3.5039 1.0745 1.1173, -2.8543 1.0651 1.1783, -2.8543 1.0749 1.114, -3.5039 1.0827 0.9843, -3.5039 1.0806 1.0509, -2.8543 1.0807 1.0492, -2.8543 1.0342 1.3045, -3.5039 1.0317 1.3125, -2.8543 1.0131 1.366, -3.5039 1.05 1.2483, -2.8543 1.0516 1.2418, -3.5039 1.0642 1.1832, -3.5039 0.9538 1.4965, -2.8543 0.9283 1.5414, -2.8543 0.9601 1.4847, -3.5039 0.9836 1.4368, -2.8543 0.9884 1.4261, -3.5039 1.0095 1.3754, -2.8543 0.8134 1.6987, -2.8543 0.8549 1.6486, -3.5039 0.8435 1.663, -2.8543 0.8932 1.5961, -3.5039 0.9205 1.5542, -3.5039 0.8837 1.6098, -2.8543 0.722 1.791, -3.5039 0.7044 1.8064, -2.8543 0.6722 1.8329, -3.5039 0.8001 1.7136, -3.5039 0.7537 1.7615, -2.8543 0.7691 1.7463, -3.5039 0.5413 1.9219, -2.8543 0.5093 1.9397, -2.8543 0.5657 1.9074, -3.5039 0.598 1.8868, -2.8543 0.6201 1.8717, -3.5039 0.6524 1.8482, -2.8543 0.3271 2.0163, -2.8543 0.3898 1.9943, -3.5039 0.3598 2.0054, -3.5039 0.4826 1.9534, -3.5039 0.422 1.9813, -2.8543 0.1982 2.0486, -3.5039 0.1661 2.0541, -2.8543 0.1326 2.0588, -3.5039 0.2963 2.0256, -3.5039 0.2316 2.0419, -2.8543 0.2632 2.0345, -3.5039 -0.0334 2.0664, -2.8543 -0.0664 2.0649, -2.8543 -0.0 2.0669, -3.5039 0.0333 2.0664, -2.8543 0.0664 2.0649, -3.5039 0.0999 2.0623, -2.8543 -0.2632 2.0345, -2.8543 -0.1983 2.0486, -3.5039 -0.2316 2.0419, -2.8543 -0.1326 2.0588, -3.5039 -0.0999 2.0623, -3.5039 -0.1661 2.0541, -2.8543 -0.3898 1.9943, -3.5039 -0.422 1.9813, -3.5039 -0.2963 2.0256, -3.5039 -0.3599 2.0054, -2.8543 -0.3271 2.0163, -3.5039 -0.5981 1.8868, -2.8543 -0.6201 1.8717, -2.8543 -0.5658 1.9074, -3.5039 -0.5414 1.9219, -2.8543 -0.5093 1.9397, -3.5039 -0.4826 1.9534, -2.8543 -0.7691 1.7463, -2.8543 -0.722 1.791, -3.5039 -0.7537 1.7615, -2.8543 -0.6723 1.8329, -3.5039 -0.6525 1.8482, -3.5039 -0.7044 1.8064, -3.5039 -0.8435 1.663, -2.8543 -0.8135 1.6987, -3.5039 -0.8001 1.7136, -3.5039 -0.8837 1.6098, -2.8543 -0.8549 1.6486, -2.8543 -0.8932 1.5961, -3.5039 -0.9205 1.5542, -3.5039 -0.9539 1.4965, -2.8543 -0.9284 1.5414, -3.5039 -0.9836 1.4368, -2.8543 -0.9601 1.4847, -2.8543 -0.9884 1.4261, -3.5039 -1.0096 1.3754, -3.5039 -1.0317 1.3125, -2.8543 -1.0132 1.366, -3.5039 -1.05 1.2483, -2.8543 -1.0342 1.3045, -2.8543 -1.0516 1.2418, -3.5039 -1.0643 1.1832, -3.5039 -1.0745 1.1173, -2.8543 -1.0652 1.1783, -3.5039 -1.0806 1.0509, -2.8543 -1.0749 1.114, -2.8543 -1.0807 1.0492, -3.5039 -1.0827 0.9843, -2.8543 -1.0827 0.9843, -2.8543 1.0827 0.9843, -2.8543 -0.8932 0.3724, -2.8543 -0.9284 0.4271, -2.8543 -1.0807 0.9193, -2.8543 -1.0749 0.8545, -2.8543 -1.0652 0.7902, -2.8543 -1.0516 0.7267, -2.8543 -1.0342 0.664, -2.8543 -1.0132 0.6025, -2.8543 -0.9884 0.5424, -2.8543 -0.9601 0.4839, -2.8543 -0.8549 0.3199, -2.8543 -0.8135 0.2698, -2.8543 -0.7691 0.2222, -2.8543 -0.722 0.1775, -2.8543 -0.6723 0.1356, -2.8543 -0.6201 0.0968, -2.8543 -0.5657 0.0611, -2.8543 -0.5093 0.0288, -2.8543 -0.4511 0.0, -2.8543 0.5093 0.0288, -2.8543 0.451 0.0, -2.8543 1.0807 0.9193, -2.8543 0.6201 0.0968, -2.8543 0.5657 0.0611, -2.8543 0.722 0.1775, -2.8543 0.6723 0.1356, -2.8543 0.8135 0.2698, -2.8543 0.7691 0.2222, -2.8543 0.8932 0.3724, -2.8543 0.8549 0.3199, -2.8543 0.9601 0.4839, -2.8543 0.9283 0.4271, -2.8543 1.0131 0.6025, -2.8543 0.9884 0.5424, -2.8543 1.0516 0.7267, -2.8543 1.0342 0.664, -2.8543 1.0749 0.8545, -2.8543 1.0651 0.7902, -0.374 0.8464 0.1969, -0.6299 0.8464 0.1181, -0.6299 0.8464 0.1969, -0.1969 0.8464 0.1181, -0.7677 0.8464 0.0, -0.7677 0.8464 0.1181, -0.0591 0.8464 0.0, -0.0591 0.8464 0.1181, -0.1969 0.9645 0.1181, -1.2205 0.9645 0.1969, -0.9646 0.9645 0.1969, -0.9646 0.9645 1.1417, -0.5709 0.9645 1.1417, -0.5709 0.9645 0.1181, -1.2205 0.8464 0.1969, -1.0433 0.8464 0.1969, -1.0433 -0.0 0.1969, -1.0433 0.2089 0.3071, -1.0433 0.1577 0.2934, -1.0433 0.1056 0.2835, -1.0433 0.0529 0.2776, -1.0433 -0.0 0.2756, -1.0433 0.7086 0.9843, -1.0433 0.7067 0.9313, -1.0433 0.2589 0.3246, -1.0433 0.3543 0.3705, -1.0433 0.3075 0.3458, -1.0433 0.4418 0.4302, -1.0433 0.3992 0.3987, -1.0433 0.5195 0.5022, -1.0433 0.482 0.4648, -1.0433 0.5855 0.585, -1.0433 0.554 0.5424, -1.0433 0.6385 0.6768, -1.0433 0.6137 0.6299, -1.0433 0.6772 0.7754, -1.0433 0.6597 0.7253, -1.0433 0.7007 0.8786, -1.0433 0.6909 0.8266, -1.0433 0.7007 1.0899, -1.0433 0.7067 1.0372, -1.0433 0.6772 1.1931, -1.0433 0.6909 1.1419, -1.0433 0.3992 1.5698, -1.0433 0.4418 1.5383, -1.0433 0.6385 1.2917, -1.0433 0.6597 1.2432, -1.0433 0.5855 1.3835, -1.0433 0.6137 1.3386, -1.0433 0.5195 1.4663, -1.0433 0.554 1.4261, -1.0433 0.482 1.5037, -1.0433 0.3075 1.6227, -1.0433 0.3543 1.598, -1.0433 0.2589 1.6439, -1.0433 0.1577 1.6751, -1.0433 0.2089 1.6614, -1.0433 0.0529 1.6909, -1.0433 0.1056 1.685, -1.0433 -0.0 1.6929, -0.374 -0.0 1.6929, -0.374 0.0529 0.2776, -0.374 0.1056 0.2835, -0.374 -0.0 0.1969, -0.374 -0.0 0.2756, -0.374 0.482 1.5037, -0.374 0.5195 1.4663, -0.374 0.5855 1.3835, -0.374 0.554 1.4261, -0.374 0.7067 1.0372, -0.374 0.7007 1.0899, -0.374 0.1577 0.2934, -0.374 0.2089 0.3071, -0.374 0.2589 0.3246, -0.374 0.3543 0.3705, -0.374 0.3075 0.3458, -0.374 0.7067 0.9313, -0.374 0.7086 0.9843, -0.374 0.4418 0.4302, -0.374 0.3992 0.3987, -0.374 0.5195 0.5022, -0.374 0.482 0.4648, -0.374 0.5855 0.585, -0.374 0.554 0.5424, -0.374 0.6385 0.6768, -0.374 0.6137 0.6299, -0.374 0.6772 0.7754, -0.374 0.6597 0.7253, -0.374 0.7007 0.8786, -0.374 0.6909 0.8266, -0.374 0.6772 1.1931, -0.374 0.6909 1.1419, -0.374 0.6385 1.2917, -0.374 0.6597 1.2432, -0.374 0.6137 1.3386, -0.374 0.4418 1.5383, -0.374 0.3992 1.5698, -0.374 0.3543 1.598, -0.374 0.3075 1.6227, -0.374 0.2589 1.6439, -0.374 0.2089 1.6614, -0.374 0.1577 1.6751, -0.374 0.1056 1.685, -0.374 0.0529 1.6909, -1.5551 0.8464 0.1969, -1.811 0.8464 0.1181, -1.811 0.8464 0.1969, -1.378 0.8464 0.1181, -1.9488 0.8464 0.0, -1.9488 0.8464 0.1181, -1.2402 0.8464 0.0, -1.2402 0.8464 0.1181, -1.378 0.9645 0.1181, -2.4016 0.9645 0.1969, -2.1457 0.9645 0.1969, -2.1457 0.9645 1.1417, -1.752 0.9645 1.1417, -1.752 0.9645 0.1181, -2.4016 0.8464 0.1969, -2.2244 0.8464 0.1969, -2.2244 -0.0 0.1969, -2.2244 0.2089 0.3071, -2.2244 0.1577 0.2934, -2.2244 0.1056 0.2835, -2.2244 0.0529 0.2776, -2.2244 -0.0 0.2756, -2.2244 0.7086 0.9843, -2.2244 0.7067 0.9313, -2.2244 0.2589 0.3246, -2.2244 0.3543 0.3705, -2.2244 0.3075 0.3458, -2.2244 0.4418 0.4302, -2.2244 0.3992 0.3987, -2.2244 0.5195 0.5022, -2.2244 0.482 0.4648, -2.2244 0.5855 0.585, -2.2244 0.554 0.5424, -2.2244 0.6385 0.6768, -2.2244 0.6137 0.6299, -2.2244 0.6772 0.7754, -2.2244 0.6597 0.7253, -2.2244 0.7007 0.8786, -2.2244 0.6909 0.8266, -2.2244 0.7007 1.0899, -2.2244 0.7067 1.0372, -2.2244 0.6772 1.1931, -2.2244 0.6909 1.1419, -2.2244 0.3992 1.5698, -2.2244 0.4418 1.5383, -2.2244 0.6385 1.2917, -2.2244 0.6597 1.2432, -2.2244 0.5855 1.3835, -2.2244 0.6137 1.3386, -2.2244 0.5195 1.4663, -2.2244 0.554 1.4261, -2.2244 0.482 1.5037, -2.2244 0.3075 1.6227, -2.2244 0.3543 1.598, -2.2244 0.2589 1.6439, -2.2244 0.1577 1.6751, -2.2244 0.2089 1.6614, -2.2244 0.0529 1.6909, -2.2244 0.1056 1.685, -2.2244 -0.0 1.6929, -1.5551 -0.0 1.6929, -1.5551 0.0529 0.2776, -1.5551 0.1056 0.2835, -1.5551 -0.0 0.1969, -1.5551 -0.0 0.2756, -1.5551 0.482 1.5037, -1.5551 0.5195 1.4663, -1.5551 0.5855 1.3835, -1.5551 0.554 1.4261, -1.5551 0.7067 1.0372, -1.5551 0.7007 1.0899, -1.5551 0.1577 0.2934, -1.5551 0.2089 0.3071, -1.5551 0.2589 0.3246, -1.5551 0.3543 0.3705, -1.5551 0.3075 0.3458, -1.5551 0.7067 0.9313, -1.5551 0.7086 0.9843, -1.5551 0.4418 0.4302, -1.5551 0.3992 0.3987, -1.5551 0.5195 0.5022, -1.5551 0.482 0.4648, -1.5551 0.5855 0.585, -1.5551 0.554 0.5424, -1.5551 0.6385 0.6768, -1.5551 0.6137 0.6299, -1.5551 0.6772 0.7754, -1.5551 0.6597 0.7253, -1.5551 0.7007 0.8786, -1.5551 0.6909 0.8266, -1.5551 0.6772 1.1931, -1.5551 0.6909 1.1419, -1.5551 0.6385 1.2917, -1.5551 0.6597 1.2432, -1.5551 0.6137 1.3386, -1.5551 0.4418 1.5383, -1.5551 0.3992 1.5698, -1.5551 0.3543 1.598, -1.5551 0.3075 1.6227, -1.5551 0.2589 1.6439, -1.5551 0.2089 1.6614, -1.5551 0.1577 1.6751, -1.5551 0.1056 1.685, -1.5551 0.0529 1.6909, -0.0984 0.5169 1.469, -0.0984 -0.1665 1.6731, -0.0984 -0.2178 1.6586, -0.0984 -0.5926 0.5956, -0.0984 -0.0612 1.6903, -0.0984 -0.0079 1.6929, -0.0984 -0.5276 0.5111, -0.0984 -0.5617 0.5521, -0.0984 0.1511 1.6766, -0.0984 0.0986 1.686, -0.0984 -0.4081 0.4049, -0.0984 -0.4506 0.4373, -0.0984 0.2533 1.6461, -0.0984 0.3024 1.6252, -0.0984 -0.268 0.3282, -0.0984 0.4383 1.5411, -0.0984 0.3952 1.5725, -0.0984 -0.1665 0.2954, -0.0984 -0.1141 0.2848, -0.0984 0.2028 0.3052, -0.0984 0.1511 0.2919, -0.0984 0.0455 0.2771, -0.0984 -0.0079 0.2756, -0.0984 0.3498 0.3679, -0.0984 0.3024 0.3434, -0.0984 0.6124 1.3408, -0.0984 0.6375 1.2938, -0.0984 0.4383 0.4274, -0.0984 0.479 0.462, -0.0984 0.6906 1.143, -0.0984 0.6767 1.1946, -0.0984 0.5838 0.5826, -0.0984 0.5519 0.5398, -0.0984 0.7066 1.0376, -0.0984 0.7086 0.9843, -0.0984 0.659 0.7236, -0.0984 0.6375 0.6748, -0.0984 0.7006 0.8779, -0.0984 0.6906 0.8255, -0.0984 0.6767 0.7739, -0.0984 0.7066 0.9309, -0.0984 0.6124 0.6277, -0.0984 0.5169 0.4995, -0.0984 0.7006 1.0906, -0.0984 0.3952 0.396, -0.0984 0.659 1.2449, -0.0984 0.2533 0.3224, -0.0984 0.5519 1.4287, -0.0984 0.5838 1.3859, -0.0984 0.0986 0.2825, -0.0984 0.479 1.5065, -0.0984 -0.0612 0.2782, -0.0984 0.3498 1.6006, -0.0984 0.2028 1.6633, -0.0984 -0.2178 0.3099, -0.0984 -0.3166 0.3502, -0.0984 0.0455 1.6914, -0.0984 -0.3634 0.3758, -0.0984 -0.4905 0.4727, -0.0984 -0.1141 1.6837, -0.0984 -0.268 1.6403, -0.0984 -0.6202 0.6413, -0.0984 -0.3166 1.6183, -0.0984 -0.6442 0.689, -0.0984 -0.4081 1.5636, -0.0984 -0.4506 1.5312, -0.0984 -0.5276 1.4574, -0.0984 -0.4905 1.4958, -0.0984 -0.5617 1.4164, -0.0984 -0.3634 1.5927, -0.0984 -0.5926 1.3729, -0.0984 -0.6202 1.3272, -3.0512 -0.6637 1.2327, -3.0512 -0.6798 1.1845, -3.0512 -0.7014 1.0854, -3.0512 -0.6924 1.1354, -3.0512 -0.7087 0.9843, -3.0512 -0.7069 1.035, -3.0512 -0.8802 0.689, -3.0512 -0.7069 0.9335, -3.0512 -0.6924 0.8331, -3.0512 -0.7014 0.8831, -3.0512 -0.6637 0.7358, -3.0512 -0.6798 0.784, -3.0512 -0.6442 0.689, 0.6496 0.9645 0.0, 0.8071 0.9645 0.1181, 0.8071 0.9645 0.0, 0.9449 0.9645 0.1969, 0.9449 0.9645 0.1181, -0.7677 0.9645 0.1181, -0.9646 0.9645 0.0, -0.6299 0.9645 0.1969, -0.7677 0.9645 0.0, -0.6299 0.9645 0.1181, -1.9488 0.9645 0.1181, -2.1457 0.9645 0.0, -1.811 0.9645 0.1969, -1.9488 0.9645 0.0, -1.811 0.9645 0.1181, 1.9094 -0.6299 0.0, -2.0689 0.0246 0.0, 0.3817 0.0486 0.0, 0.376 0.0246 0.0, 1.2008 -0.6299 0.0, -2.317 0.1274 0.0, -2.2959 0.1403 0.0, -2.3742 0.0486 0.0, -2.3647 0.0715 0.0, 0.46 0.1403 0.0, 0.4389 0.1274 0.0, 0.6718 0.0715 0.0, 0.6813 0.0486 0.0, -2.1318 0.1274 0.0, -2.1529 0.1403 0.0, -2.38 0.0246 0.0, -2.3358 0.1113 0.0, -2.3518 0.0925 0.0, -2.249 0.1555 0.0, -2.2731 0.1498 0.0, -2.2244 0.1575 0.0, -2.1757 0.1498 0.0, -2.1998 0.1555 0.0, -2.1131 0.1113 0.0, -2.097 0.0925 0.0, -2.0841 0.0715 0.0, 0.4201 0.1113 0.0, -2.0746 0.0486 0.0, 0.3912 0.0715 0.0, 0.4041 0.0925 0.0, 0.5069 0.1555 0.0, 0.4828 0.1498 0.0, 0.5315 0.1575 0.0, 0.5802 0.1498 0.0, 0.5561 0.1555 0.0, 0.603 0.1403 0.0, 0.6429 0.1113 0.0, 0.6241 0.1274 0.0, 0.6589 0.0925 0.0, 0.687 0.0246 0.0, -3.5039 -1.0745 0.8512, -3.5039 -1.0806 0.9176, -3.5039 -1.0317 0.656, -3.5039 -1.05 0.7202, -3.5039 -1.0643 0.7853, -3.5039 -0.9539 0.472, -3.5039 -0.9836 0.5317, -3.5039 -1.0096 0.5931, -3.5039 -0.8435 0.3055, -3.5039 -0.9205 0.4143, -3.5039 -0.8837 0.3587, -3.5039 -0.7044 0.1621, -3.5039 -0.8001 0.2549, -3.5039 -0.7537 0.207, -3.5039 -0.5414 0.0466, -3.5039 -0.5981 0.0817, -3.5039 -0.6525 0.1203, -2.8543 -0.3271 -0.0478, -2.8543 -0.3898 -0.0258, -3.5039 -0.3599 -0.0369, -3.5039 -0.4826 0.0151, -3.5039 -0.422 -0.0128, -2.8543 -0.1983 -0.0801, -3.5039 -0.1661 -0.0856, -2.8543 -0.1326 -0.0903, -3.5039 -0.2963 -0.0571, -3.5039 -0.2316 -0.0734, -2.8543 -0.2632 -0.066, -3.5039 0.0333 -0.0979, -2.8543 0.0664 -0.0964, -2.8543 -0.0 -0.0984, -3.5039 -0.0334 -0.0979, -2.8543 -0.0664 -0.0964, -3.5039 -0.0999 -0.0938, -2.8543 0.2632 -0.066, -2.8543 0.1982 -0.0801, -3.5039 0.2316 -0.0734, -2.8543 0.1326 -0.0903, -3.5039 0.0999 -0.0938, -3.5039 0.1661 -0.0856, -2.8543 0.3898 -0.0258, -3.5039 0.422 -0.0128, -3.5039 0.2963 -0.0571, -3.5039 0.3598 -0.0369, -2.8543 0.3271 -0.0478, -3.5039 0.598 0.0817, -3.5039 0.5413 0.0466, -3.5039 0.4826 0.0151, -3.5039 0.7537 0.207, -3.5039 0.6524 0.1203, -3.5039 0.7044 0.1621, -3.5039 0.8435 0.3055, -3.5039 0.8001 0.2549, -3.5039 0.8837 0.3587, -3.5039 0.9205 0.4143, -3.5039 0.9538 0.472, -3.5039 0.9836 0.5317, -3.5039 1.0095 0.5931, -3.5039 1.0317 0.656, -3.5039 1.05 0.7202, -3.5039 1.0642 0.7853, -3.5039 1.0745 0.8512, -3.5039 1.0806 0.9176, -3.5236 0.6257 0.6516, -3.5236 0.6812 0.7889, -3.5236 0.1714 0.2966, -3.5236 0.3106 0.3473, -3.5236 -0.1714 0.2966, -3.5236 0.0247 0.276, -3.5236 -0.0247 0.276, -3.5236 -0.219 0.3103, -3.5236 -0.6474 0.696, -3.5236 -0.6659 0.7419, -3.5236 -0.2655 0.3272, -3.5236 -0.3107 0.3473, -3.5236 -0.3543 0.3705, -3.5236 -0.3963 0.3967, -3.5236 -0.4363 0.4258, -3.5236 -0.4742 0.4576, -3.5236 -0.5098 0.492, -3.5236 -0.5429 0.5287, -3.5236 -0.5733 0.5677, -3.5236 -0.601 0.6087, -3.5236 -0.6257 0.6515, -3.5236 -0.1231 0.2864, -3.5236 -0.6932 0.8369, -3.5236 -0.6812 0.7889, -3.5236 -0.7018 0.8856, -3.5236 -0.707 0.9348, -3.5236 -0.0741 0.2795, -3.5236 0.0741 0.2795, -3.5236 0.1231 0.2864, -3.5236 0.219 0.3103, -3.5236 0.2655 0.3272, -3.5236 0.3963 0.3967, -3.5236 0.3543 0.3705, -3.5236 0.4363 0.4258, -3.5236 0.4742 0.4576, -3.5236 0.5098 0.492, -3.5236 0.5733 0.5677, -3.5236 0.5429 0.5287, -3.5236 0.601 0.6087, -3.5236 0.6474 0.696, -3.5236 0.6659 0.7419, -3.5236 0.6932 0.8369, -3.5236 0.7017 0.8856, -3.5236 0.7069 0.9348, 0.0197 -0.8465 0.5561, 0.0197 -0.8465 0.4331, 0.0197 -0.8268 0.5709, 1.9094 -0.6299 0.1181, 1.9094 -0.8465 0.1181, 1.3976 -0.8465 0.1181, 1.2008 -0.6299 0.1181, 1.3976 -0.8465 0.4331, -2.7362 -0.6693 0.689, 1.9094 -0.6693 0.689, 0.3912 0.0715 -0.1969, 0.3817 0.0486 -0.1969, 0.376 0.0246 -0.1969, 0.4389 0.1274 -0.1969, 0.4041 0.0925 -0.1969, 0.4201 0.1113 -0.1969, 0.5069 0.1555 -0.1969, 0.4828 0.1498 -0.1969, 0.46 0.1403 -0.1969, 0.5802 0.1498 -0.1969, 0.5561 0.1555 -0.1969, 0.5315 0.1575 -0.1969, 0.6429 0.1113 -0.1969, 0.603 0.1403 -0.1969, 0.6241 0.1274 -0.1969, 0.6589 0.0925 -0.1969, 0.6718 0.0715 -0.1969, 0.6813 0.0486 -0.1969, 0.687 0.0246 -0.1969, 1.9094 -0.8465 0.5561, -2.7362 -0.8268 0.5709, 0.4215 0.11 -0.209, 0.6476 0.0591 -0.2343, 0.6574 0.0641 -0.2287, 0.6658 0.0436 -0.2287, 0.3834 0.0234 -0.22, 0.3779 0.0243 -0.209, 0.4056 0.0914 -0.209, 0.4172 0.083 -0.2287, 0.4154 0.0591 -0.2343, 0.4056 0.0641 -0.2287, 0.4834 0.1479 -0.209, 0.4316 0.0999 -0.2287, 0.4261 0.0766 -0.2343, 0.5072 0.1536 -0.209, 0.4485 0.1143 -0.2287, 0.4674 0.1258 -0.2287, 0.4549 0.1054 -0.2343, 0.5796 0.1479 -0.209, 0.5558 0.1536 -0.209, 0.5094 0.1395 -0.2287, 0.5315 0.1412 -0.2287, 0.5111 0.1287 -0.2343, 0.6701 0.0706 -0.209, 0.5956 0.1258 -0.2287, 0.5718 0.1239 -0.2343, 0.5751 0.1343 -0.2287, 0.6573 0.0914 -0.209, 0.6314 0.0999 -0.2287, 0.6458 0.083 -0.2287, 0.6236 0.0921 -0.2343, 0.6438 0.0364 -0.2362, 0.6368 0.0536 -0.2362, 0.6554 0.0402 -0.2343, 0.6481 0.0185 -0.2362, 0.6369 0.0766 -0.2343, 0.6796 0.0234 -0.22, 0.6851 0.0243 -0.209, 0.6741 0.0463 -0.22, 0.6794 0.048 -0.209, 0.671 0.0221 -0.2287, 0.6602 0.0204 -0.2343, 0.6081 0.1054 -0.2343, 0.6145 0.1143 -0.2287, 0.6415 0.11 -0.209, 0.6229 0.1258 -0.209, 0.6021 0.1386 -0.209, 0.5906 0.1161 -0.2343, 0.5519 0.1287 -0.2343, 0.5536 0.1395 -0.2287, 0.5315 0.1555 -0.209, 0.5315 0.1303 -0.2343, 0.4912 0.1239 -0.2343, 0.4878 0.1343 -0.2287, 0.4724 0.1161 -0.2343, 0.4394 0.0921 -0.2343, 0.4401 0.1258 -0.209, 0.4609 0.1386 -0.209, 0.4076 0.0402 -0.2343, 0.3972 0.0436 -0.2287, 0.392 0.0221 -0.2287, 0.4028 0.0204 -0.2343, 0.3836 0.048 -0.209, 0.3929 0.0706 -0.209, 0.3889 0.0463 -0.22, 0.4148 0.0185 -0.2362, 0.4192 0.0365 -0.2362, 0.3979 0.0681 -0.22, 0.4263 0.0536 -0.2362, 0.4102 0.0881 -0.22, 0.4255 0.106 -0.22, 0.436 0.0694 -0.2362, 0.4434 0.1213 -0.22, 0.448 0.0835 -0.2362, 0.4634 0.1336 -0.22, 0.4621 0.0955 -0.2362, 0.4852 0.1426 -0.22, 0.4779 0.1052 -0.2362, 0.508 0.1481 -0.22, 0.495 0.1123 -0.2362, 0.5131 0.1166 -0.2362, 0.5315 0.1499 -0.22, 0.5315 0.1181 -0.2362, 0.555 0.1481 -0.22, 0.5778 0.1426 -0.22, 0.55 0.1166 -0.2362, 0.5996 0.1336 -0.22, 0.568 0.1123 -0.2362, 0.5851 0.1052 -0.2362, 0.6196 0.1213 -0.22, 0.6009 0.0955 -0.2362, 0.6375 0.106 -0.22, 0.615 0.0835 -0.2362, 0.6528 0.0881 -0.22, 0.6651 0.0681 -0.22, 0.6271 0.0694 -0.2362, -2.1078 0.0185 -0.2362, -2.1121 0.0364 -0.2362, -2.1192 0.0536 -0.2362, -2.1288 0.0694 -0.2362, -2.1409 0.0835 -0.2362, -2.155 0.0955 -0.2362, -2.1708 0.1052 -0.2362, -2.1879 0.1123 -0.2362, -2.2244 0.1181 -0.2362, -2.3296 0.0536 -0.2362, -2.2428 0.1166 -0.2362, -2.2059 0.1166 -0.2362, -2.3411 0.0185 -0.2362, -2.3367 0.0365 -0.2362, -2.2938 0.0955 -0.2362, -2.278 0.1052 -0.2362, -2.2609 0.1123 -0.2362, -2.3079 0.0835 -0.2362, -2.3199 0.0694 -0.2362, -2.3344 0.11 -0.209, -2.3358 0.1113 -0.1969, -2.317 0.1274 -0.1969, -2.1083 0.0591 -0.2343, -2.0986 0.0641 -0.2287, -2.0901 0.0436 -0.2287, -2.3725 0.0234 -0.22, -2.378 0.0243 -0.209, -2.38 0.0246 -0.1969, -2.3518 0.0925 -0.1969, -2.3503 0.0914 -0.209, -2.3387 0.083 -0.2287, -2.3405 0.0591 -0.2343, -2.3503 0.0641 -0.2287, -2.249 0.1555 -0.1969, -2.2725 0.1479 -0.209, -2.2731 0.1498 -0.1969, -2.3243 0.0999 -0.2287, -2.3298 0.0766 -0.2343, -2.2487 0.1536 -0.209, -2.3074 0.1143 -0.2287, -2.2885 0.1258 -0.2287, -2.301 0.1054 -0.2343, -2.1757 0.1498 -0.1969, -2.1763 0.1479 -0.209, -2.2001 0.1536 -0.209, -2.2465 0.1395 -0.2287, -2.2244 0.1412 -0.2287, -2.2448 0.1287 -0.2343, -2.0858 0.0706 -0.209, -2.0841 0.0715 -0.1969, -2.0746 0.0486 -0.1969, -2.1603 0.1258 -0.2287, -2.1842 0.1239 -0.2343, -2.1808 0.1343 -0.2287, -2.0986 0.0914 -0.209, -2.1245 0.0999 -0.2287, -2.1101 0.083 -0.2287, -2.1323 0.0921 -0.2343, -2.1005 0.0402 -0.2343, -2.119 0.0766 -0.2343, -2.0763 0.0234 -0.22, -2.0708 0.0243 -0.209, -2.0818 0.0463 -0.22, -2.0765 0.048 -0.209, -2.0849 0.0221 -0.2287, -2.0957 0.0204 -0.2343, -2.1478 0.1054 -0.2343, -2.1414 0.1143 -0.2287, -2.1144 0.11 -0.209, -2.097 0.0925 -0.1969, -2.1318 0.1274 -0.1969, -2.133 0.1258 -0.209, -2.1538 0.1386 -0.209, -2.1653 0.1161 -0.2343, -2.204 0.1287 -0.2343, -2.2023 0.1395 -0.2287, -2.1529 0.1403 -0.1969, -2.1998 0.1555 -0.1969, -2.2244 0.1555 -0.209, -2.2244 0.1303 -0.2343, -2.2647 0.1239 -0.2343, -2.2681 0.1343 -0.2287, -2.2244 0.1575 -0.1969, -2.2836 0.1161 -0.2343, -2.3165 0.0921 -0.2343, -2.3158 0.1258 -0.209, -2.2959 0.1403 -0.1969, -2.295 0.1386 -0.209, -2.3483 0.0402 -0.2343, -2.3587 0.0436 -0.2287, -2.3639 0.0221 -0.2287, -2.3531 0.0204 -0.2343, -2.3724 0.048 -0.209, -2.3647 0.0715 -0.1969, -2.363 0.0706 -0.209, -2.3742 0.0486 -0.1969, -2.367 0.0463 -0.22, -2.358 0.0681 -0.22, -2.3457 0.0881 -0.22, -2.3304 0.106 -0.22, -2.3126 0.1213 -0.22, -2.2925 0.1336 -0.22, -2.2707 0.1426 -0.22, -2.2479 0.1481 -0.22, -2.2244 0.1499 -0.22, -2.2009 0.1481 -0.22, -2.1781 0.1426 -0.22, -2.1563 0.1336 -0.22, -2.1131 0.1113 -0.1969, -2.1363 0.1213 -0.22, -2.1184 0.106 -0.22, -2.1031 0.0881 -0.22, -2.0908 0.0681 -0.22, -2.0689 0.0246 -0.1969, -3.6014 0.223 2.0024, -3.6154 0.2194 1.9864, -3.6154 0.1573 1.998, -3.6154 0.9319 1.413, -3.6154 0.9038 1.4696, -3.6014 0.9469 1.4199, -3.6267 0.9152 1.4053, -3.6267 0.9394 1.3482, -3.635 0.8971 1.397, -3.635 0.9208 1.341, -3.6267 0.96 1.2897, -3.64 0.95 1.1618, -3.6154 0.9776 1.2952, -3.6154 0.9566 1.3548, -3.64 0.9591 1.103, -3.635 0.9706 1.1657, -3.64 0.9372 1.22, -3.635 0.9576 1.2251, -3.64 0.9664 0.9843, -3.5849 0.8622 1.5946, -3.6014 0.8507 1.5865, -3.6014 0.812 1.6377, -3.635 0.9856 1.045, -3.64 0.9646 1.0437, -3.6154 0.7992 1.6274, -3.6154 0.7581 1.6754, -3.6154 0.8722 1.5243, -3.6154 0.8373 1.577, -3.6014 0.8862 1.533, -3.5849 0.6873 1.7865, -3.6014 0.6781 1.7758, -3.6014 0.6281 1.816, -3.6014 0.7256 1.7325, -3.5849 0.7806 1.6959, -3.6014 0.7703 1.6865, -3.6014 0.5211 1.8869, -3.5849 0.5835 1.8648, -3.6014 0.5757 1.8531, -3.6154 0.7141 1.7207, -3.6154 0.6674 1.7633, -3.6014 0.4646 1.9173, -3.5849 0.5282 1.8991, -3.6154 0.6182 1.8029, -3.6014 0.4063 1.9441, -3.6014 0.3464 1.9673, -3.5849 0.4117 1.9571, -3.6154 0.5129 1.8727, -3.6154 0.5666 1.8394, -3.6014 0.1599 2.0142, -3.5849 0.226 2.0162, -3.6154 0.3999 1.929, -3.6154 0.3409 1.9518, -3.6154 -0.0316 2.0096, -3.6014 0.0321 2.0261, -3.6154 0.0316 2.0096, -3.5849 0.0325 2.0401, -3.6014 -0.0321 2.0261, -3.6014 -0.1599 2.0142, -3.6154 -0.1574 1.998, -3.6154 -0.2195 1.9864, -3.5849 -0.1621 2.0281, -3.6014 -0.223 2.0024, -3.6154 -0.341 1.9518, -3.6154 -0.3999 1.929, -3.6014 -0.3464 1.9673, -3.6014 -0.4063 1.9441, -3.5849 -0.3511 1.9806, -3.6154 -0.5667 1.8394, -3.6014 -0.5212 1.8869, -3.6154 -0.513 1.8727, -3.6014 -0.5758 1.8531, -3.5849 -0.5282 1.8991, -3.6014 -0.6782 1.7758, -3.6154 -0.6675 1.7633, -3.6154 -0.7142 1.7207, -3.5849 -0.6873 1.7865, -3.6014 -0.7256 1.7325, -3.6154 -0.7993 1.6274, -3.6154 -0.8373 1.577, -3.6014 -0.8121 1.6377, -3.6014 -0.8508 1.5865, -3.5849 -0.823 1.6465, -3.6014 -0.9469 1.4199, -3.6014 -0.9719 1.3608, -3.5849 -0.9597 1.4258, -3.5849 -0.9307 1.484, -3.6014 -0.9183 1.4774, -3.6014 -0.9933 1.3002, -3.6014 -1.0109 1.2385, -3.5849 -1.0067 1.3045, -3.5849 -0.985 1.3659, -3.6014 -1.0246 1.1758, -3.6014 -1.0344 1.1123, -3.5849 -1.0384 1.1784, -3.5849 -1.0245 1.2419, -3.6154 -1.0084 1.1728, -3.6154 -1.0181 1.1103, -3.6154 -0.9949 1.2345, -3.5665 -1.0657 1.05, -3.5849 -1.0544 1.0493, -3.5849 -1.0564 0.9843, -3.6154 -1.0239 1.0474, -3.5465 -1.076 0.9843, -3.5465 -1.0739 1.0505, -3.5665 -1.0677 0.9843, -3.5255 -1.0789 1.0508, -3.5255 -1.081 0.9843, -3.5255 -1.0484 1.2479, -3.6014 -1.0423 0.9843, -3.6014 -1.0404 1.0484, -3.6154 -1.0259 0.9843, -3.6267 -1.0055 1.0463, -3.6267 -1.0075 0.9843, -3.635 -0.9875 0.9843, -3.635 -0.9856 1.045, -3.64 -0.9665 0.9843, -3.64 -0.9646 1.0437, -3.5849 -1.0484 1.1141, -3.6154 -0.9566 1.3548, -3.6154 -0.9776 1.2952, -3.6154 -0.9038 1.4696, -3.6154 -0.932 1.413, -3.6154 -0.8722 1.5243, -3.6014 -0.8862 1.533, -3.5849 -0.8982 1.5404, -3.6154 -0.7582 1.6754, -3.5849 -0.8622 1.5946, -3.6014 -0.7703 1.6865, -3.6154 -0.6183 1.8029, -3.5849 -0.7807 1.6959, -3.5849 -0.6366 1.8272, -3.6014 -0.6282 1.816, -3.5849 -0.7354 1.7426, -3.6014 -0.4646 1.9173, -3.6154 -0.4573 1.9026, -3.5849 -0.5835 1.8648, -3.5849 -0.4709 1.9299, -3.5849 -0.4118 1.9571, -3.6014 -0.0962 2.0221, -3.6154 -0.0947 2.0057, -3.6154 -0.2808 1.971, -3.6014 -0.2853 1.9868, -3.5849 -0.226 2.0162, -3.5849 -0.2891 2.0003, -3.5849 -0.0975 2.0361, -3.6154 0.0946 2.0057, -3.6014 0.0962 2.0221, -3.5849 -0.0326 2.0401, -3.6154 0.2807 1.971, -3.6014 0.2852 1.9868, -3.5849 0.162 2.0281, -3.5849 0.0974 2.0361, -3.6154 0.4573 1.9026, -3.5849 0.2891 2.0003, -3.5849 0.3511 1.9806, -3.5849 0.4708 1.9299, -3.5849 0.8981 1.5404, -3.5849 0.6366 1.8272, -3.5849 0.7354 1.7426, -3.6014 0.9183 1.4774, -3.5849 0.823 1.6465, -3.5849 0.9306 1.484, -3.5665 0.9699 1.4305, -3.5849 0.9596 1.4258, -3.5665 0.9406 1.4894, -3.5255 1.0789 1.0508, -3.5255 1.081 0.9843, -3.5849 0.985 1.3659, -3.5665 0.9955 1.3699, -3.5665 1.0174 1.3079, -3.5255 1.0728 1.1171, -3.5465 1.0759 0.9843, -3.5465 1.0739 1.0505, -3.5465 1.0678 1.1165, -3.5255 -1.0728 1.1171, -3.5255 -1.0626 1.1829, -3.5465 -0.9148 1.5507, -3.5465 -0.8782 1.6059, -3.5665 -0.9078 1.5463, -3.5465 -1.0678 1.1165, -3.5665 -1.0596 1.1155, -3.6267 -0.9998 1.1081, -3.635 -0.98 1.1056, -3.64 -0.9591 1.103, -3.5255 -1.0301 1.312, -3.5465 -1.0576 1.182, -3.5665 -1.0495 1.1804, -3.6267 -0.9903 1.1694, -3.635 -0.9707 1.1657, -3.64 -0.95 1.1618, -3.5465 -1.0435 1.2467, -3.5665 -1.0354 1.2447, -3.6267 -0.977 1.23, -3.635 -0.9577 1.2251, -3.64 -0.9373 1.22, -3.5255 -0.9524 1.4957, -3.5255 -1.008 1.3747, -3.5665 -1.0174 1.3079, -3.5465 -1.0253 1.3104, -3.6267 -0.96 1.2897, -3.635 -0.941 1.2836, -3.64 -0.921 1.2772, -3.5255 -0.982 1.4361, -3.5465 -1.0033 1.3729, -3.5665 -0.9956 1.3699, -3.6267 -0.9394 1.3482, -3.635 -0.9208 1.341, -3.64 -0.9012 1.3334, -3.5255 -0.9191 1.5533, -3.5465 -0.9775 1.4339, -3.5665 -0.9699 1.4305, -3.6267 -0.9152 1.4053, -3.635 -0.8971 1.397, -3.64 -0.878 1.3882, -3.5255 -0.8823 1.6088, -3.5465 -0.9479 1.4933, -3.5665 -0.9406 1.4894, -3.6267 -0.8876 1.4609, -3.635 -0.87 1.4514, -3.64 -0.8515 1.4415, -3.5255 -0.7033 1.8052, -3.6267 -0.8566 1.5146, -3.635 -0.8396 1.5041, -3.64 -0.8217 1.493, -3.5255 -0.8422 1.6619, -3.5665 -0.8714 1.6011, -3.6267 -0.8223 1.5663, -3.635 -0.806 1.5548, -3.64 -0.7888 1.5426, -3.5255 -0.7989 1.7125, -3.5255 1.0626 1.1829, -3.5465 -0.8383 1.6588, -3.5665 -0.8318 1.6536, -3.6267 -0.7849 1.6158, -3.635 -0.7693 1.6033, -3.64 -0.753 1.5901, -3.5255 -0.7525 1.7603, -3.5465 -0.7951 1.7091, -3.5665 -0.789 1.7035, -3.6267 -0.7445 1.663, -3.635 -0.7298 1.6495, -3.64 -0.7142 1.6353, -3.5255 -0.6515 1.8469, -3.5465 -0.749 1.7567, -3.5665 -0.7433 1.7507, -3.6267 -0.7013 1.7075, -3.635 -0.6874 1.6932, -3.64 -0.6728 1.6781, -3.5255 -0.5971 1.8854, -3.5465 -0.7 1.8013, -3.5665 -0.6947 1.795, -3.6267 -0.6555 1.7493, -3.635 -0.6425 1.7341, -3.64 -0.6288 1.7182, -3.5255 -0.5405 1.9204, -3.5465 -0.6484 1.8429, -3.5665 -0.6434 1.8363, -3.6267 -0.6071 1.7882, -3.635 -0.5951 1.7723, -3.64 -0.5824 1.7555, -3.5255 -0.4819 1.9519, -3.5465 -0.5943 1.8812, -3.5665 -0.5898 1.8743, -3.6267 -0.5565 1.8241, -3.635 -0.5455 1.8074, -3.64 -0.5338 1.7899, -3.5255 -0.4214 1.9797, -3.5465 -0.538 1.916, -3.5665 -0.5338 1.9089, -3.6267 -0.5037 1.8567, -3.635 -0.4938 1.8394, -3.64 -0.4832 1.8212, -3.5255 -0.3593 2.0038, -3.5465 -0.4796 1.9474, -3.5665 -0.4759 1.94, -3.6267 -0.4491 1.8861, -3.635 -0.4402 1.8682, -3.64 -0.4308 1.8494, -3.5255 -0.2958 2.024, -3.5465 -0.4194 1.9751, -3.5665 -0.4162 1.9675, -3.6267 -0.3927 1.912, -3.635 -0.3849 1.8936, -3.64 -0.3767 1.8743, -3.5255 -0.2313 2.0402, -3.5465 -0.3576 1.999, -3.5665 -0.3549 1.9912, -3.6267 -0.3348 1.9344, -3.635 -0.3282 1.9156, -3.64 -0.3212 1.8958, -3.5255 -0.1658 2.0524, -3.5465 -0.2945 2.0191, -3.5665 -0.2922 2.0112, -3.6267 -0.2757 1.9532, -3.635 -0.2703 1.934, -3.64 -0.2645 1.9138, -3.5255 -0.0998 2.0606, -3.5465 -0.2302 2.0353, -3.5665 -0.2284 2.0272, -3.6267 -0.2155 1.9684, -3.635 -0.2113 1.9489, -3.64 -0.2068 1.9283, -3.5255 0.0333 2.0647, -3.5465 -0.1651 2.0474, -3.5665 -0.1638 2.0393, -3.6267 -0.1546 1.9798, -3.635 -0.1515 1.96, -3.64 -0.1483 1.9393, -3.5255 -0.0333 2.0647, -3.5465 -0.0993 2.0556, -3.5665 -0.0985 2.0474, -3.6267 -0.093 1.9874, -3.635 -0.0911 1.9675, -3.64 -0.0892 1.9466, -3.5465 -0.0332 2.0597, -3.5665 -0.0329 2.0514, -3.6267 -0.031 1.9912, -3.635 -0.0304 1.9712, -3.64 -0.0298 1.9502, -3.5255 0.1658 2.0524, -3.5255 0.0997 2.0606, -3.5665 0.0329 2.0514, -3.5465 0.0331 2.0597, -3.6267 0.031 1.9912, -3.635 0.0304 1.9712, -3.64 0.0297 1.9502, -3.5255 0.2312 2.0402, -3.5465 0.0993 2.0556, -3.5665 0.0985 2.0474, -3.6267 0.0929 1.9874, -3.635 0.0911 1.9675, -3.64 0.0892 1.9466, -3.5255 0.2958 2.024, -3.5465 0.165 2.0474, -3.5665 0.1638 2.0393, -3.6267 0.1545 1.9798, -3.635 0.1514 1.96, -3.64 0.1482 1.9393, -3.5255 0.3592 2.0038, -3.5465 0.2302 2.0353, -3.5665 0.2284 2.0272, -3.6267 0.2155 1.9684, -3.635 0.2112 1.9489, -3.64 0.2067 1.9283, -3.5465 0.2944 2.0191, -3.5665 0.2922 2.0112, -3.6267 0.2757 1.9532, -3.635 0.2702 1.934, -3.64 0.2645 1.9138, -3.5255 0.4213 1.9797, -3.5465 0.3576 1.999, -3.5665 0.3548 1.9912, -3.6267 0.3348 1.9344, -3.635 0.3282 1.9156, -3.64 0.3212 1.8958, -3.5255 0.4818 1.9519, -3.5255 0.5405 1.9204, -3.5465 0.4194 1.9751, -3.5665 0.4161 1.9675, -3.6267 0.3927 1.912, -3.635 0.3849 1.8936, -3.64 0.3767 1.8743, -3.5255 0.5971 1.8854, -3.5465 0.4796 1.9474, -3.5665 0.4759 1.94, -3.6267 0.449 1.8861, -3.635 0.4401 1.8682, -3.64 0.4308 1.8494, -3.5255 0.6514 1.8469, -3.5465 0.5379 1.916, -3.5665 0.5338 1.9089, -3.6267 0.5037 1.8567, -3.635 0.4937 1.8394, -3.64 0.4832 1.8212, -3.5255 0.7033 1.8052, -3.5465 0.5943 1.8812, -3.5665 0.5897 1.8743, -3.6267 0.5565 1.8241, -3.635 0.5454 1.8074, -3.64 0.5338 1.7899, -3.5255 0.7525 1.7603, -3.5465 0.6484 1.8429, -3.5665 0.6434 1.8363, -3.6267 0.6071 1.7882, -3.635 0.5951 1.7723, -3.64 0.5824 1.7555, -3.5255 0.7988 1.7125, -3.5465 0.7 1.8013, -3.5665 0.6946 1.795, -3.6267 0.6554 1.7493, -3.635 0.6424 1.7341, -3.64 0.6288 1.7182, -3.5255 0.8422 1.6619, -3.5465 0.749 1.7567, -3.5665 0.7432 1.7507, -3.6267 0.7013 1.7075, -3.635 0.6874 1.6932, -3.64 0.6728 1.6781, -3.5255 0.8823 1.6088, -3.5465 0.7951 1.7091, -3.5665 0.789 1.7035, -3.6267 0.7445 1.663, -3.635 0.7297 1.6495, -3.64 0.7142 1.6353, -3.5255 0.919 1.5533, -3.5465 0.8382 1.6588, -3.5665 0.8318 1.6536, -3.6267 0.7849 1.6158, -3.635 0.7693 1.6033, -3.64 0.7529 1.5901, -3.5255 0.9523 1.4957, -3.5465 0.8782 1.6059, -3.5665 0.8714 1.6011, -3.6267 0.8222 1.5663, -3.635 0.8059 1.5548, -3.64 0.7888 1.5426, -3.5255 0.982 1.4361, -3.5465 0.9148 1.5507, -3.5665 0.9077 1.5463, -3.6267 0.8565 1.5146, -3.635 0.8395 1.5041, -3.64 0.8217 1.493, -3.5255 1.008 1.3747, -3.5465 0.9479 1.4933, -3.6014 0.9719 1.3608, -3.6267 0.8875 1.4609, -3.635 0.8699 1.4514, -3.64 0.8514 1.4415, -3.5255 1.0301 1.312, -3.5465 0.9774 1.4339, -3.64 0.878 1.3882, -3.5255 1.0483 1.2479, -3.5465 1.0033 1.3729, -3.6014 0.9932 1.3002, -3.5849 1.0066 1.3045, -3.64 0.9012 1.3334, -3.5665 1.0595 1.1155, -3.5849 1.0384 1.1784, -3.5665 1.0495 1.1804, -3.5465 1.0253 1.3104, -3.635 0.941 1.2836, -3.6267 0.977 1.23, -3.64 0.9209 1.2772, -3.5665 1.0354 1.2447, -3.5465 1.0434 1.2467, -3.5849 1.0244 1.2419, -3.6014 1.0108 1.2385, -3.6154 0.9949 1.2345, -3.5465 1.0576 1.182, -3.6014 1.0246 1.1758, -3.6154 1.0084 1.1728, -3.6267 0.9903 1.1694, -3.5849 1.0483 1.1141, -3.6014 1.0344 1.1123, -3.6154 1.0181 1.1103, -3.6267 0.9998 1.1081, -3.635 0.98 1.1056, -3.5665 1.0656 1.05, -3.5849 1.0543 1.0493, -3.6014 1.0403 1.0484, -3.6154 1.0239 1.0474, -3.6267 1.0055 1.0463, -3.5665 1.0676 0.9843, -3.5849 1.0563 0.9843, -3.6014 1.0423 0.9843, -3.6154 1.0259 0.9843, -3.6267 1.0074 0.9843, -3.635 0.9874 0.9843, -3.6014 -0.223 -0.0339, -3.6154 -0.2195 -0.0179, -3.6154 -0.1574 -0.0295, -3.6154 -0.932 0.5555, -3.6154 -0.9038 0.4989, -3.6014 -0.9469 0.5486, -3.6267 -0.9152 0.5632, -3.6267 -0.9394 0.6203, -3.635 -0.8971 0.5715, -3.635 -0.9208 0.6275, -3.6267 -0.96 0.6788, -3.64 -0.95 0.8067, -3.6154 -0.9776 0.6733, -3.6154 -0.9566 0.6137, -3.64 -0.9591 0.8655, -3.635 -0.9707 0.8028, -3.64 -0.9373 0.7485, -3.635 -0.9577 0.7434, -3.5849 -0.8622 0.3739, -3.6014 -0.8508 0.382, -3.6014 -0.8121 0.3308, -3.635 -0.9856 0.9235, -3.64 -0.9646 0.9248, -3.6154 -0.7993 0.3411, -3.6154 -0.7582 0.2931, -3.6154 -0.8722 0.4442, -3.6154 -0.8373 0.3915, -3.6014 -0.8862 0.4355, -3.5849 -0.6873 0.182, -3.6014 -0.6782 0.1927, -3.6014 -0.6282 0.1525, -3.6014 -0.7256 0.236, -3.5849 -0.7807 0.2726, -3.6014 -0.7703 0.282, -3.6014 -0.5212 0.0816, -3.5849 -0.5835 0.1037, -3.6014 -0.5758 0.1154, -3.6154 -0.7142 0.2478, -3.6154 -0.6675 0.2052, -3.6014 -0.4646 0.0512, -3.5849 -0.5282 0.0694, -3.6154 -0.6183 0.1656, -3.6014 -0.4063 0.0244, -3.6014 -0.3464 0.0012, -3.5849 -0.4118 0.0114, -3.6154 -0.513 0.0958, -3.6154 -0.5667 0.1291, -3.6014 -0.1599 -0.0457, -3.5849 -0.226 -0.0477, -3.6154 -0.3999 0.0395, -3.6154 -0.341 0.0167, -3.6154 0.0316 -0.0411, -3.6014 -0.0321 -0.0576, -3.6154 -0.0316 -0.0411, -3.5849 -0.0326 -0.0716, -3.6014 0.0321 -0.0576, -3.6014 0.1599 -0.0457, -3.6154 0.1573 -0.0295, -3.6154 0.2194 -0.0179, -3.5849 0.162 -0.0596, -3.6014 0.223 -0.0339, -3.6154 0.3409 0.0167, -3.6154 0.3999 0.0395, -3.6014 0.3464 0.0012, -3.6014 0.4063 0.0244, -3.5849 0.3511 -0.0121, -3.6154 0.5666 0.1291, -3.6014 0.5211 0.0816, -3.6154 0.5129 0.0958, -3.6014 0.5757 0.1154, -3.5849 0.5282 0.0694, -3.6014 0.6781 0.1927, -3.6154 0.6674 0.2052, -3.6154 0.7141 0.2478, -3.5849 0.6873 0.182, -3.6014 0.7256 0.236, -3.6154 0.7992 0.3411, -3.6154 0.8373 0.3915, -3.6014 0.812 0.3308, -3.6014 0.8507 0.382, -3.5849 0.823 0.322, -3.6014 0.9469 0.5486, -3.6014 0.9719 0.6077, -3.5849 0.9596 0.5427, -3.5849 0.9306 0.4845, -3.6014 0.9183 0.4911, -3.6014 0.9932 0.6683, -3.6014 1.0108 0.73, -3.5849 1.0066 0.664, -3.5849 0.985 0.6027, -3.6014 1.0246 0.7927, -3.6014 1.0344 0.8562, -3.5849 1.0384 0.7901, -3.5849 1.0244 0.7266, -3.6154 1.0084 0.7957, -3.6154 1.0181 0.8582, -3.6154 0.9949 0.734, -3.5665 1.0656 0.9185, -3.5849 1.0543 0.9192, -3.6154 1.0239 0.9211, -3.5465 1.0739 0.918, -3.5255 1.0789 0.9177, -3.5255 1.0483 0.7206, -3.6014 1.0403 0.9201, -3.6267 1.0055 0.9222, -3.635 0.9856 0.9235, -3.64 0.9646 0.9248, -3.5849 1.0483 0.8544, -3.6154 0.9566 0.6137, -3.6154 0.9776 0.6733, -3.6154 0.9038 0.4989, -3.6154 0.9319 0.5555, -3.6154 0.8722 0.4442, -3.6014 0.8862 0.4355, -3.5849 0.8981 0.4281, -3.5849 -0.8982 0.4281, -3.5665 -0.9406 0.4791, -3.5849 -0.9307 0.4845, -3.5849 0.7354 0.2259, -3.6014 0.7703 0.282, -3.5849 0.8622 0.3739, -3.6154 0.7581 0.2931, -3.5849 0.7806 0.2726, -3.6154 0.6182 0.1656, -3.6014 0.6281 0.1525, -3.5849 0.6366 0.1413, -3.5849 0.4708 0.0386, -3.6014 0.4646 0.0512, -3.5849 0.5835 0.1037, -3.6154 0.4573 0.0659, -3.5849 0.4117 0.0114, -3.5849 0.2891 -0.0318, -3.6014 0.2852 -0.0183, -3.6154 0.2807 -0.0025, -3.6014 0.0962 -0.0536, -3.6154 0.0946 -0.0372, -3.5849 0.226 -0.0477, -3.5849 0.0974 -0.0676, -3.6154 -0.2808 -0.0025, -3.6014 -0.2853 -0.0183, -3.5849 0.0325 -0.0716, -3.6154 -0.0947 -0.0372, -3.6014 -0.0962 -0.0536, -3.5849 -0.1621 -0.0596, -3.5849 -0.0975 -0.0676, -3.5849 -0.3511 -0.0121, -3.5849 -0.2891 -0.0318, -3.6154 -0.4573 0.0659, -3.5849 -0.7354 0.2259, -3.5849 -0.4709 0.0386, -3.5849 -0.6366 0.1413, -3.6014 -0.9183 0.4911, -3.5849 -0.823 0.322, -3.5849 -0.985 0.6027, -3.5665 -0.9956 0.5986, -3.5665 -1.0174 0.6606, -3.5665 -0.9699 0.538, -3.5849 -0.9597 0.5427, -3.5255 -1.0728 0.8514, -3.5465 -1.0739 0.918, -3.5465 -1.0678 0.852, -3.5255 -1.0789 0.9177, -3.5255 1.0728 0.8514, -3.5255 1.0626 0.7856, -3.5465 0.9148 0.4178, -3.5465 0.8782 0.3626, -3.5665 0.9077 0.4222, -3.5465 1.0678 0.852, -3.5665 1.0595 0.853, -3.6267 0.9998 0.8604, -3.635 0.98 0.8629, -3.64 0.9591 0.8655, -3.5255 1.0301 0.6566, -3.5465 1.0576 0.7865, -3.5665 1.0495 0.7881, -3.6267 0.9903 0.7991, -3.635 0.9706 0.8028, -3.64 0.95 0.8067, -3.5465 1.0434 0.7218, -3.5665 1.0354 0.7238, -3.6267 0.977 0.7385, -3.635 0.9576 0.7434, -3.64 0.9372 0.7485, -3.5255 0.9523 0.4728, -3.5255 1.008 0.5938, -3.5665 1.0174 0.6606, -3.5465 1.0253 0.6581, -3.6267 0.96 0.6788, -3.635 0.941 0.6849, -3.64 0.9209 0.6913, -3.5255 0.982 0.5324, -3.5465 1.0033 0.5956, -3.5665 0.9955 0.5986, -3.6267 0.9394 0.6203, -3.635 0.9208 0.6275, -3.64 0.9012 0.6351, -3.5255 0.919 0.4152, -3.5465 0.9774 0.5346, -3.5665 0.9699 0.538, -3.6267 0.9152 0.5632, -3.635 0.8971 0.5715, -3.64 0.878 0.5803, -3.5255 0.8823 0.3597, -3.5465 0.9479 0.4752, -3.5665 0.9406 0.4791, -3.6267 0.8875 0.5076, -3.635 0.8699 0.5171, -3.64 0.8514 0.527, -3.5255 0.7033 0.1634, -3.6267 0.8565 0.4539, -3.635 0.8395 0.4644, -3.64 0.8217 0.4755, -3.5255 0.8422 0.3066, -3.5665 0.8714 0.3674, -3.6267 0.8222 0.4022, -3.635 0.8059 0.4137, -3.64 0.7888 0.4259, -3.5255 0.7988 0.256, -3.5255 -1.0626 0.7856, -3.5465 0.8382 0.3097, -3.5665 0.8318 0.3149, -3.6267 0.7849 0.3527, -3.635 0.7693 0.3652, -3.64 0.7529 0.3784, -3.5255 0.7525 0.2082, -3.5465 0.7951 0.2594, -3.5665 0.789 0.265, -3.6267 0.7445 0.3055, -3.635 0.7297 0.319, -3.64 0.7142 0.3332, -3.5255 0.6514 0.1216, -3.5465 0.749 0.2118, -3.5665 0.7432 0.2178, -3.6267 0.7013 0.261, -3.635 0.6874 0.2753, -3.64 0.6728 0.2904, -3.5255 0.5971 0.0831, -3.5465 0.7 0.1672, -3.5665 0.6946 0.1735, -3.6267 0.6554 0.2192, -3.635 0.6424 0.2344, -3.64 0.6288 0.2503, -3.5255 0.5405 0.0481, -3.5465 0.6484 0.1256, -3.5665 0.6434 0.1322, -3.6267 0.6071 0.1803, -3.635 0.5951 0.1962, -3.64 0.5824 0.213, -3.5255 0.4818 0.0166, -3.5465 0.5943 0.0874, -3.5665 0.5897 0.0942, -3.6267 0.5565 0.1444, -3.635 0.5454 0.1611, -3.64 0.5338 0.1786, -3.5255 0.4213 -0.0112, -3.5465 0.5379 0.0525, -3.5665 0.5338 0.0596, -3.6267 0.5037 0.1118, -3.635 0.4937 0.1291, -3.64 0.4832 0.1473, -3.5255 0.3592 -0.0353, -3.5465 0.4796 0.0211, -3.5665 0.4759 0.0285, -3.6267 0.449 0.0824, -3.635 0.4401 0.1003, -3.64 0.4308 0.1191, -3.5255 0.2958 -0.0555, -3.5465 0.4194 -0.0066, -3.5665 0.4161 0.001, -3.6267 0.3927 0.0565, -3.635 0.3849 0.0749, -3.64 0.3767 0.0942, -3.5255 0.2312 -0.0717, -3.5465 0.3576 -0.0305, -3.5665 0.3548 -0.0227, -3.6267 0.3348 0.0341, -3.635 0.3282 0.0529, -3.64 0.3212 0.0727, -3.5255 0.1658 -0.0839, -3.5465 0.2944 -0.0506, -3.5665 0.2922 -0.0427, -3.6267 0.2757 0.0153, -3.635 0.2702 0.0345, -3.64 0.2645 0.0547, -3.5255 0.0997 -0.0921, -3.5465 0.2302 -0.0668, -3.5665 0.2284 -0.0587, -3.6267 0.2155 0.0001, -3.635 0.2112 0.0196, -3.64 0.2067 0.0402, -3.5255 -0.0333 -0.0962, -3.5465 0.165 -0.0789, -3.5665 0.1638 -0.0708, -3.6267 0.1545 -0.0113, -3.635 0.1514 0.0085, -3.64 0.1482 0.0293, -3.5255 0.0333 -0.0962, -3.5465 0.0993 -0.0871, -3.5665 0.0985 -0.0788, -3.6267 0.0929 -0.0189, -3.635 0.0911 0.001, -3.64 0.0892 0.0219, -3.5465 0.0331 -0.0912, -3.5665 0.0329 -0.0829, -3.6267 0.031 -0.0227, -3.635 0.0304 -0.0027, -3.64 0.0297 0.0183, -3.5255 -0.1658 -0.0839, -3.5255 -0.0998 -0.0921, -3.5665 -0.0329 -0.0829, -3.5465 -0.0332 -0.0912, -3.6267 -0.031 -0.0227, -3.635 -0.0304 -0.0027, -3.64 -0.0298 0.0183, -3.5255 -0.2313 -0.0717, -3.5465 -0.0993 -0.0871, -3.5665 -0.0985 -0.0788, -3.6267 -0.093 -0.0189, -3.635 -0.0911 0.001, -3.64 -0.0892 0.0219, -3.5255 -0.2958 -0.0555, -3.5465 -0.1651 -0.0789, -3.5665 -0.1638 -0.0708, -3.6267 -0.1546 -0.0113, -3.635 -0.1515 0.0085, -3.64 -0.1483 0.0293, -3.5255 -0.3593 -0.0353, -3.5465 -0.2302 -0.0668, -3.5665 -0.2284 -0.0587, -3.6267 -0.2155 0.0001, -3.635 -0.2113 0.0196, -3.64 -0.2068 0.0402, -3.5255 -0.4214 -0.0112, -3.5465 -0.2945 -0.0506, -3.5665 -0.2922 -0.0427, -3.6267 -0.2757 0.0153, -3.635 -0.2703 0.0345, -3.64 -0.2645 0.0547, -3.5255 -0.4819 0.0166, -3.5465 -0.3576 -0.0305, -3.5665 -0.3549 -0.0227, -3.6267 -0.3348 0.0341, -3.635 -0.3282 0.0529, -3.64 -0.3212 0.0727, -3.5255 -0.5405 0.0481, -3.5465 -0.4194 -0.0066, -3.5665 -0.4162 0.001, -3.6267 -0.3927 0.0565, -3.635 -0.3849 0.0749, -3.64 -0.3767 0.0942, -3.5255 -0.5971 0.0831, -3.5465 -0.4796 0.0211, -3.5665 -0.4759 0.0285, -3.6267 -0.4491 0.0824, -3.635 -0.4402 0.1003, -3.64 -0.4308 0.1191, -3.5255 -0.6515 0.1216, -3.5465 -0.538 0.0525, -3.5665 -0.5338 0.0596, -3.6267 -0.5037 0.1118, -3.635 -0.4938 0.1291, -3.64 -0.4832 0.1473, -3.5255 -0.7033 0.1634, -3.5465 -0.5943 0.0874, -3.5665 -0.5898 0.0942, -3.6267 -0.5565 0.1444, -3.635 -0.5455 0.1611, -3.64 -0.5338 0.1786, -3.5255 -0.7525 0.2082, -3.5465 -0.6484 0.1256, -3.5665 -0.6434 0.1322, -3.6267 -0.6071 0.1803, -3.635 -0.5951 0.1962, -3.64 -0.5824 0.213, -3.5255 -0.7989 0.256, -3.5465 -0.7 0.1672, -3.5665 -0.6947 0.1735, -3.6267 -0.6555 0.2192, -3.635 -0.6425 0.2344, -3.64 -0.6288 0.2503, -3.5255 -0.8422 0.3066, -3.5465 -0.749 0.2118, -3.5665 -0.7433 0.2178, -3.6267 -0.7013 0.261, -3.635 -0.6874 0.2753, -3.64 -0.6728 0.2904, -3.5255 -0.8823 0.3597, -3.5465 -0.7951 0.2594, -3.5665 -0.789 0.265, -3.6267 -0.7445 0.3055, -3.635 -0.7298 0.319, -3.64 -0.7142 0.3332, -3.5255 -0.9191 0.4152, -3.5465 -0.8383 0.3097, -3.5665 -0.8318 0.3149, -3.6267 -0.7849 0.3527, -3.635 -0.7693 0.3652, -3.64 -0.753 0.3784, -3.5465 -0.8782 0.3626, -3.5665 -0.8714 0.3674, -3.6267 -0.8223 0.4022, -3.635 -0.806 0.4137, -3.64 -0.7888 0.4259, -3.5255 -0.9524 0.4728, -3.5465 -0.9148 0.4178, -3.5665 -0.9078 0.4222, -3.6267 -0.8566 0.4539, -3.635 -0.8396 0.4644, -3.64 -0.8217 0.4755, -3.5255 -0.982 0.5324, -3.5255 -1.008 0.5938, -3.5465 -0.9479 0.4752, -3.6014 -0.9719 0.6077, -3.6267 -0.8876 0.5076, -3.635 -0.87 0.5171, -3.64 -0.8515 0.527, -3.5255 -1.0301 0.6566, -3.5465 -0.9775 0.5346, -3.64 -0.878 0.5803, -3.5255 -1.0484 0.7206, -3.5465 -1.0033 0.5956, -3.6014 -0.9933 0.6683, -3.5849 -1.0067 0.664, -3.64 -0.9012 0.6351, -3.5665 -1.0596 0.853, -3.5849 -1.0384 0.7901, -3.5665 -1.0495 0.7881, -3.5465 -1.0253 0.6581, -3.635 -0.941 0.6849, -3.6267 -0.977 0.7385, -3.64 -0.921 0.6913, -3.5665 -1.0354 0.7238, -3.5465 -1.0435 0.7218, -3.5849 -1.0245 0.7266, -3.6014 -1.0109 0.73, -3.6154 -0.9949 0.734, -3.5465 -1.0576 0.7865, -3.6014 -1.0246 0.7927, -3.6154 -1.0084 0.7957, -3.6267 -0.9903 0.7991, -3.5849 -1.0484 0.8544, -3.6014 -1.0344 0.8562, -3.6154 -1.0181 0.8582, -3.6267 -0.9998 0.8604, -3.635 -0.98 0.8629, -3.5665 -1.0657 0.9185, -3.5849 -1.0544 0.9192, -3.6014 -1.0404 0.9201, -3.6154 -1.0239 0.9211, -3.6267 -1.0055 0.9222, 0.4487 1.1811 1.5298, 0.4602 1.1811 1.5089, 0.453 1.1811 1.5182, 0.4601 1.1811 1.5776, 0.4472 1.1811 1.5437, 0.4485 1.1811 1.5575, 0.4528 1.1811 1.5688, 0.4656 1.1811 1.5817, 0.4718 1.1811 1.5849, 0.465 1.1811 1.5049, 0.4823 1.1811 1.4978, 0.4761 1.1811 1.4994, 0.4783 1.1811 1.5871, 0.4704 1.1811 1.5017, 0.499 1.1811 1.5892, 0.4947 1.1811 1.4966, 0.4919 1.1811 1.5891, 0.485 1.1811 1.5885, 0.4883 1.1811 1.4969, 0.5072 1.1811 1.4967, 0.501 1.1811 1.4966, 0.5059 1.1811 1.5893, 0.5128 1.1811 1.5893, 0.5135 1.1811 1.4967, 0.3836 1.1811 1.5479, 0.3573 1.1811 1.5477, 0.3765 1.1811 1.5672, 0.3504 1.1811 1.5283, 0.3642 1.1811 1.5671, 0.3907 1.1811 1.5286, 0.3704 1.1811 1.5868, 0.6962 1.1811 1.3051, 0.7044 1.1811 1.3124, 0.7012 1.1811 1.308, 0.6897 1.1811 1.304, 0.7055 1.1811 1.318, 0.6963 1.1811 1.3319, 0.7044 1.1811 1.3242, 0.6807 1.1811 1.3057, 0.7014 1.1811 1.3289, 0.6734 1.1811 1.3109, 0.6908 1.1811 1.3334, 0.6705 1.1811 1.3145, 0.6685 1.1811 1.3186, 0.6845 1.1811 1.3343, 0.6786 1.1811 1.3351, 0.6673 1.1811 1.3228, 0.6668 1.1811 1.3275, 0.6668 1.1811 1.3321, 0.6667 1.1811 1.3366, 0.6727 1.1811 1.3359, 0.2996 1.1811 1.3382, 0.3112 1.1811 1.3173, 0.304 1.1811 1.3266, 0.311 1.1811 1.386, 0.2981 1.1811 1.3521, 0.2995 1.1811 1.3659, 0.3038 1.1811 1.3772, 0.3166 1.1811 1.3901, 0.3227 1.1811 1.3933, 0.316 1.1811 1.3133, 0.3332 1.1811 1.3062, 0.3271 1.1811 1.3078, 0.3292 1.1811 1.3955, 0.3214 1.1811 1.3101, 0.3499 1.1811 1.3976, 0.3456 1.1811 1.305, 0.3429 1.1811 1.3975, 0.336 1.1811 1.3969, 0.3392 1.1811 1.3053, 0.3582 1.1811 1.3051, 0.3519 1.1811 1.305, 0.3568 1.1811 1.3977, 0.3638 1.1811 1.3977, 0.3644 1.1811 1.3051, 0.2346 1.1811 1.3563, 0.2082 1.1811 1.3561, 0.2275 1.1811 1.3756, 0.2013 1.1811 1.3367, 0.2151 1.1811 1.3755, 0.2417 1.1811 1.337, 0.2213 1.1811 1.3952, 1.2269 1.1811 1.315, 1.2777 1.1811 1.3527, 1.2316 1.1811 1.3059, 1.2315 1.1811 1.3452, 1.2251 1.1811 1.3253, 1.2268 1.1811 1.336, 1.2478 1.1811 1.3571, 1.2388 1.1811 1.3524, 1.2582 1.1811 1.3588, 1.2388 1.1811 1.2986, 1.2899 1.1811 1.3364, 1.248 1.1811 1.2939, 1.2685 1.1811 1.3572, 1.29 1.1811 1.3151, 1.2853 1.1811 1.3059, 1.2917 1.1811 1.3258, 1.2781 1.1811 1.2987, 1.2587 1.1811 1.2922, 1.269 1.1811 1.294, 1.285 1.1811 1.3456
            ]
        }
        coordIndex [
            0,1,2,-1,3,2,1,-1,1,4,3,-1,5,6,7,-1,6,4,7,-1,8,9,5,-1,5,7,8,-1,9,10,11,-1,10,9,8,-1,12,13,14,-1,13,12,11,-1,15,16,14,-1,12,14,16,-1,15,17,18,-1,18,16,15,-1,13,11,10,-1,18,17,19,-1,6,3,4,-1,20,21,19,-1,17,20,19,-1,2,22,0,-1,23,24,22,-1,0,22,24,-1,23,25,26,-1,26,24,23,-1,27,25,28,-1,25,27,26,-1,29,30,28,-1,27,28,30,-1,29,31,32,-1,32,30,29,-1,33,31,34,-1,31,33,32,-1,35,36,34,-1,33,34,36,-1,35,37,38,-1,38,36,35,-1,39,37,40,-1,37,39,38,-1,39,40,41,-1,42,43,44,-1,45,46,47,-1,42,48,49,-1,50,5,51,-1,18,52,16,-1,53,51,9,-1,54,48,55,-1,52,56,16,-1,12,56,57,-1,58,59,60,-1,61,62,63,-1,64,52,18,-1,65,66,67,-1,68,55,58,-1,69,70,71,-1,72,65,73,-1,74,6,50,-1,70,59,71,-1,75,76,77,-1,77,78,79,-1,80,44,81,-1,21,78,76,-1,80,82,83,-1,3,74,84,-1,85,2,84,-1,86,83,87,-1,88,89,86,-1,22,85,90,-1,89,91,92,-1,5,50,6,-1,93,92,94,-1,95,96,25,-1,97,98,93,-1,23,22,90,-1,98,99,100,-1,101,29,102,-1,103,104,100,-1,29,28,102,-1,104,105,106,-1,34,107,108,-1,45,106,109,-1,109,105,110,-1,47,106,45,-1,111,69,71,-1,112,47,46,-1,46,113,112,-1,40,37,113,-1,112,113,37,-1,37,35,112,-1,31,29,101,-1,35,108,112,-1,106,105,109,-1,114,47,108,-1,114,104,106,-1,110,105,115,-1,115,105,103,-1,112,108,47,-1,35,34,108,-1,116,103,99,-1,47,114,106,-1,117,114,107,-1,115,103,116,-1,104,117,100,-1,105,104,103,-1,108,107,114,-1,34,31,107,-1,116,99,118,-1,114,117,104,-1,117,101,119,-1,103,100,99,-1,100,119,98,-1,118,99,97,-1,117,107,101,-1,31,101,107,-1,98,97,99,-1,117,119,100,-1,25,96,28,-1,120,93,98,-1,118,97,121,-1,121,97,94,-1,119,102,120,-1,102,119,101,-1,94,97,93,-1,119,120,98,-1,122,120,96,-1,122,92,93,-1,123,94,91,-1,94,123,121,-1,120,102,96,-1,28,96,102,-1,92,124,89,-1,120,122,93,-1,124,122,95,-1,91,88,125,-1,123,91,125,-1,94,92,91,-1,96,95,122,-1,25,23,95,-1,89,88,91,-1,122,124,92,-1,126,124,90,-1,126,86,89,-1,127,88,87,-1,88,127,125,-1,124,95,90,-1,23,90,95,-1,86,128,83,-1,124,126,89,-1,128,126,85,-1,87,82,129,-1,127,87,129,-1,88,86,87,-1,90,85,126,-1,22,2,85,-1,81,130,82,-1,126,128,86,-1,131,128,84,-1,129,82,130,-1,83,131,80,-1,87,83,82,-1,85,84,128,-1,2,3,84,-1,81,43,132,-1,128,131,83,-1,133,131,74,-1,133,44,80,-1,130,81,132,-1,82,80,81,-1,84,74,131,-1,3,6,74,-1,81,44,43,-1,131,133,80,-1,50,134,133,-1,44,134,42,-1,132,43,135,-1,135,43,49,-1,74,50,133,-1,51,5,9,-1,43,42,49,-1,133,134,44,-1,51,136,134,-1,42,136,48,-1,135,49,137,-1,137,49,54,-1,50,51,134,-1,53,9,11,-1,138,137,54,-1,134,136,42,-1,139,136,53,-1,49,48,54,-1,48,139,55,-1,138,54,68,-1,51,53,136,-1,12,57,11,-1,68,60,140,-1,136,139,48,-1,141,139,57,-1,141,58,55,-1,138,68,140,-1,54,55,68,-1,139,53,57,-1,11,57,53,-1,142,60,70,-1,139,141,55,-1,143,141,56,-1,143,59,58,-1,140,60,142,-1,68,58,60,-1,57,56,141,-1,12,16,56,-1,60,59,70,-1,141,143,58,-1,144,143,52,-1,59,144,71,-1,142,70,145,-1,145,70,69,-1,56,52,143,-1,64,18,19,-1,69,111,65,-1,143,144,59,-1,64,75,144,-1,75,111,71,-1,145,69,72,-1,72,69,65,-1,52,64,144,-1,21,76,19,-1,77,66,111,-1,144,75,71,-1,77,111,75,-1,63,62,67,-1,65,111,66,-1,73,65,67,-1,64,19,76,-1,75,64,76,-1,66,79,146,-1,78,77,76,-1,67,146,63,-1,79,66,77,-1,67,66,146,-1,73,67,62,-1,147,148,149,-1,150,149,148,-1,148,151,150,-1,152,153,154,-1,153,151,154,-1,155,156,152,-1,152,154,155,-1,156,157,158,-1,157,156,155,-1,159,160,161,-1,160,159,158,-1,162,163,161,-1,159,161,163,-1,162,164,165,-1,165,163,162,-1,160,158,157,-1,165,164,166,-1,153,150,151,-1,167,168,166,-1,164,167,166,-1,149,169,147,-1,170,171,169,-1,147,169,171,-1,170,172,173,-1,173,171,170,-1,174,172,175,-1,172,174,173,-1,176,177,175,-1,174,175,177,-1,176,178,179,-1,179,177,176,-1,180,178,181,-1,178,180,179,-1,182,183,181,-1,180,181,183,-1,182,184,185,-1,185,183,182,-1,186,184,187,-1,184,186,185,-1,186,187,188,-1,189,190,191,-1,192,193,194,-1,189,195,196,-1,197,152,198,-1,198,156,199,-1,195,200,201,-1,202,159,203,-1,165,204,163,-1,205,204,165,-1,206,207,208,-1,209,210,211,-1,200,211,212,-1,203,163,204,-1,213,214,215,-1,215,216,217,-1,218,219,220,-1,209,219,218,-1,221,153,197,-1,222,223,224,-1,225,226,223,-1,227,191,228,-1,168,224,226,-1,227,229,230,-1,150,221,231,-1,232,149,231,-1,233,230,234,-1,235,236,233,-1,169,232,237,-1,236,238,239,-1,152,197,153,-1,240,239,241,-1,242,243,172,-1,244,245,240,-1,170,169,237,-1,245,246,247,-1,248,176,249,-1,250,251,247,-1,176,175,249,-1,251,252,253,-1,181,254,255,-1,192,253,256,-1,256,252,257,-1,194,253,192,-1,258,220,219,-1,259,194,193,-1,193,260,259,-1,187,184,260,-1,259,260,184,-1,184,182,259,-1,178,176,248,-1,182,255,259,-1,253,252,256,-1,261,194,255,-1,261,251,253,-1,257,252,262,-1,262,252,250,-1,259,255,194,-1,182,181,255,-1,263,250,246,-1,194,261,253,-1,264,261,254,-1,262,250,263,-1,251,264,247,-1,252,251,250,-1,255,254,261,-1,181,178,254,-1,263,246,265,-1,261,264,251,-1,264,248,266,-1,250,247,246,-1,247,266,245,-1,265,246,244,-1,264,254,248,-1,178,248,254,-1,245,244,246,-1,264,266,247,-1,172,243,175,-1,267,240,245,-1,265,244,268,-1,268,244,241,-1,266,249,267,-1,249,266,248,-1,241,244,240,-1,266,267,245,-1,269,267,243,-1,269,239,240,-1,270,241,238,-1,241,270,268,-1,267,249,243,-1,175,243,249,-1,239,271,236,-1,267,269,240,-1,271,269,242,-1,238,235,272,-1,270,238,272,-1,241,239,238,-1,243,242,269,-1,172,170,242,-1,236,235,238,-1,269,271,239,-1,273,271,237,-1,273,233,236,-1,274,235,234,-1,235,274,272,-1,271,242,237,-1,170,237,242,-1,233,275,230,-1,271,273,236,-1,275,273,232,-1,234,229,276,-1,274,234,276,-1,235,233,234,-1,237,232,273,-1,169,149,232,-1,228,277,229,-1,273,275,233,-1,278,275,231,-1,276,229,277,-1,230,278,227,-1,234,230,229,-1,232,231,275,-1,149,150,231,-1,228,190,279,-1,275,278,230,-1,280,278,221,-1,280,191,227,-1,277,228,279,-1,229,227,228,-1,231,221,278,-1,150,153,221,-1,228,191,190,-1,278,280,227,-1,197,281,280,-1,191,281,189,-1,279,190,282,-1,282,190,196,-1,221,197,280,-1,198,152,156,-1,190,189,196,-1,280,281,191,-1,198,283,281,-1,189,283,195,-1,282,196,284,-1,284,196,201,-1,197,198,281,-1,199,156,158,-1,285,284,201,-1,281,283,189,-1,286,283,199,-1,196,195,201,-1,195,286,200,-1,285,201,212,-1,198,199,283,-1,159,202,158,-1,212,210,287,-1,283,286,195,-1,288,286,202,-1,288,211,200,-1,285,212,287,-1,201,200,212,-1,286,199,202,-1,158,202,199,-1,289,210,218,-1,286,288,200,-1,290,288,203,-1,290,209,211,-1,287,210,289,-1,212,211,210,-1,202,203,288,-1,159,163,203,-1,210,209,218,-1,288,290,211,-1,291,290,204,-1,209,291,219,-1,289,218,292,-1,292,218,220,-1,203,204,290,-1,205,165,166,-1,220,258,215,-1,290,291,209,-1,205,225,291,-1,225,258,219,-1,292,220,217,-1,217,220,215,-1,204,205,291,-1,168,226,166,-1,223,213,258,-1,291,225,219,-1,223,258,225,-1,207,206,214,-1,215,258,213,-1,216,215,214,-1,205,166,226,-1,225,205,226,-1,213,222,293,-1,224,223,226,-1,214,293,207,-1,222,213,223,-1,214,213,293,-1,216,214,206,-1,294,295,296,-1,297,298,299,-1,294,300,295,-1,301,302,297,-1,300,299,295,-1,299,300,303,-1,301,297,303,-1,304,305,306,-1,303,297,299,-1,307,308,306,-1,309,310,311,-1,312,300,313,-1,307,306,314,-1,315,316,317,-1,314,306,305,-1,318,319,317,-1,320,321,322,-1,305,303,323,-1,317,316,318,-1,324,313,325,-1,326,327,328,-1,329,318,316,-1,330,331,332,-1,333,334,335,-1,336,337,338,-1,339,330,332,-1,313,340,341,-1,342,343,313,-1,313,343,340,-1,324,344,313,-1,313,344,342,-1,345,346,347,-1,332,331,348,-1,349,350,351,-1,351,345,352,-1,339,353,330,-1,351,350,354,-1,355,352,345,-1,351,352,349,-1,325,347,346,-1,347,355,345,-1,356,357,313,-1,325,346,324,-1,358,359,313,-1,313,359,325,-1,360,361,313,-1,313,361,358,-1,313,362,360,-1,313,363,362,-1,364,365,313,-1,313,365,363,-1,366,367,368,-1,366,369,367,-1,313,357,370,-1,313,370,364,-1,371,372,373,-1,313,374,356,-1,375,326,376,-1,377,373,378,-1,313,379,380,-1,374,313,380,-1,381,382,383,-1,384,379,318,-1,313,318,379,-1,385,386,387,-1,388,384,318,-1,386,389,387,-1,318,322,388,-1,390,386,385,-1,391,390,392,-1,393,394,321,-1,393,321,320,-1,395,316,396,-1,322,329,320,-1,394,393,397,-1,322,318,329,-1,316,395,398,-1,316,398,329,-1,316,399,396,-1,400,401,402,-1,399,316,403,-1,404,405,406,-1,400,402,407,-1,408,409,326,-1,410,326,375,-1,411,326,410,-1,411,412,326,-1,413,414,415,-1,416,417,373,-1,418,367,369,-1,419,420,367,-1,421,389,386,-1,422,391,392,-1,382,418,383,-1,418,369,383,-1,373,372,378,-1,423,367,424,-1,381,389,421,-1,392,390,385,-1,391,422,425,-1,421,382,381,-1,426,427,428,-1,423,424,426,-1,426,428,423,-1,429,367,423,-1,430,431,432,-1,429,368,367,-1,433,434,435,-1,418,371,367,-1,373,367,371,-1,432,431,353,-1,339,432,353,-1,431,430,434,-1,420,433,435,-1,435,434,430,-1,436,419,367,-1,419,433,420,-1,367,373,437,-1,437,436,367,-1,438,439,440,-1,441,439,437,-1,437,439,438,-1,441,437,373,-1,441,373,417,-1,442,443,444,-1,326,412,373,-1,416,373,412,-1,376,326,409,-1,445,446,408,-1,445,328,447,-1,448,403,316,-1,449,450,451,-1,406,405,407,-1,452,453,404,-1,452,454,451,-1,455,450,456,-1,328,445,408,-1,454,449,451,-1,408,326,328,-1,456,450,449,-1,450,455,327,-1,326,450,327,-1,453,452,451,-1,405,404,453,-1,401,448,402,-1,402,406,407,-1,448,401,403,-1,316,309,448,-1,309,457,458,-1,448,309,459,-1,460,461,462,-1,463,414,464,-1,465,466,467,-1,468,469,414,-1,470,471,414,-1,472,473,474,-1,475,476,477,-1,478,479,480,-1,481,482,483,-1,484,313,485,-1,323,486,305,-1,314,487,488,-1,461,489,314,-1,487,314,486,-1,488,490,491,-1,488,487,490,-1,305,486,314,-1,492,334,333,-1,312,335,323,-1,465,467,493,-1,465,493,494,-1,465,414,466,-1,495,496,497,-1,414,463,466,-1,414,469,464,-1,498,472,479,-1,473,472,498,-1,414,471,468,-1,333,474,499,-1,333,499,500,-1,414,413,470,-1,492,333,500,-1,334,501,335,-1,414,502,415,-1,472,474,333,-1,496,495,503,-1,337,504,505,-1,497,506,507,-1,481,508,509,-1,510,309,458,-1,461,511,512,-1,513,461,514,-1,465,515,461,-1,461,515,511,-1,488,465,461,-1,516,517,465,-1,465,517,515,-1,518,519,465,-1,465,519,516,-1,494,520,465,-1,465,520,518,-1,521,522,523,-1,524,525,526,-1,473,525,462,-1,473,527,525,-1,528,527,529,-1,527,530,529,-1,473,530,527,-1,530,473,498,-1,531,532,509,-1,525,524,533,-1,461,513,462,-1,525,533,462,-1,462,533,460,-1,309,534,310,-1,314,309,316,-1,535,444,443,-1,536,537,538,-1,539,540,521,-1,541,542,543,-1,544,545,442,-1,546,542,541,-1,547,548,549,-1,548,550,549,-1,540,536,538,-1,551,552,547,-1,552,553,547,-1,547,554,551,-1,539,521,523,-1,555,556,557,-1,558,559,560,-1,547,561,562,-1,563,564,565,-1,509,566,567,-1,568,569,547,-1,570,571,558,-1,572,573,574,-1,569,575,576,-1,508,577,509,-1,578,575,569,-1,573,579,574,-1,580,569,572,-1,581,582,583,-1,578,569,580,-1,574,580,572,-1,503,584,566,-1,585,569,576,-1,586,587,569,-1,586,569,585,-1,560,570,558,-1,568,588,589,-1,497,496,588,-1,590,571,497,-1,577,591,509,-1,566,592,593,-1,594,595,596,-1,597,594,596,-1,458,457,598,-1,599,600,565,-1,522,601,602,-1,603,604,601,-1,522,605,523,-1,521,540,538,-1,606,522,602,-1,522,606,605,-1,564,603,601,-1,601,604,602,-1,607,565,564,-1,563,603,564,-1,600,608,565,-1,565,607,599,-1,609,557,610,-1,611,612,565,-1,611,565,608,-1,613,555,614,-1,615,616,565,-1,617,337,618,-1,323,303,312,-1,472,619,620,-1,498,479,497,-1,335,502,414,-1,335,501,502,-1,472,333,619,-1,414,323,335,-1,313,337,312,-1,300,312,303,-1,482,475,477,-1,479,478,621,-1,479,621,622,-1,479,337,480,-1,337,505,480,-1,623,624,337,-1,337,624,504,-1,313,625,626,-1,313,484,627,-1,337,336,623,-1,313,627,628,-1,337,617,338,-1,629,630,337,-1,337,630,631,-1,337,631,618,-1,313,628,629,-1,337,313,629,-1,313,626,485,-1,632,633,634,-1,341,635,475,-1,636,633,632,-1,591,531,509,-1,497,637,638,-1,497,638,506,-1,639,497,640,-1,497,639,641,-1,497,641,637,-1,642,640,479,-1,497,479,640,-1,643,644,479,-1,479,644,642,-1,622,645,479,-1,479,645,643,-1,482,481,475,-1,646,647,648,-1,626,647,507,-1,626,649,647,-1,475,650,476,-1,651,649,652,-1,475,653,650,-1,649,654,652,-1,626,654,649,-1,633,625,634,-1,654,626,625,-1,475,655,341,-1,495,497,507,-1,457,566,509,-1,656,647,646,-1,647,656,507,-1,507,656,495,-1,509,475,481,-1,657,658,659,-1,475,635,660,-1,661,662,663,-1,660,653,475,-1,664,665,666,-1,567,667,668,-1,655,669,670,-1,663,671,661,-1,633,661,503,-1,658,657,663,-1,503,661,672,-1,673,567,674,-1,675,676,677,-1,496,503,566,-1,675,567,673,-1,663,657,671,-1,678,679,680,-1,681,662,661,-1,682,678,675,-1,661,683,684,-1,681,661,684,-1,678,685,679,-1,678,686,655,-1,687,688,689,-1,690,683,687,-1,691,669,655,-1,692,655,693,-1,687,694,688,-1,695,696,697,-1,695,697,694,-1,698,655,699,-1,690,687,689,-1,687,695,694,-1,683,661,687,-1,633,687,661,-1,636,687,633,-1,341,655,634,-1,341,634,313,-1,625,313,634,-1,655,698,634,-1,655,700,699,-1,655,701,700,-1,655,692,701,-1,655,670,693,-1,691,655,686,-1,680,702,678,-1,678,702,686,-1,685,678,682,-1,675,677,682,-1,675,673,676,-1,667,567,703,-1,567,668,674,-1,704,705,706,-1,596,707,597,-1,705,708,709,-1,496,566,708,-1,710,711,503,-1,503,711,584,-1,503,672,710,-1,712,534,309,-1,712,309,510,-1,713,457,714,-1,664,613,583,-1,582,581,715,-1,664,666,716,-1,598,457,713,-1,457,532,714,-1,703,566,593,-1,566,584,592,-1,703,567,566,-1,509,532,457,-1,311,459,309,-1,613,717,555,-1,544,718,616,-1,719,609,610,-1,720,665,721,-1,722,664,583,-1,665,664,722,-1,706,723,724,-1,705,704,708,-1,725,706,724,-1,726,723,615,-1,583,582,707,-1,597,707,582,-1,723,726,724,-1,615,612,727,-1,615,565,612,-1,581,583,728,-1,729,728,613,-1,583,613,728,-1,555,717,556,-1,613,614,729,-1,610,557,556,-1,730,545,731,-1,732,719,444,-1,610,444,719,-1,546,549,550,-1,442,545,730,-1,444,535,732,-1,546,733,549,-1,731,545,734,-1,616,735,565,-1,736,735,616,-1,718,737,616,-1,736,616,737,-1,726,615,738,-1,727,738,615,-1,704,706,725,-1,708,566,709,-1,566,739,709,-1,566,665,739,-1,665,720,739,-1,665,722,721,-1,740,741,742,-1,743,560,559,-1,569,561,547,-1,554,547,562,-1,569,744,561,-1,744,569,587,-1,589,569,568,-1,590,497,568,-1,558,571,590,-1,497,588,568,-1,547,553,548,-1,460,745,461,-1,546,541,733,-1,746,546,747,-1,747,546,550,-1,741,745,460,-1,544,616,545,-1,314,544,309,-1,444,544,442,-1,718,544,546,-1,746,718,546,-1,444,309,544,-1,489,748,314,-1,314,748,544,-1,461,314,488,-1,514,461,512,-1,741,749,745,-1,741,740,749,-1,571,742,497,-1,497,742,741,-1,750,751,752,-1,750,753,754,-1,750,755,753,-1,751,750,754,-1,756,757,758,-1,758,759,760,-1,759,758,761,-1,761,762,759,-1,763,764,765,-1,313,766,767,-1,768,769,767,-1,766,759,768,-1,770,300,763,-1,758,771,761,-1,772,300,770,-1,771,773,774,-1,300,775,776,-1,777,760,778,-1,300,776,313,-1,760,779,780,-1,780,778,760,-1,761,771,764,-1,757,771,758,-1,764,771,765,-1,781,763,765,-1,773,775,782,-1,763,781,770,-1,300,772,782,-1,300,782,775,-1,771,757,773,-1,773,757,775,-1,779,760,759,-1,776,778,783,-1,766,768,767,-1,784,780,779,-1,759,766,779,-1,778,780,783,-1,313,776,783,-1,785,786,766,-1,313,783,787,-1,766,313,785,-1,313,787,785,-1,759,788,789,-1,759,762,788,-1,788,790,791,-1,788,762,790,-1,789,792,768,-1,789,768,759,-1,769,768,793,-1,793,794,769,-1,793,768,792,-1,794,793,795,-1,794,767,769,-1,796,797,798,-1,790,798,797,-1,767,794,799,-1,761,798,790,-1,762,761,790,-1,799,794,797,-1,794,790,797,-1,800,754,801,-1,801,802,800,-1,753,803,804,-1,753,801,754,-1,805,803,753,-1,801,753,804,-1,752,806,807,-1,806,752,751,-1,789,788,808,-1,789,806,792,-1,792,809,793,-1,809,792,806,-1,807,806,789,-1,808,807,789,-1,810,811,812,-1,813,811,814,-1,815,816,817,-1,813,818,819,-1,820,821,816,-1,822,823,819,-1,824,820,825,-1,826,823,827,-1,825,828,829,-1,826,830,831,-1,832,833,828,-1,834,835,831,-1,836,832,837,-1,838,835,839,-1,837,840,841,-1,838,842,843,-1,844,845,840,-1,846,847,843,-1,848,844,849,-1,850,847,851,-1,849,852,853,-1,854,855,856,-1,856,850,854,-1,857,858,855,-1,856,855,858,-1,859,857,860,-1,857,859,858,-1,860,861,862,-1,862,859,860,-1,863,864,861,-1,862,861,864,-1,865,863,866,-1,863,865,864,-1,866,867,868,-1,868,865,866,-1,869,870,867,-1,868,867,870,-1,871,869,872,-1,869,871,870,-1,872,873,874,-1,875,874,873,-1,876,873,877,-1,873,876,875,-1,877,878,879,-1,879,876,877,-1,880,881,878,-1,879,878,881,-1,882,880,883,-1,880,882,881,-1,883,884,885,-1,885,882,883,-1,886,887,884,-1,885,884,887,-1,888,886,889,-1,886,888,887,-1,889,890,891,-1,891,888,889,-1,892,893,890,-1,891,890,893,-1,894,892,895,-1,892,894,893,-1,895,896,897,-1,897,894,895,-1,898,899,896,-1,897,896,899,-1,802,898,800,-1,898,802,899,-1,900,815,901,-1,902,903,900,-1,904,812,905,-1,906,903,907,-1,905,908,909,-1,906,910,911,-1,912,913,908,-1,914,915,911,-1,916,912,917,-1,918,915,919,-1,917,920,921,-1,918,922,923,-1,924,925,920,-1,926,927,923,-1,928,924,929,-1,930,927,931,-1,929,932,933,-1,930,934,935,-1,936,937,932,-1,938,939,935,-1,940,936,941,-1,942,939,943,-1,941,944,945,-1,942,946,947,-1,948,949,944,-1,950,951,947,-1,952,948,953,-1,954,951,955,-1,953,956,957,-1,954,958,959,-1,960,961,956,-1,962,963,959,-1,964,960,965,-1,966,963,967,-1,965,968,969,-1,966,970,971,-1,972,973,968,-1,974,975,971,-1,976,972,977,-1,978,977,979,-1,978,976,977,-1,980,981,982,-1,978,982,981,-1,983,980,984,-1,980,983,981,-1,984,985,986,-1,986,983,984,-1,987,988,985,-1,986,985,988,-1,989,987,990,-1,987,989,988,-1,990,991,992,-1,992,989,990,-1,993,994,991,-1,992,991,994,-1,995,993,996,-1,993,995,994,-1,996,997,998,-1,998,995,996,-1,999,1000,997,-1,998,997,1000,-1,1001,999,1002,-1,999,1001,1000,-1,1002,1003,1004,-1,1004,1001,1002,-1,1004,1003,1005,-1,1003,1006,1005,-1,979,982,978,-1,973,972,976,-1,969,968,973,-1,964,965,969,-1,961,960,964,-1,957,956,961,-1,952,953,957,-1,949,948,952,-1,945,944,949,-1,940,941,945,-1,937,936,940,-1,933,932,937,-1,928,929,933,-1,925,924,928,-1,921,920,925,-1,916,917,921,-1,913,912,916,-1,909,908,913,-1,904,905,909,-1,810,812,904,-1,814,811,810,-1,818,813,814,-1,822,819,818,-1,827,823,822,-1,830,826,827,-1,834,831,830,-1,839,835,834,-1,842,838,839,-1,846,843,842,-1,851,847,846,-1,854,850,851,-1,1007,852,1008,-1,1009,1008,1010,-1,1011,1010,1012,-1,1013,1012,1014,-1,1015,1014,1016,-1,1017,1016,1018,-1,1019,1018,1020,-1,1021,1020,1022,-1,1023,1022,1024,-1,871,872,874,-1,1023,1024,875,-1,875,1024,874,-1,1021,1022,1023,-1,1019,1020,1021,-1,1017,1018,1019,-1,1015,1016,1017,-1,1013,1014,1015,-1,1011,1012,1013,-1,1009,1010,1011,-1,1007,1008,1009,-1,853,852,1007,-1,848,849,853,-1,845,844,848,-1,841,840,845,-1,836,837,841,-1,833,832,836,-1,829,828,833,-1,824,825,829,-1,821,820,824,-1,817,816,821,-1,901,815,817,-1,902,900,901,-1,907,903,902,-1,910,906,907,-1,914,911,910,-1,919,915,914,-1,922,918,919,-1,926,923,922,-1,931,927,926,-1,934,930,931,-1,938,935,934,-1,943,939,938,-1,946,942,943,-1,950,947,946,-1,955,951,950,-1,958,954,955,-1,962,959,958,-1,967,963,962,-1,970,966,967,-1,974,971,970,-1,1025,975,974,-1,982,979,1025,-1,975,1025,979,-1,1026,1027,1028,-1,785,1026,786,-1,1027,1029,1030,-1,1031,1027,1030,-1,1032,1030,1029,-1,1029,1026,785,-1,1027,1026,1029,-1,1032,1029,1033,-1,972,968,1034,-1,972,1034,977,-1,850,786,847,-1,838,843,786,-1,786,811,813,-1,1034,965,960,-1,968,965,1034,-1,811,1026,812,-1,1026,1034,956,-1,960,956,1034,-1,948,1026,953,-1,1026,956,953,-1,941,1026,944,-1,1026,948,944,-1,932,1026,936,-1,1026,941,936,-1,924,1026,929,-1,1026,932,929,-1,917,1026,920,-1,1026,924,920,-1,908,1026,912,-1,1026,917,912,-1,1026,905,812,-1,1026,908,905,-1,1026,811,786,-1,823,786,819,-1,786,813,819,-1,831,786,826,-1,786,823,826,-1,838,786,835,-1,786,831,835,-1,786,843,847,-1,786,856,858,-1,850,856,786,-1,786,859,862,-1,858,859,786,-1,864,865,766,-1,864,766,862,-1,868,870,766,-1,868,766,865,-1,871,874,766,-1,871,766,870,-1,862,766,786,-1,766,1024,779,-1,1024,766,874,-1,1035,963,966,-1,820,816,784,-1,1035,971,975,-1,1035,975,979,-1,900,903,1036,-1,971,1035,966,-1,1036,959,1035,-1,963,1035,959,-1,951,954,1036,-1,1036,954,959,-1,942,947,1036,-1,1036,947,951,-1,935,939,1036,-1,1036,939,942,-1,927,930,1036,-1,1036,930,935,-1,918,923,1036,-1,1036,923,927,-1,911,915,1036,-1,1036,915,918,-1,1036,903,906,-1,1036,906,911,-1,815,900,784,-1,1036,784,900,-1,852,849,784,-1,784,816,815,-1,828,825,784,-1,784,825,820,-1,837,832,784,-1,784,832,828,-1,844,840,784,-1,784,840,837,-1,784,849,844,-1,784,1010,1008,-1,852,784,1008,-1,779,1012,784,-1,1010,784,1012,-1,1016,1014,779,-1,779,1014,1012,-1,1020,1018,779,-1,779,1018,1016,-1,1024,1022,779,-1,779,1022,1020,-1,784,1037,780,-1,784,1036,1037,-1,780,1038,783,-1,1038,780,1037,-1,1038,1039,1040,-1,1041,1042,1043,-1,1038,1040,783,-1,783,1040,1042,-1,1042,1041,787,-1,783,1042,787,-1,787,1029,785,-1,1029,787,1041,-1,795,1044,1045,-1,788,1046,808,-1,1047,1046,791,-1,795,809,1044,-1,1048,805,1046,-1,1046,805,1049,-1,788,791,1046,-1,1047,1048,1046,-1,1050,1048,1047,-1,1051,791,1045,-1,1047,791,1051,-1,1052,1045,1044,-1,791,795,1045,-1,809,795,793,-1,1053,1054,1055,-1,1056,1057,1058,-1,1059,1060,1061,-1,1062,1063,1064,-1,1065,1066,1067,-1,1068,1069,1070,-1,1071,1072,1073,-1,1074,1075,1076,-1,1077,1078,1079,-1,1080,1081,1082,-1,1083,1084,1085,-1,1086,1087,1088,-1,1089,1090,1091,-1,1092,1093,1094,-1,1095,1096,1097,-1,1098,1099,1100,-1,1101,1102,1103,-1,1104,1105,1106,-1,1107,1108,1109,-1,1110,1111,1112,-1,1113,1114,1115,-1,1116,1117,1118,-1,1119,1120,1121,-1,1121,1122,1119,-1,1123,1124,1120,-1,1121,1120,1124,-1,1125,1123,1126,-1,1123,1125,1124,-1,1126,1127,1128,-1,1128,1125,1126,-1,1129,1130,1127,-1,1128,1127,1130,-1,1131,1129,1132,-1,1129,1131,1130,-1,1132,1133,1134,-1,1134,1131,1132,-1,1135,1136,1133,-1,1134,1133,1136,-1,1137,1135,1138,-1,1135,1137,1136,-1,1138,1139,1140,-1,1140,1137,1138,-1,1141,1142,1139,-1,1140,1139,1142,-1,1141,1143,1142,-1,1122,1115,1114,-1,1114,1119,1122,-1,1113,1115,1118,-1,1117,1116,1107,-1,1113,1118,1117,-1,1108,1111,1109,-1,1116,1108,1107,-1,1112,1103,1110,-1,1111,1110,1109,-1,1104,1102,1101,-1,1101,1103,1112,-1,1096,1106,1105,-1,1106,1102,1104,-1,1095,1097,1100,-1,1096,1105,1097,-1,1099,1098,1089,-1,1095,1100,1099,-1,1090,1093,1091,-1,1098,1090,1089,-1,1094,1085,1092,-1,1093,1092,1091,-1,1086,1084,1083,-1,1083,1085,1094,-1,1078,1088,1087,-1,1088,1084,1086,-1,1077,1079,1082,-1,1078,1087,1079,-1,1081,1080,1071,-1,1077,1082,1081,-1,1072,1075,1073,-1,1080,1072,1071,-1,1076,1067,1074,-1,1075,1074,1073,-1,1068,1066,1065,-1,1065,1067,1076,-1,1060,1070,1069,-1,1070,1066,1068,-1,1059,1061,1062,-1,1060,1069,1061,-1,1064,1063,1055,-1,1059,1062,1064,-1,1053,1058,1054,-1,1063,1053,1055,-1,1056,1144,1057,-1,1058,1057,1054,-1,1145,1146,1080,-1,1116,1147,1148,-1,1108,1116,1149,-1,1147,1118,1150,-1,1151,1108,1149,-1,1115,1152,1150,-1,1151,1153,1111,-1,1154,1152,1122,-1,1112,1153,1155,-1,1121,1156,1154,-1,1101,1155,1157,-1,1124,1125,1158,-1,1104,1157,1159,-1,1160,1161,1128,-1,1162,1105,1159,-1,1163,1130,1164,-1,1165,1097,1162,-1,1134,1166,1131,-1,1167,1100,1097,-1,1134,1136,1168,-1,1169,1098,1100,-1,1170,1171,1137,-1,1172,1098,1169,-1,1140,1142,1173,-1,1172,1174,1090,-1,1175,1176,1094,-1,1093,1174,1175,-1,1079,1087,1177,-1,1178,1179,1180,-1,1158,1156,1124,-1,1181,1182,1183,-1,1184,1185,1186,-1,1187,1188,1076,-1,1189,1190,1191,-1,1069,1068,1192,-1,1193,1194,1195,-1,1196,1197,1062,-1,1198,1058,1199,-1,1200,1201,1202,-1,1203,1204,1205,-1,1206,1207,1208,-1,1209,1210,1211,-1,1212,1213,1214,-1,1215,1216,1217,-1,1218,1219,1220,-1,1221,1222,1223,-1,1224,1225,1226,-1,1227,1228,1229,-1,1230,1231,1232,-1,1233,1234,1235,-1,1233,1236,1237,-1,1232,1237,1236,-1,1238,1225,1239,-1,1230,1240,1239,-1,1241,1242,1228,-1,1234,1242,1243,-1,1244,1245,1219,-1,1244,1224,1246,-1,1247,1222,1248,-1,1249,1229,1248,-1,1250,1213,1251,-1,1220,1250,1218,-1,1252,1253,1217,-1,1252,1221,1253,-1,1254,1212,1255,-1,1256,1215,1257,-1,1254,1258,1208,-1,1259,1207,1260,-1,1257,1209,1261,-1,1262,1263,1210,-1,1202,1259,1264,-1,1200,1056,1201,-1,1203,1262,1265,-1,1205,1204,1266,-1,1267,1056,1198,-1,1053,1268,1199,-1,1269,1266,1194,-1,1195,1270,1271,-1,1063,1197,1268,-1,1061,1272,1196,-1,1191,1273,1270,-1,1274,1189,1275,-1,1192,1272,1069,-1,1276,1277,1068,-1,1275,1278,1186,-1,1184,1279,1185,-1,1188,1276,1065,-1,1280,1187,1075,-1,1279,1281,1282,-1,1283,1284,1182,-1,1280,1072,1146,-1,1082,1285,1145,-1,1183,1182,1284,-1,1183,1179,1181,-1,1285,1079,1177,-1,1286,1087,1287,-1,1178,1181,1179,-1,1176,1288,1083,-1,1086,1288,1287,-1,1143,1289,1290,-1,1180,1143,1178,-1,1143,1180,1289,-1,1281,1283,1282,-1,1284,1283,1281,-1,1279,1282,1185,-1,1184,1186,1278,-1,1275,1186,1274,-1,1189,1274,1190,-1,1191,1190,1273,-1,1270,1273,1271,-1,1195,1271,1193,-1,1194,1193,1269,-1,1266,1269,1205,-1,1204,1203,1265,-1,1262,1203,1263,-1,1210,1263,1211,-1,1209,1211,1261,-1,1257,1261,1256,-1,1215,1256,1216,-1,1217,1216,1252,-1,1253,1221,1223,-1,1223,1222,1247,-1,1248,1222,1249,-1,1229,1249,1227,-1,1228,1227,1241,-1,1242,1241,1243,-1,1234,1243,1235,-1,1233,1235,1236,-1,1237,1232,1231,-1,1230,1232,1240,-1,1239,1240,1238,-1,1225,1238,1226,-1,1224,1226,1246,-1,1244,1246,1245,-1,1219,1245,1220,-1,1218,1250,1251,-1,1213,1250,1214,-1,1212,1214,1255,-1,1254,1255,1258,-1,1208,1258,1206,-1,1207,1206,1260,-1,1259,1260,1264,-1,1202,1264,1200,-1,1201,1056,1267,-1,1198,1056,1058,-1,1199,1058,1053,-1,1268,1053,1063,-1,1197,1063,1062,-1,1196,1062,1061,-1,1272,1061,1069,-1,1192,1068,1277,-1,1276,1068,1065,-1,1188,1065,1076,-1,1187,1076,1075,-1,1280,1075,1072,-1,1146,1072,1080,-1,1145,1080,1082,-1,1285,1082,1079,-1,1177,1087,1286,-1,1287,1087,1086,-1,1288,1086,1083,-1,1176,1083,1094,-1,1175,1094,1093,-1,1174,1093,1090,-1,1172,1090,1098,-1,1169,1100,1167,-1,1167,1097,1165,-1,1162,1097,1105,-1,1159,1105,1104,-1,1157,1104,1101,-1,1155,1101,1112,-1,1153,1112,1111,-1,1151,1111,1108,-1,1149,1116,1148,-1,1147,1116,1118,-1,1150,1118,1115,-1,1152,1115,1122,-1,1154,1122,1121,-1,1156,1121,1124,-1,1158,1125,1161,-1,1163,1160,1128,-1,1161,1125,1128,-1,1131,1164,1130,-1,1130,1163,1128,-1,1134,1168,1166,-1,1131,1166,1164,-1,1136,1171,1168,-1,1137,1140,1170,-1,1136,1137,1171,-1,1173,1142,1290,-1,1170,1140,1173,-1,1143,1290,1142,-1,1291,1292,1293,-1,1294,1295,1296,-1,1297,1298,1299,-1,1300,1301,1302,-1,1303,1304,1305,-1,1306,1307,1308,-1,1309,1310,1311,-1,1312,1313,1314,-1,1315,1316,1317,-1,1318,1319,1320,-1,1321,1322,1323,-1,1324,1325,1326,-1,1327,1328,1329,-1,763,1330,1331,-1,1332,1333,1334,-1,1335,1336,1337,-1,1338,1339,1340,-1,1341,1342,1343,-1,1344,1345,1346,-1,1347,1348,1349,-1,1350,1351,764,-1,1352,1353,1354,-1,1355,1356,1357,-1,1358,1359,1360,-1,1361,1362,1363,-1,1364,1365,1366,-1,1367,1368,1369,-1,1361,1369,1368,-1,1367,1370,1371,-1,1371,1368,1367,-1,1372,1370,1373,-1,1370,1372,1371,-1,1374,1375,1373,-1,1372,1373,1375,-1,1374,1376,1377,-1,1377,1375,1374,-1,1378,1376,1379,-1,1376,1378,1377,-1,1380,1381,1379,-1,1378,1379,1381,-1,1380,1382,1383,-1,1383,1381,1380,-1,1384,1382,1385,-1,1382,1384,1383,-1,1386,1387,1385,-1,1384,1385,1387,-1,1386,1388,1389,-1,1389,1387,1386,-1,1390,1388,1391,-1,1388,1390,1389,-1,1361,1363,1369,-1,1390,1391,1392,-1,1354,1344,1352,-1,1363,1362,1366,-1,1366,1362,1364,-1,1355,1365,1356,-1,1365,1364,1356,-1,1357,1359,1358,-1,1358,1355,1357,-1,764,1360,1359,-1,1354,1353,1350,-1,1353,1351,1350,-1,764,1351,1360,-1,1328,1331,1329,-1,1352,1344,1346,-1,1347,1349,1345,-1,1346,1345,1349,-1,1340,1342,1341,-1,1348,1347,1339,-1,1338,1340,1341,-1,1338,1348,1339,-1,1343,1342,1334,-1,1334,1333,1343,-1,1336,1332,1337,-1,1332,1336,1333,-1,1337,1327,1335,-1,1335,1327,1329,-1,763,1331,1328,-1,1330,763,1322,-1,1321,1323,1324,-1,1321,1330,1322,-1,1326,1325,1317,-1,1324,1323,1325,-1,1319,1316,1315,-1,1317,1316,1326,-1,1393,1294,1296,-1,1320,1309,1318,-1,1315,1320,1319,-1,1318,1309,1311,-1,1312,1314,1310,-1,1311,1310,1314,-1,1313,1312,1304,-1,1303,1305,1306,-1,1303,1313,1304,-1,1299,1308,1307,-1,1307,1306,1305,-1,1299,1298,1308,-1,1300,1297,1301,-1,1297,1300,1298,-1,1301,1292,1302,-1,1293,1296,1295,-1,1293,1295,1291,-1,1302,1292,1291,-1,1381,1383,761,-1,761,764,1359,-1,1394,798,1395,-1,761,1357,1356,-1,1359,1357,761,-1,761,1364,1362,-1,1356,1364,761,-1,761,1361,1368,-1,1362,1361,761,-1,761,1371,1372,-1,1368,1371,761,-1,761,1375,1377,-1,1372,1375,761,-1,1378,1381,761,-1,1377,1378,761,-1,1384,1387,761,-1,1384,761,1383,-1,1392,761,1390,-1,1389,761,1387,-1,1389,1390,761,-1,798,761,1392,-1,798,1396,1397,-1,1392,1396,798,-1,798,1398,1399,-1,1397,1398,798,-1,798,1400,1401,-1,1399,1400,798,-1,1402,1403,798,-1,1401,1402,798,-1,1404,1405,798,-1,1404,798,1394,-1,1406,1407,798,-1,1406,798,1405,-1,1408,1409,798,-1,1408,798,1407,-1,1410,1411,798,-1,1410,798,1409,-1,1412,798,1411,-1,1403,1395,798,-1,1342,1347,1334,-1,1327,1337,1354,-1,764,1328,1350,-1,1340,1339,1342,-1,1345,1344,1332,-1,1347,1345,1334,-1,1339,1347,1342,-1,1345,1332,1334,-1,1344,1354,1337,-1,1344,1337,1332,-1,1350,1328,1327,-1,1350,1327,1354,-1,1328,764,763,-1,1413,294,1414,-1,294,1415,1393,-1,1416,294,1417,-1,294,1413,1417,-1,1418,294,1419,-1,294,1416,1419,-1,1420,294,1421,-1,294,1418,1421,-1,1422,294,1423,-1,294,1420,1423,-1,1424,294,1425,-1,294,1422,1425,-1,1426,294,1427,-1,294,1424,1427,-1,1428,294,1429,-1,294,1426,1429,-1,1430,294,1431,-1,294,1428,1431,-1,294,1430,1415,-1,300,294,1393,-1,1293,300,1296,-1,300,1393,1296,-1,1301,300,1292,-1,300,1293,1292,-1,1299,300,1297,-1,300,1301,1297,-1,1305,300,1307,-1,300,1299,1307,-1,1312,300,1304,-1,300,1305,1304,-1,1309,300,1310,-1,300,1312,1310,-1,1315,300,1320,-1,300,1309,1320,-1,1325,300,1317,-1,300,1315,1317,-1,1322,300,1323,-1,300,1325,1323,-1,763,300,1322,-1,1432,1433,1434,-1,778,1432,777,-1,1433,1435,1436,-1,1437,1433,1436,-1,1438,1436,1435,-1,1435,1432,778,-1,1433,1432,1435,-1,1438,1435,1439,-1,776,1435,778,-1,1435,776,1440,-1,1441,1442,1443,-1,1440,1444,1445,-1,1441,1443,775,-1,775,1443,1444,-1,1444,776,775,-1,1444,1440,776,-1,775,1446,1441,-1,775,757,1446,-1,756,1446,757,-1,756,1447,1446,-1,1448,1449,1450,-1,1448,1451,1452,-1,1448,1452,1453,-1,1447,1454,1455,-1,1451,1448,1450,-1,1456,1449,1447,-1,1448,1447,1449,-1,1457,1458,1447,-1,1447,1458,1456,-1,1459,1460,1447,-1,1447,1460,1457,-1,1461,1462,1447,-1,1447,1462,1459,-1,1463,1464,1447,-1,1447,1464,1461,-1,1465,1466,1447,-1,1447,1466,1463,-1,1467,1468,1447,-1,1447,1468,1465,-1,1469,1470,1447,-1,1447,1470,1467,-1,1447,1455,1469,-1,756,1454,1447,-1,1471,1472,756,-1,756,1472,1454,-1,1473,1474,756,-1,756,1474,1471,-1,1475,1476,756,-1,1477,1478,756,-1,756,1478,1473,-1,1479,1480,756,-1,756,1480,1477,-1,1481,1482,756,-1,756,1482,1479,-1,756,1476,1483,-1,756,1483,1481,-1,756,1484,1485,-1,1475,756,1485,-1,1486,1484,758,-1,756,758,1484,-1,1487,1488,758,-1,758,1488,1486,-1,1489,1490,758,-1,758,1490,1487,-1,1491,1489,758,-1,760,1491,758,-1,1491,760,1492,-1,1493,1494,1495,-1,1493,1495,1496,-1,1497,777,1498,-1,1499,1500,777,-1,1501,1502,777,-1,1495,1503,1504,-1,1494,1503,1495,-1,1505,1432,1504,-1,1495,1504,1432,-1,1506,1432,1507,-1,1432,1505,1507,-1,1508,1509,1432,-1,1510,1432,1511,-1,1432,1506,1511,-1,1512,1432,1513,-1,1432,1510,1513,-1,1514,1432,1515,-1,1432,1512,1515,-1,1516,1432,1517,-1,1432,1514,1517,-1,1518,1432,1519,-1,1432,1516,1519,-1,1520,1432,1521,-1,1432,1518,1521,-1,1432,1520,1508,-1,1432,1509,777,-1,777,1509,1501,-1,1522,777,1523,-1,777,1502,1523,-1,1524,777,1525,-1,777,1522,1525,-1,1499,777,1526,-1,777,1524,1526,-1,777,1500,1498,-1,777,1527,1528,-1,1497,1527,777,-1,777,1529,1530,-1,1528,1529,777,-1,1531,1532,760,-1,1531,760,1530,-1,1533,1534,760,-1,1533,760,1532,-1,1535,1492,760,-1,1535,760,1534,-1,1530,760,777,-1,1536,1537,1538,-1,773,1536,774,-1,1537,1539,1540,-1,1541,1537,1540,-1,1542,1540,1539,-1,1539,1536,773,-1,1537,1536,1539,-1,1542,1539,1543,-1,782,1539,773,-1,1539,782,1544,-1,1545,1546,1547,-1,1544,1548,1549,-1,1545,1547,772,-1,772,1547,1548,-1,1548,782,772,-1,1548,1544,782,-1,772,1550,1545,-1,772,770,1550,-1,781,1550,770,-1,781,1551,1550,-1,1552,1553,1554,-1,1552,1555,1556,-1,1552,1556,1557,-1,1551,1558,1559,-1,1555,1552,1554,-1,1560,1553,1551,-1,1552,1551,1553,-1,1561,1562,1551,-1,1551,1562,1560,-1,1563,1564,1551,-1,1551,1564,1561,-1,1565,1566,1551,-1,1551,1566,1563,-1,1567,1568,1551,-1,1551,1568,1565,-1,1569,1570,1551,-1,1551,1570,1567,-1,1571,1572,1551,-1,1551,1572,1569,-1,1573,1574,1551,-1,1551,1574,1571,-1,1551,1559,1573,-1,781,1558,1551,-1,1575,1576,781,-1,781,1576,1558,-1,1577,1578,781,-1,781,1578,1575,-1,1579,1580,781,-1,1581,1582,781,-1,781,1582,1577,-1,1583,1584,781,-1,781,1584,1581,-1,1585,1586,781,-1,781,1586,1583,-1,781,1580,1587,-1,781,1587,1585,-1,781,1588,1589,-1,1579,781,1589,-1,1590,1588,765,-1,781,765,1588,-1,1591,1592,765,-1,765,1592,1590,-1,1593,1594,765,-1,765,1594,1591,-1,1595,1593,765,-1,771,1595,765,-1,1595,771,1596,-1,1597,1598,1599,-1,1597,1599,1600,-1,1601,774,1602,-1,1603,1604,774,-1,1605,1606,774,-1,1599,1607,1608,-1,1598,1607,1599,-1,1609,1536,1608,-1,1599,1608,1536,-1,1610,1536,1611,-1,1536,1609,1611,-1,1612,1613,1536,-1,1614,1536,1615,-1,1536,1610,1615,-1,1616,1536,1617,-1,1536,1614,1617,-1,1618,1536,1619,-1,1536,1616,1619,-1,1620,1536,1621,-1,1536,1618,1621,-1,1622,1536,1623,-1,1536,1620,1623,-1,1624,1536,1625,-1,1536,1622,1625,-1,1536,1624,1612,-1,1536,1613,774,-1,774,1613,1605,-1,1626,774,1627,-1,774,1606,1627,-1,1628,774,1629,-1,774,1626,1629,-1,1603,774,1630,-1,774,1628,1630,-1,774,1604,1602,-1,774,1631,1632,-1,1601,1631,774,-1,774,1633,1634,-1,1632,1633,774,-1,1635,1636,771,-1,1635,771,1634,-1,1637,1638,771,-1,1637,771,1636,-1,1639,1596,771,-1,1639,771,1638,-1,1634,771,774,-1,848,1640,845,-1,1641,881,1642,-1,1002,1643,1003,-1,1644,1645,875,-1,999,1646,1647,-1,1648,1019,1649,-1,1650,1651,993,-1,1652,1653,1013,-1,1654,990,987,-1,1655,1007,1656,-1,1657,984,1658,-1,967,1659,1660,-1,1025,1661,1662,-1,955,1663,1664,-1,1665,1666,836,-1,1667,943,1668,-1,1669,824,1670,-1,1671,1672,931,-1,1673,1674,901,-1,1675,1676,922,-1,1677,1678,910,-1,1679,914,1678,-1,1679,1675,919,-1,922,1676,926,-1,1680,1677,907,-1,1681,931,926,-1,1672,1682,934,-1,1680,902,1674,-1,1673,817,1683,-1,1668,938,1682,-1,1667,1684,946,-1,1683,821,1669,-1,829,1685,1670,-1,950,1684,1663,-1,1666,1685,833,-1,1686,1659,962,-1,1664,1686,958,-1,1687,841,845,-1,841,1688,1665,-1,974,1689,1661,-1,1660,1689,970,-1,853,1007,1655,-1,853,1690,848,-1,1658,980,1691,-1,982,1662,1691,-1,1653,1692,1011,-1,1656,1009,1692,-1,985,984,1657,-1,1652,1015,1693,-1,1694,987,985,-1,991,990,1695,-1,1017,1648,1693,-1,1696,1649,1021,-1,1697,1650,991,-1,1698,996,1651,-1,1696,1023,1645,-1,1699,1644,876,-1,997,1698,1646,-1,1002,999,1647,-1,879,1641,1699,-1,1642,882,1700,-1,1647,1643,1002,-1,1701,1003,1643,-1,1702,1700,885,-1,1703,1006,1701,-1,888,1704,887,-1,1705,888,891,-1,1706,1707,893,-1,1707,891,893,-1,1708,1706,894,-1,1003,1701,1006,-1,1702,887,1709,-1,1708,897,1710,-1,997,1646,999,-1,996,1698,997,-1,993,1651,996,-1,991,1650,993,-1,991,1695,1697,-1,990,1654,1695,-1,987,1694,1654,-1,985,1657,1694,-1,980,1658,984,-1,982,1691,980,-1,1025,1662,982,-1,974,1661,1025,-1,970,1689,974,-1,967,1660,970,-1,962,1659,967,-1,958,1686,962,-1,955,1664,958,-1,950,1663,955,-1,946,1684,950,-1,943,1667,946,-1,938,1668,943,-1,934,1682,938,-1,931,1672,934,-1,931,1681,1671,-1,926,1676,1681,-1,919,1675,922,-1,914,1679,919,-1,910,1678,914,-1,907,1677,910,-1,902,1680,907,-1,901,1674,902,-1,817,1673,901,-1,821,1683,817,-1,824,1669,821,-1,829,1670,824,-1,833,1685,829,-1,836,1666,833,-1,841,1665,836,-1,841,1687,1688,-1,845,1640,1687,-1,848,1690,1640,-1,853,1655,1690,-1,1009,1656,1007,-1,1011,1692,1009,-1,1013,1653,1011,-1,1015,1652,1013,-1,1017,1693,1015,-1,1019,1648,1017,-1,1021,1649,1019,-1,1023,1696,1021,-1,875,1645,1023,-1,876,1644,875,-1,879,1699,876,-1,881,1641,879,-1,882,1642,881,-1,885,1700,882,-1,887,1702,885,-1,887,1704,1709,-1,888,1705,1704,-1,891,1707,1705,-1,894,1706,893,-1,897,1708,894,-1,1710,899,1711,-1,899,1710,897,-1,899,802,1711,-1,1711,802,801,-1,1127,804,1129,-1,1127,1711,801,-1,804,1712,1129,-1,1706,1708,1120,-1,1710,1126,1123,-1,1113,1117,1704,-1,1119,1114,1707,-1,1700,1109,1110,-1,1702,1709,1107,-1,1106,1096,1699,-1,1102,1642,1103,-1,1489,1491,1596,-1,1644,1096,1095,-1,1596,1491,1645,-1,1645,1644,1095,-1,1535,1649,1696,-1,1645,1492,1696,-1,1533,1532,1693,-1,1648,1534,1533,-1,1653,1530,1692,-1,1652,1532,1531,-1,1656,1528,1655,-1,1656,1692,1529,-1,1640,1497,1498,-1,1497,1690,1527,-1,1688,1500,1499,-1,1500,1687,1498,-1,1685,1666,1524,-1,1526,1666,1665,-1,1669,1670,1522,-1,1525,1670,1685,-1,1669,1523,1683,-1,1523,1669,1522,-1,1502,1673,1683,-1,1683,1523,1502,-1,1674,1673,1501,-1,1502,1501,1673,-1,1509,1674,1501,-1,1670,1525,1522,-1,1478,1629,1473,-1,1632,1475,1633,-1,1525,1685,1524,-1,1524,1666,1526,-1,1526,1665,1499,-1,1635,1484,1486,-1,1688,1687,1500,-1,1665,1688,1499,-1,1687,1640,1498,-1,1640,1690,1497,-1,1690,1655,1527,-1,1656,1529,1528,-1,1655,1528,1527,-1,1692,1530,1529,-1,1653,1531,1530,-1,1693,1532,1652,-1,1652,1531,1653,-1,1648,1533,1693,-1,1649,1534,1648,-1,1492,1535,1696,-1,1535,1534,1649,-1,1491,1492,1645,-1,1645,1095,1595,-1,1645,1595,1596,-1,1595,1095,1099,-1,1486,1488,1636,-1,1633,1485,1634,-1,1481,1483,1601,-1,1631,1483,1476,-1,1603,1479,1604,-1,1602,1604,1482,-1,1628,1478,1477,-1,1480,1630,1477,-1,1628,1629,1478,-1,1474,1473,1626,-1,1626,1473,1629,-1,1474,1627,1471,-1,1627,1474,1626,-1,1606,1472,1471,-1,1471,1627,1606,-1,1454,1472,1605,-1,1606,1605,1472,-1,1613,1454,1605,-1,1628,1477,1630,-1,1583,1067,1066,-1,1480,1603,1630,-1,1482,1604,1479,-1,1479,1603,1480,-1,1481,1602,1482,-1,1631,1601,1483,-1,1601,1602,1481,-1,1632,1631,1476,-1,1633,1475,1485,-1,1632,1476,1475,-1,1634,1485,1484,-1,1635,1486,1636,-1,1634,1484,1635,-1,1636,1488,1637,-1,1638,1637,1487,-1,1488,1487,1637,-1,1638,1490,1639,-1,1490,1638,1487,-1,1489,1596,1639,-1,1639,1490,1489,-1,1099,1593,1595,-1,1096,1644,1699,-1,1699,1641,1106,-1,1585,1074,1586,-1,1585,1587,1073,-1,1067,1583,1586,-1,1586,1074,1067,-1,1070,1584,1066,-1,1066,1584,1583,-1,1581,1070,1060,-1,1070,1581,1584,-1,1060,1059,1582,-1,1582,1581,1060,-1,1064,1577,1059,-1,1582,1059,1577,-1,1578,1064,1055,-1,1064,1578,1577,-1,1055,1054,1575,-1,1575,1578,1055,-1,1057,1576,1054,-1,1575,1054,1576,-1,1558,1057,1144,-1,1057,1558,1576,-1,1073,1074,1585,-1,1587,1071,1073,-1,1580,1081,1071,-1,1071,1587,1580,-1,1077,1081,1579,-1,1580,1579,1081,-1,1077,1589,1078,-1,1589,1077,1579,-1,1589,1588,1088,-1,1088,1078,1589,-1,1590,1084,1588,-1,1088,1588,1084,-1,1085,1590,1592,-1,1590,1085,1084,-1,1592,1591,1092,-1,1092,1085,1592,-1,1594,1091,1591,-1,1092,1591,1091,-1,1089,1594,1593,-1,1594,1089,1091,-1,1102,1106,1641,-1,1099,1089,1593,-1,1110,1103,1642,-1,1102,1641,1642,-1,1109,1700,1702,-1,1110,1642,1700,-1,1107,1709,1117,-1,1109,1702,1107,-1,1704,1705,1113,-1,1709,1704,1117,-1,1114,1705,1707,-1,1705,1114,1113,-1,1119,1706,1120,-1,1707,1706,1119,-1,1708,1710,1123,-1,1708,1123,1120,-1,1711,1127,1126,-1,1711,1126,1710,-1,1127,801,804,-1,1132,1713,1133,-1,1129,1712,1132,-1,1135,1714,1138,-1,1135,1133,1715,-1,1139,1716,1141,-1,1716,1139,1717,-1,1717,1139,1138,-1,1135,1715,1714,-1,1138,1714,1717,-1,1133,1713,1715,-1,1132,1712,1713,-1,804,803,1712,-1,1714,1715,803,-1,803,1715,1713,-1,1716,1717,803,-1,803,1717,1714,-1,1718,1719,1716,-1,1718,1716,803,-1,1718,1720,1721,-1,1719,1718,1721,-1,1718,1722,1723,-1,1720,1718,1723,-1,1722,1718,1724,-1,1712,803,1713,-1,808,1046,752,-1,1046,750,752,-1,752,807,808,-1,1725,1726,1727,-1,1728,1726,1039,-1,1725,1039,1726,-1,1726,1728,1729,-1,1039,314,1040,-1,1039,307,314,-1,1039,1725,307,-1,1036,1038,1037,-1,1028,1034,1026,-1,1034,1028,1035,-1,1028,1728,1039,-1,1035,1028,1036,-1,1036,1028,1039,-1,1036,1039,1038,-1,1728,1028,1027,-1,1027,1729,1728,-1,316,1042,1040,-1,1040,314,316,-1,1442,1730,1731,-1,1730,1442,1732,-1,1730,1733,1731,-1,1732,1734,1730,-1,1442,303,1443,-1,1442,301,303,-1,1442,1731,301,-1,1448,1495,1434,-1,1442,1441,1447,-1,1434,1495,1432,-1,1448,1434,1447,-1,1434,1732,1442,-1,1434,1442,1447,-1,1447,1441,1446,-1,1732,1433,1734,-1,1732,1434,1433,-1,1734,1433,1437,-1,1437,1730,1734,-1,1730,1437,1436,-1,1436,1733,1730,-1,1546,1735,1736,-1,1735,1546,1737,-1,1735,1738,1736,-1,1737,1739,1735,-1,1546,295,1547,-1,1546,296,295,-1,1546,1736,296,-1,1552,1599,1538,-1,1546,1545,1551,-1,1538,1599,1536,-1,1552,1538,1551,-1,1538,1737,1546,-1,1538,1546,1551,-1,1551,1545,1550,-1,1737,1537,1739,-1,1737,1538,1537,-1,1739,1537,1541,-1,1541,1735,1739,-1,1735,1541,1540,-1,1540,1738,1735,-1,315,317,1041,-1,1041,1043,315,-1,1029,1041,1033,-1,1033,1041,317,-1,316,1043,1042,-1,1043,316,315,-1,298,297,1544,-1,1544,1549,298,-1,1539,1544,1543,-1,1543,1544,297,-1,299,1549,1548,-1,1549,299,298,-1,304,306,1440,-1,1440,1445,304,-1,1435,1440,1439,-1,1439,1440,306,-1,305,1445,1444,-1,1445,305,304,-1,306,1438,1439,-1,1438,306,308,-1,297,1542,1543,-1,1542,297,302,-1,317,1032,1033,-1,1032,317,319,-1,1727,1030,1725,-1,318,1740,1032,-1,308,307,1725,-1,1741,1742,1743,-1,183,1744,180,-1,308,1725,1438,-1,1733,1436,1731,-1,1438,1725,1030,-1,302,301,1731,-1,1745,1414,1746,-1,798,24,26,-1,1731,1436,1542,-1,1738,1540,1736,-1,1731,1542,302,-1,294,296,1736,-1,1747,1414,1748,-1,14,13,1412,-1,294,1736,1414,-1,1414,1736,1540,-1,161,33,36,-1,1749,1750,1438,-1,164,38,39,-1,1751,1032,1752,-1,1032,319,318,-1,30,32,157,-1,1753,1754,1542,-1,27,30,155,-1,30,157,155,-1,27,154,26,-1,154,27,155,-1,798,26,154,-1,148,147,1744,-1,1744,171,173,-1,798,151,796,-1,0,24,1412,-1,798,1412,24,-1,4,1,1412,-1,1412,1,0,-1,8,7,1412,-1,1412,7,4,-1,1412,13,10,-1,1412,10,8,-1,1412,17,15,-1,14,1412,15,-1,17,1412,20,-1,1755,20,1414,-1,1412,1414,20,-1,1756,1757,1414,-1,1414,1747,1755,-1,1414,1757,1748,-1,1414,1758,1759,-1,1756,1414,1745,-1,1746,1414,1759,-1,1414,1540,1760,-1,1760,1758,1414,-1,1540,1761,1762,-1,1760,1540,1762,-1,1542,1754,1540,-1,1761,1540,1754,-1,1753,1542,1763,-1,1436,1764,1542,-1,1763,1542,1764,-1,167,39,41,-1,1436,1765,1764,-1,32,160,157,-1,160,32,33,-1,186,188,1740,-1,1740,183,185,-1,186,1740,185,-1,154,151,798,-1,1740,1744,183,-1,177,179,1744,-1,1744,179,180,-1,173,174,1744,-1,1744,174,177,-1,171,1744,147,-1,151,148,1744,-1,151,1744,796,-1,161,160,33,-1,36,38,162,-1,162,161,36,-1,162,38,164,-1,167,41,1743,-1,164,39,167,-1,41,1741,1743,-1,1436,1750,1766,-1,1741,1767,1742,-1,1768,1767,1765,-1,1767,1768,1742,-1,1436,1769,1768,-1,1768,1765,1436,-1,1769,1436,1766,-1,1438,1770,1771,-1,1750,1436,1438,-1,1749,1438,1771,-1,1030,1772,1770,-1,1770,1438,1030,-1,1030,1773,1774,-1,1772,1030,1774,-1,1032,1775,1030,-1,1773,1030,1775,-1,1776,1777,1032,-1,1032,1777,1775,-1,1751,1778,1032,-1,1032,1778,1776,-1,1032,1740,1752,-1,188,1779,1740,-1,1740,1779,1752,-1,1780,1398,1397,-1,1391,1781,1396,-1,1400,1782,1401,-1,1783,1399,1784,-1,1785,1395,1403,-1,1786,1402,1787,-1,1405,1404,1788,-1,1394,1789,1790,-1,1407,1791,1408,-1,1792,1793,1406,-1,1794,1411,1410,-1,1795,1409,1796,-1,1797,1798,1799,-1,1412,1800,1801,-1,1802,1803,1804,-1,1805,1806,1807,-1,1808,1809,1810,-1,1811,1812,1813,-1,1814,1815,1816,-1,1817,1818,1819,-1,1820,1821,1414,-1,1822,1823,1824,-1,1825,1416,1417,-1,1826,1413,1827,-1,1421,1418,1828,-1,1419,1829,1830,-1,1831,1420,1832,-1,1421,1832,1420,-1,1831,1833,1423,-1,1423,1420,1831,-1,1422,1833,1834,-1,1833,1422,1423,-1,1835,1425,1834,-1,1422,1834,1425,-1,1835,1836,1424,-1,1424,1425,1835,-1,1427,1836,1837,-1,1836,1427,1424,-1,1838,1426,1837,-1,1427,1837,1426,-1,1838,1839,1429,-1,1429,1426,1838,-1,1428,1839,1840,-1,1839,1428,1429,-1,1841,1431,1840,-1,1428,1840,1431,-1,1841,1842,1430,-1,1430,1431,1841,-1,1415,1842,1294,-1,1842,1415,1430,-1,1421,1828,1832,-1,1415,1294,1393,-1,1418,1830,1828,-1,1829,1419,1416,-1,1830,1418,1419,-1,1825,1829,1416,-1,1417,1413,1826,-1,1826,1825,1417,-1,1414,1827,1413,-1,1414,1821,1827,-1,1823,1820,1824,-1,1820,1823,1821,-1,1824,1814,1822,-1,1816,1815,1819,-1,1822,1814,1816,-1,1818,1817,1809,-1,1819,1815,1817,-1,1811,1808,1810,-1,1808,1818,1809,-1,1813,1812,1804,-1,1812,1811,1810,-1,1802,1806,1803,-1,1804,1803,1813,-1,1790,1404,1394,-1,1797,1805,1807,-1,1802,1807,1806,-1,1799,1798,1801,-1,1805,1797,1799,-1,1801,1798,1412,-1,1794,1800,1411,-1,1800,1412,1411,-1,1409,1795,1410,-1,1795,1794,1410,-1,1408,1796,1409,-1,1407,1793,1791,-1,1408,1791,1796,-1,1406,1405,1792,-1,1407,1406,1793,-1,1404,1790,1788,-1,1792,1405,1788,-1,1785,1789,1395,-1,1394,1395,1789,-1,1785,1403,1786,-1,1398,1784,1399,-1,1787,1402,1401,-1,1402,1786,1403,-1,1400,1783,1782,-1,1401,1782,1787,-1,1400,1399,1783,-1,1784,1398,1780,-1,1780,1397,1781,-1,1391,1396,1392,-1,1781,1397,1396,-1,299,1547,295,-1,299,1548,1547,-1,1443,305,1444,-1,1443,303,305,-1,1843,1570,1569,-1,1574,1844,1571,-1,1615,1457,1460,-1,1553,1845,1554,-1,1561,1846,1562,-1,1847,1694,1657,-1,1848,1849,1557,-1,1847,1850,1694,-1,1851,1852,1722,-1,1654,1694,1853,-1,1850,1853,1694,-1,1654,1854,1695,-1,1854,1654,1853,-1,1855,1697,1695,-1,1695,1854,1855,-1,1650,1697,1856,-1,1855,1856,1697,-1,1651,1650,1857,-1,1857,1650,1856,-1,1858,1651,1857,-1,1851,1722,1724,-1,1698,1858,1859,-1,1858,1698,1651,-1,1859,1860,1646,-1,1646,1698,1859,-1,1861,1647,1860,-1,1646,1860,1647,-1,1643,1861,1862,-1,1861,1643,1647,-1,1701,1862,1863,-1,1701,1643,1862,-1,1703,1701,1863,-1,1851,1724,1863,-1,1724,1703,1863,-1,1657,1864,1847,-1,1865,1720,1866,-1,1867,1721,1865,-1,1720,1865,1721,-1,1719,1867,1868,-1,1867,1719,1721,-1,1716,1719,1868,-1,1716,1868,1141,-1,1720,1723,1866,-1,1852,1723,1722,-1,1723,1852,1866,-1,1658,1869,1864,-1,1658,1864,1657,-1,1849,1869,1691,-1,1658,1691,1869,-1,1662,1849,1691,-1,1555,1870,1556,-1,1871,1555,1554,-1,1560,1872,1553,-1,1873,1560,1562,-1,1611,1456,1458,-1,1561,1874,1875,-1,1875,1846,1561,-1,1564,1563,1876,-1,1874,1561,1564,-1,1614,1460,1459,-1,1566,1877,1563,-1,1565,1878,1566,-1,1879,1568,1567,-1,1880,1565,1568,-1,1570,1881,1567,-1,1572,1882,1569,-1,1883,1572,1571,-1,1573,1884,1574,-1,1885,1573,1559,-1,1559,1558,1886,-1,1469,1455,1612,-1,1558,1144,1886,-1,1508,1520,1680,-1,1470,1469,1624,-1,1885,1559,1886,-1,1467,1470,1625,-1,1884,1573,1885,-1,1468,1467,1622,-1,1844,1574,1884,-1,1465,1468,1623,-1,1883,1571,1844,-1,1466,1465,1620,-1,1882,1572,1883,-1,1463,1466,1621,-1,1843,1569,1882,-1,1464,1463,1618,-1,1881,1570,1843,-1,1461,1464,1619,-1,1879,1567,1881,-1,1462,1461,1616,-1,1880,1568,1879,-1,1459,1462,1617,-1,1878,1565,1880,-1,1877,1566,1878,-1,1876,1563,1877,-1,1874,1564,1876,-1,1610,1458,1457,-1,1449,1456,1609,-1,1873,1562,1846,-1,1450,1449,1608,-1,1872,1560,1873,-1,1451,1450,1607,-1,1845,1553,1872,-1,1452,1451,1598,-1,1871,1554,1845,-1,1453,1452,1597,-1,1870,1555,1871,-1,1557,1662,1600,-1,1848,1556,1870,-1,1556,1848,1557,-1,1662,1557,1849,-1,1453,1600,1662,-1,1597,1452,1598,-1,1598,1451,1607,-1,1607,1450,1608,-1,1608,1449,1609,-1,1609,1456,1611,-1,1611,1458,1610,-1,1610,1457,1615,-1,1615,1460,1614,-1,1614,1459,1617,-1,1617,1462,1616,-1,1616,1461,1619,-1,1619,1464,1618,-1,1618,1463,1621,-1,1621,1466,1620,-1,1620,1465,1623,-1,1623,1468,1622,-1,1622,1467,1625,-1,1625,1470,1624,-1,1624,1469,1612,-1,1612,1455,1613,-1,1455,1454,1613,-1,1508,1674,1509,-1,1677,1520,1521,-1,1678,1521,1518,-1,1679,1518,1519,-1,1675,1519,1516,-1,1676,1516,1517,-1,1681,1517,1514,-1,1671,1514,1515,-1,1672,1515,1512,-1,1682,1512,1513,-1,1668,1513,1510,-1,1667,1510,1511,-1,1684,1511,1506,-1,1663,1506,1507,-1,1664,1507,1505,-1,1686,1505,1504,-1,1659,1504,1503,-1,1660,1503,1494,-1,1689,1494,1493,-1,1661,1493,1496,-1,1453,1597,1600,-1,1496,1453,1662,-1,1661,1496,1662,-1,1689,1493,1661,-1,1660,1494,1689,-1,1659,1503,1660,-1,1686,1504,1659,-1,1664,1505,1686,-1,1663,1507,1664,-1,1684,1506,1663,-1,1667,1511,1684,-1,1668,1510,1667,-1,1682,1513,1668,-1,1672,1512,1682,-1,1671,1515,1672,-1,1681,1514,1671,-1,1676,1517,1681,-1,1675,1516,1676,-1,1679,1519,1675,-1,1678,1518,1679,-1,1677,1521,1678,-1,1680,1520,1677,-1,1674,1508,1680,-1,1144,1200,1886,-1,1260,1885,1264,-1,1255,1883,1258,-1,1206,1844,1884,-1,1250,1220,1881,-1,1882,1214,1843,-1,1878,1246,1226,-1,1880,1879,1245,-1,1232,1874,1240,-1,1238,1876,1877,-1,1235,1243,1873,-1,1875,1236,1846,-1,1871,1227,1249,-1,1845,1872,1241,-1,1252,1849,1221,-1,1222,1848,1870,-1,1256,1261,1847,-1,1869,1216,1864,-1,1854,1263,1203,-1,1853,1850,1211,-1,1193,1857,1269,-1,1205,1856,1855,-1,1273,1859,1271,-1,1858,1271,1859,-1,1860,1273,1190,-1,1273,1860,1859,-1,1190,1274,1861,-1,1861,1860,1190,-1,1186,1862,1274,-1,1861,1274,1862,-1,1863,1186,1185,-1,1186,1863,1862,-1,1185,1282,1851,-1,1851,1863,1185,-1,1283,1852,1282,-1,1851,1282,1852,-1,1866,1283,1182,-1,1283,1866,1852,-1,1182,1181,1865,-1,1865,1866,1182,-1,1178,1867,1181,-1,1865,1181,1867,-1,1868,1178,1143,-1,1178,1868,1867,-1,1141,1868,1143,-1,1858,1193,1271,-1,1269,1857,1856,-1,1193,1858,1857,-1,1205,1855,1203,-1,1269,1856,1205,-1,1854,1853,1263,-1,1855,1854,1203,-1,1850,1261,1211,-1,1853,1211,1263,-1,1864,1256,1847,-1,1847,1261,1850,-1,1252,1216,1869,-1,1216,1256,1864,-1,1221,1849,1848,-1,1252,1869,1849,-1,1222,1870,1249,-1,1221,1848,1222,-1,1871,1845,1227,-1,1870,1871,1249,-1,1872,1243,1241,-1,1845,1241,1227,-1,1846,1235,1873,-1,1873,1243,1872,-1,1232,1236,1875,-1,1236,1235,1846,-1,1240,1874,1876,-1,1232,1875,1874,-1,1238,1877,1226,-1,1240,1876,1238,-1,1878,1880,1246,-1,1877,1878,1226,-1,1879,1220,1245,-1,1880,1245,1246,-1,1843,1250,1881,-1,1881,1220,1879,-1,1255,1214,1882,-1,1214,1250,1843,-1,1258,1883,1844,-1,1255,1882,1883,-1,1206,1884,1260,-1,1258,1844,1206,-1,1885,1886,1264,-1,1884,1885,1260,-1,1144,1056,1200,-1,1886,1200,1264,-1,795,791,790,-1,795,790,794,-1,1051,1887,1047,-1,1887,1051,1888,-1,1887,1889,1047,-1,1052,1044,799,-1,1890,1891,1892,-1,797,1892,1052,-1,799,797,1052,-1,797,1893,1892,-1,1890,1892,1893,-1,1052,1894,1045,-1,1052,1892,1894,-1,1005,1006,1703,-1,1895,1896,1703,-1,1005,1703,1896,-1,1895,1724,1718,-1,1048,1895,1718,-1,1703,1724,1895,-1,1744,1890,1893,-1,1890,1744,1740,-1,1893,797,796,-1,796,1744,1893,-1,1743,168,167,-1,1769,1897,1768,-1,1742,1898,1899,-1,1900,1750,1749,-1,1901,1766,1902,-1,1770,1772,1903,-1,1771,1904,1905,-1,1775,1906,1773,-1,1907,1908,1774,-1,1909,1776,1778,-1,1910,1777,1911,-1,1751,1912,1778,-1,1909,1778,1912,-1,1751,1752,1913,-1,1913,1912,1751,-1,1914,1752,1779,-1,1752,1914,1913,-1,188,1915,1779,-1,1914,1779,1915,-1,187,1915,188,-1,1777,1776,1911,-1,1911,1776,1909,-1,1910,1906,1775,-1,1910,1775,1777,-1,1773,1907,1774,-1,1906,1907,1773,-1,1772,1908,1903,-1,1774,1908,1772,-1,1771,1770,1904,-1,1770,1903,1904,-1,1900,1749,1905,-1,1749,1771,1905,-1,1902,1766,1750,-1,1902,1750,1900,-1,1901,1897,1769,-1,1901,1769,1766,-1,1768,1898,1742,-1,1897,1898,1768,-1,1743,1899,168,-1,1742,1899,1743,-1,1726,1031,1030,-1,1030,1727,1726,-1,1894,1888,1051,-1,1894,1051,1045,-1,1894,1887,1888,-1,1891,1916,1894,-1,1887,1894,1916,-1,1894,1892,1891,-1,1889,1895,1917,-1,1916,1896,1889,-1,1895,1889,1896,-1,1889,1887,1916,-1,1035,979,977,-1,977,1034,1035,-1,1918,1902,1900,-1,1919,1920,1921,-1,1922,222,1923,-1,224,168,1899,-1,224,1899,1923,-1,1901,1902,1924,-1,1925,1926,1927,-1,1903,1928,1904,-1,1929,1930,1925,-1,1928,1903,1931,-1,1932,1933,1934,-1,1906,1935,1936,-1,1937,1938,1939,-1,1940,1913,1914,-1,1941,1942,1943,-1,1940,1944,1913,-1,1945,1946,1947,-1,1948,1949,1950,-1,256,257,1951,-1,1920,1952,1946,-1,1920,1919,1952,-1,1953,260,193,-1,1954,1953,1955,-1,260,1954,187,-1,1914,1956,1940,-1,1950,1957,1958,-1,1959,1960,1945,-1,1961,1912,1944,-1,1911,1962,1963,-1,1960,1964,1941,-1,1943,1965,1966,-1,1963,1935,1910,-1,1907,1936,1967,-1,1966,1968,1938,-1,1969,1970,1937,-1,1908,1967,1931,-1,1910,1935,1906,-1,1933,1970,1971,-1,1972,1929,1932,-1,1973,1905,1974,-1,1975,1976,1927,-1,1924,1902,1918,-1,1977,1976,1978,-1,1979,1897,1980,-1,1922,1977,293,-1,1923,1898,1979,-1,207,1978,208,-1,207,293,1977,-1,224,1923,222,-1,1899,1898,1923,-1,1977,1978,207,-1,222,1922,293,-1,1981,1922,1979,-1,1981,1976,1977,-1,208,1978,1982,-1,1982,1978,1975,-1,1923,1979,1922,-1,1898,1897,1979,-1,1983,1975,1926,-1,1922,1981,1977,-1,1984,1981,1980,-1,1982,1975,1983,-1,1976,1984,1927,-1,1978,1976,1975,-1,1979,1980,1981,-1,1897,1901,1980,-1,1983,1926,1985,-1,1981,1984,1976,-1,1984,1924,1986,-1,1975,1927,1926,-1,1927,1986,1925,-1,1985,1926,1930,-1,1984,1980,1924,-1,1901,1924,1980,-1,1925,1930,1926,-1,1984,1986,1927,-1,1905,1973,1900,-1,1987,1929,1925,-1,1985,1930,1988,-1,1988,1930,1972,-1,1986,1918,1987,-1,1918,1986,1924,-1,1972,1930,1929,-1,1986,1987,1925,-1,1989,1987,1973,-1,1989,1932,1929,-1,1990,1972,1934,-1,1972,1990,1988,-1,1987,1918,1973,-1,1900,1973,1918,-1,1932,1991,1933,-1,1987,1989,1929,-1,1991,1989,1974,-1,1934,1971,1992,-1,1990,1934,1992,-1,1972,1932,1934,-1,1973,1974,1989,-1,1905,1904,1974,-1,1933,1971,1934,-1,1989,1991,1932,-1,1993,1991,1928,-1,1993,1970,1933,-1,1994,1971,1969,-1,1971,1994,1992,-1,1991,1974,1928,-1,1904,1928,1974,-1,1970,1995,1937,-1,1991,1993,1933,-1,1995,1993,1931,-1,1969,1939,1996,-1,1994,1969,1996,-1,1971,1970,1969,-1,1928,1931,1993,-1,1903,1908,1931,-1,1968,1997,1939,-1,1993,1995,1970,-1,1998,1995,1967,-1,1996,1939,1997,-1,1937,1998,1938,-1,1969,1937,1939,-1,1931,1967,1995,-1,1908,1907,1967,-1,1968,1965,1999,-1,1995,1998,1937,-1,2000,1998,1936,-1,2000,1966,1938,-1,1997,1968,1999,-1,1939,1938,1968,-1,1967,1936,1998,-1,1907,1906,1936,-1,1968,1966,1965,-1,1998,2000,1938,-1,1935,2001,2000,-1,1966,2001,1943,-1,1999,1965,2002,-1,2002,1965,1942,-1,1936,1935,2000,-1,1963,1910,1911,-1,1965,1943,1942,-1,2000,2001,1966,-1,1963,2003,2001,-1,1943,2003,1941,-1,2002,1942,2004,-1,2004,1942,1964,-1,1935,1963,2001,-1,1962,1911,1909,-1,2005,2004,1964,-1,2001,2003,1943,-1,2006,2003,1962,-1,1942,1941,1964,-1,1941,2006,1960,-1,2005,1964,1959,-1,1963,1962,2003,-1,1912,1961,1909,-1,1959,1947,2007,-1,2003,2006,1941,-1,2008,2006,1961,-1,2008,1945,1960,-1,2005,1959,2007,-1,1964,1960,1959,-1,2006,1962,1961,-1,1909,1961,1962,-1,2009,1947,1952,-1,2006,2008,1960,-1,2010,2008,1944,-1,2010,1946,1945,-1,2007,1947,2009,-1,1959,1945,1947,-1,1961,1944,2008,-1,1912,1913,1944,-1,1947,1946,1952,-1,2008,2010,1945,-1,2011,2010,1940,-1,1946,2011,1920,-1,2009,1952,2012,-1,2012,1952,1919,-1,1944,1940,2010,-1,1956,1914,1915,-1,1919,1921,1950,-1,2010,2011,1946,-1,1956,1955,2011,-1,1955,1921,1920,-1,2012,1919,1949,-1,1949,1919,1950,-1,1940,1956,2011,-1,187,1954,1915,-1,1953,1957,1921,-1,2011,1955,1920,-1,1953,1921,1955,-1,256,1951,1958,-1,1950,1921,1957,-1,1948,1950,1958,-1,1956,1915,1954,-1,1955,1956,1954,-1,1957,193,192,-1,260,1953,1954,-1,1958,192,256,-1,193,1957,1953,-1,1958,1957,192,-1,1948,1958,1951,-1,1031,1729,1027,-1,1031,1726,1729,-1,257,262,284,-1,279,282,263,-1,270,277,268,-1,263,265,279,-1,276,270,272,-1,274,276,272,-1,268,277,265,-1,276,277,270,-1,263,282,262,-1,277,279,265,-1,284,262,282,-1,257,285,1951,-1,284,285,257,-1,287,1948,1951,-1,1951,285,287,-1,1949,1948,289,-1,287,289,1948,-1,1949,292,2012,-1,292,1949,289,-1,2012,292,217,-1,216,2009,217,-1,2012,217,2009,-1,216,2007,2009,-1,206,2005,2007,-1,2007,216,206,-1,2004,2005,208,-1,206,208,2005,-1,1999,1985,1997,-1,2002,1982,1983,-1,1992,1994,1996,-1,1996,1997,1990,-1,1988,1990,1997,-1,1990,1992,1996,-1,1983,1985,1999,-1,1985,1988,1997,-1,1982,2002,2004,-1,1983,1999,2002,-1,2004,208,1982,-1,110,115,137,-1,132,135,116,-1,123,130,121,-1,116,118,132,-1,129,123,125,-1,127,129,125,-1,121,130,118,-1,129,130,123,-1,116,135,115,-1,130,132,118,-1,137,115,135,-1,110,138,2013,-1,137,138,110,-1,140,2014,2013,-1,2013,138,140,-1,2015,2014,142,-1,140,142,2014,-1,2015,145,2016,-1,145,2015,142,-1,2016,145,72,-1,73,2017,72,-1,2016,72,2017,-1,73,2018,2017,-1,62,2019,2018,-1,2018,73,62,-1,2020,2019,61,-1,62,61,2019,-1,2021,2022,2023,-1,2024,2025,2026,-1,2027,2028,2029,-1,2029,2023,2030,-1,2031,2030,2023,-1,2030,2027,2029,-1,2026,2022,2021,-1,2022,2031,2023,-1,2025,2024,2020,-1,2026,2021,2024,-1,2020,61,2025,-1,2032,2033,2034,-1,2035,2036,2037,-1,2038,79,2039,-1,78,21,2040,-1,78,2040,2039,-1,2041,2033,2042,-1,2043,2044,2045,-1,2046,2047,2048,-1,2049,2050,2043,-1,2047,2046,2051,-1,2052,2053,2054,-1,2055,2056,2057,-1,2058,2059,2060,-1,2061,2062,2063,-1,2064,2065,2066,-1,2061,2067,2062,-1,2068,2069,2070,-1,2014,2015,2071,-1,109,110,2013,-1,2036,2072,2069,-1,2036,2035,2072,-1,2073,113,46,-1,2074,2073,2075,-1,113,2074,40,-1,2063,2076,2061,-1,2071,2077,2078,-1,2079,2080,2068,-1,2081,2082,2067,-1,2083,2084,2085,-1,2080,2086,2064,-1,2066,2087,2088,-1,2085,2056,2089,-1,2090,2057,2091,-1,2088,2092,2059,-1,2093,2094,2058,-1,2095,2091,2051,-1,2089,2056,2055,-1,2053,2094,2096,-1,2097,2049,2052,-1,2098,2099,2100,-1,2101,2102,2045,-1,2042,2033,2032,-1,2103,2102,2104,-1,2105,2106,2107,-1,2038,2103,146,-1,2039,2108,2105,-1,63,2104,61,-1,63,146,2103,-1,78,2039,79,-1,2040,2108,2039,-1,2103,2104,63,-1,79,2038,146,-1,2109,2038,2105,-1,2109,2102,2103,-1,61,2104,2025,-1,2025,2104,2101,-1,2039,2105,2038,-1,2108,2106,2105,-1,2026,2101,2044,-1,2038,2109,2103,-1,2110,2109,2107,-1,2025,2101,2026,-1,2102,2110,2045,-1,2104,2102,2101,-1,2105,2107,2109,-1,2106,2041,2107,-1,2026,2044,2022,-1,2109,2110,2102,-1,2110,2042,2111,-1,2101,2045,2044,-1,2045,2111,2043,-1,2022,2044,2050,-1,2110,2107,2042,-1,2041,2042,2107,-1,2043,2050,2044,-1,2110,2111,2045,-1,2099,2098,2034,-1,2112,2049,2043,-1,2022,2050,2031,-1,2031,2050,2097,-1,2111,2032,2112,-1,2032,2111,2042,-1,2097,2050,2049,-1,2111,2112,2043,-1,2113,2112,2098,-1,2113,2052,2049,-1,2030,2097,2054,-1,2097,2030,2031,-1,2112,2032,2098,-1,2034,2098,2032,-1,2052,2114,2053,-1,2112,2113,2049,-1,2114,2113,2100,-1,2054,2096,2027,-1,2030,2054,2027,-1,2097,2052,2054,-1,2098,2100,2113,-1,2099,2048,2100,-1,2053,2096,2054,-1,2113,2114,2052,-1,2115,2114,2047,-1,2115,2094,2053,-1,2028,2096,2093,-1,2096,2028,2027,-1,2114,2100,2047,-1,2048,2047,2100,-1,2094,2116,2058,-1,2114,2115,2053,-1,2116,2115,2051,-1,2093,2060,2029,-1,2028,2093,2029,-1,2096,2094,2093,-1,2047,2051,2115,-1,2046,2095,2051,-1,2092,2023,2060,-1,2115,2116,2094,-1,2117,2116,2091,-1,2029,2060,2023,-1,2058,2117,2059,-1,2093,2058,2060,-1,2051,2091,2116,-1,2095,2090,2091,-1,2092,2087,2021,-1,2116,2117,2058,-1,2118,2117,2057,-1,2118,2088,2059,-1,2023,2092,2021,-1,2060,2059,2092,-1,2091,2057,2117,-1,2090,2055,2057,-1,2092,2088,2087,-1,2117,2118,2059,-1,2056,2119,2118,-1,2088,2119,2066,-1,2021,2087,2024,-1,2024,2087,2065,-1,2057,2056,2118,-1,2085,2089,2083,-1,2087,2066,2065,-1,2118,2119,2088,-1,2085,2120,2119,-1,2066,2120,2064,-1,2024,2065,2020,-1,2020,2065,2086,-1,2056,2085,2119,-1,2084,2083,2121,-1,2019,2020,2086,-1,2119,2120,2066,-1,2122,2120,2084,-1,2065,2064,2086,-1,2064,2122,2080,-1,2019,2086,2079,-1,2085,2084,2120,-1,2082,2081,2121,-1,2079,2070,2018,-1,2120,2122,2064,-1,2123,2122,2081,-1,2123,2068,2080,-1,2019,2079,2018,-1,2086,2080,2079,-1,2122,2084,2081,-1,2121,2081,2084,-1,2017,2070,2072,-1,2122,2123,2080,-1,2124,2123,2067,-1,2124,2069,2068,-1,2018,2070,2017,-1,2079,2068,2070,-1,2081,2067,2123,-1,2082,2062,2067,-1,2070,2069,2072,-1,2123,2124,2068,-1,2125,2124,2061,-1,2069,2125,2036,-1,2017,2072,2016,-1,2016,2072,2035,-1,2067,2061,2124,-1,2076,2063,2126,-1,2035,2037,2071,-1,2124,2125,2069,-1,2076,2075,2125,-1,2075,2037,2036,-1,2016,2035,2015,-1,2015,2035,2071,-1,2061,2076,2125,-1,40,2074,2126,-1,2073,2077,2037,-1,2125,2075,2036,-1,2073,2037,2075,-1,109,2013,2078,-1,2071,2037,2077,-1,2014,2071,2078,-1,2076,2126,2074,-1,2075,2076,2074,-1,2077,46,45,-1,113,2073,2074,-1,2078,45,109,-1,46,2077,2073,-1,2078,2077,45,-1,2014,2078,2013,-1,1600,1552,1557,-1,1552,1600,1599,-1,1496,1448,1453,-1,1448,1496,1495,-1,1809,1812,1810,-1,1817,1804,1812,-1,1812,1809,1817,-1,1802,1804,1815,-1,1817,1815,1804,-1,1814,1802,1815,-1,1824,1807,1814,-1,1802,1814,1807,-1,1797,1824,1820,-1,1824,1797,1807,-1,1820,1414,1798,-1,1798,1797,1820,-1,1798,1414,1412,-1,1755,21,20,-1,1757,2106,1748,-1,1747,2108,2040,-1,2034,1745,1746,-1,2041,1756,2033,-1,1758,1760,2046,-1,1759,2048,2099,-1,1754,2055,1761,-1,2090,2095,1762,-1,2121,1763,1764,-1,2089,1753,2083,-1,1765,2082,1764,-1,2121,1764,2082,-1,1765,1767,2062,-1,2062,2082,1765,-1,2063,1767,1741,-1,1767,2063,2062,-1,41,2126,1741,-1,2063,1741,2126,-1,40,2126,41,-1,1753,1763,2083,-1,2083,1763,2121,-1,2089,2055,1754,-1,2089,1754,1753,-1,1761,2090,1762,-1,2055,2090,1761,-1,1760,2095,2046,-1,1762,2095,1760,-1,1759,1758,2048,-1,1758,2046,2048,-1,2034,1746,2099,-1,1746,1759,2099,-1,2033,1756,1745,-1,2033,1745,2034,-1,2041,2106,1757,-1,2041,1757,1756,-1,1748,2108,1747,-1,2106,2108,1748,-1,1755,2040,21,-1,1747,2040,1755,-1,750,1049,755,-1,750,1046,1049,-1,755,1049,805,-1,805,753,755,-1,1718,805,1048,-1,1718,803,805,-1,1048,1917,1895,-1,1048,1050,1917,-1,1050,1047,1889,-1,1050,1889,1917,-1,1890,994,995,-1,1004,1896,1001,-1,1005,1896,1004,-1,1890,1916,1891,-1,896,751,754,-1,913,916,318,-1,313,869,867,-1,978,981,1740,-1,1916,1000,1001,-1,1001,1896,1916,-1,1890,998,1916,-1,1000,1916,998,-1,994,1890,992,-1,1890,995,998,-1,1890,988,989,-1,992,1890,989,-1,1890,983,986,-1,988,1890,986,-1,1740,981,983,-1,1890,1740,983,-1,1740,973,976,-1,978,1740,976,-1,318,969,1740,-1,973,1740,969,-1,961,964,318,-1,318,964,969,-1,952,957,318,-1,318,957,961,-1,945,949,318,-1,318,949,952,-1,937,940,318,-1,318,940,945,-1,928,933,318,-1,318,933,937,-1,921,925,318,-1,318,925,928,-1,318,916,921,-1,318,904,909,-1,913,318,909,-1,313,810,318,-1,904,318,810,-1,818,814,313,-1,313,814,810,-1,827,822,313,-1,313,822,818,-1,834,830,313,-1,313,830,827,-1,842,839,313,-1,313,839,834,-1,851,846,313,-1,313,846,842,-1,855,854,313,-1,313,854,851,-1,860,857,313,-1,313,857,855,-1,863,861,313,-1,313,861,860,-1,313,867,866,-1,313,866,863,-1,767,872,313,-1,869,313,872,-1,877,873,767,-1,767,873,872,-1,880,878,767,-1,767,878,877,-1,884,883,767,-1,767,883,880,-1,806,889,886,-1,884,806,886,-1,892,806,895,-1,892,890,806,-1,895,806,751,-1,896,754,898,-1,898,754,800,-1,896,895,751,-1,806,884,767,-1,890,889,806,-1,806,767,809,-1,799,1044,809,-1,809,767,799,-1,2127,2128,2129,-1,2130,2131,2132,-1,2133,2134,2135,-1,2136,2134,2137,-1,1268,1197,2138,-1,2139,2134,2140,-1,1268,2141,1199,-1,2142,2143,2144,-1,2145,1267,1198,-1,2146,2147,2148,-1,2149,2150,2141,-1,2148,2151,2152,-1,2153,2154,2155,-1,2156,2157,2158,-1,2159,2160,2161,-1,2162,2163,2164,-1,2159,2165,2166,-1,2167,2168,2162,-1,2169,2157,2166,-1,2170,2171,2172,-1,2173,2164,2174,-1,2175,2176,2127,-1,2170,2177,2178,-1,2179,2180,2181,-1,2182,2180,2183,-1,2184,2185,2186,-1,2187,2184,2188,-1,2189,2190,2191,-1,2191,2192,2193,-1,2194,2195,2196,-1,2197,2198,2195,-1,2199,2200,2201,-1,2202,2199,2203,-1,2204,2205,2206,-1,2206,2207,2208,-1,2209,2210,2211,-1,2209,2212,2213,-1,2214,2215,2216,-1,2214,2217,2210,-1,2218,2219,2220,-1,2218,2221,2215,-1,2222,2223,2218,-1,2215,2224,2222,-1,2225,2226,2227,-1,2228,2219,2223,-1,2229,2230,2231,-1,2232,2233,1388,-1,2234,1382,1380,-1,1388,1386,2232,-1,2230,2225,2231,-1,2225,2227,2231,-1,2226,2235,2227,-1,2226,2236,2235,-1,2235,2236,2237,-1,2237,2236,2228,-1,2238,2239,2228,-1,2238,2240,2239,-1,2240,2241,2242,-1,2241,2240,2238,-1,2230,2229,2232,-1,2243,1289,2242,-1,2244,2219,2236,-1,1391,1388,2233,-1,2210,2245,2246,-1,2224,2214,2246,-1,2247,2248,2213,-1,2245,2209,2248,-1,2207,2205,2249,-1,2249,2247,2250,-1,2250,2213,2251,-1,2252,2203,2201,-1,2253,2207,2250,-1,2254,2252,2204,-1,2255,2197,2194,-1,2256,2254,2206,-1,2199,2257,2258,-1,2258,2255,2200,-1,2254,2259,2203,-1,2260,2261,2196,-1,2197,2258,2262,-1,2263,2260,2195,-1,2261,2192,2190,-1,2260,2264,2192,-1,2265,2266,2185,-1,2188,2186,2267,-1,2268,2267,2189,-1,2269,2188,2268,-1,2191,2270,2268,-1,2265,2184,2271,-1,2179,2266,2183,-1,2272,2181,2273,-1,2274,2183,2265,-1,2275,2171,2178,-1,2272,2175,2129,-1,2275,2128,2276,-1,2175,2273,2277,-1,2278,2273,2180,-1,2167,2279,2177,-1,2127,2280,2276,-1,2281,2171,2276,-1,2173,2279,2162,-1,2158,2169,2174,-1,2167,2170,2282,-1,2147,2283,2155,-1,2152,2165,2161,-1,2284,2158,2164,-1,2147,2154,2151,-1,2157,2285,2159,-1,2153,2286,2131,-1,2161,2287,2148,-1,2288,2286,2155,-1,2288,2289,2290,-1,2283,2291,2288,-1,2292,1294,2293,-1,2294,2290,2295,-1,2295,2296,2294,-1,2292,1295,1294,-1,1291,1295,2297,-1,2298,2299,2293,-1,2300,2292,2299,-1,2301,1386,1385,-1,2233,2232,2229,-1,1385,2302,2301,-1,2303,2304,2305,-1,2230,2301,2306,-1,2307,2244,2226,-1,2307,2225,2306,-1,2308,2241,2238,-1,2225,2307,2226,-1,2236,2226,2244,-1,2241,2309,2243,-1,2237,2228,2239,-1,2228,2236,2219,-1,1289,2243,1290,-1,2223,2308,2238,-1,2242,2241,2243,-1,2241,2308,2309,-1,1290,2243,2310,-1,2230,2232,2301,-1,1386,2301,2232,-1,1380,1379,2311,-1,2230,2306,2225,-1,2306,2302,2312,-1,2313,2220,2244,-1,2307,2312,2313,-1,2309,2308,2314,-1,2307,2313,2244,-1,2244,2220,2219,-1,2315,2310,2309,-1,2228,2223,2238,-1,2223,2219,2218,-1,1290,2310,1173,-1,2222,2314,2308,-1,2243,2309,2310,-1,2309,2314,2315,-1,1173,2310,2316,-1,2301,2302,2306,-1,1385,1382,2302,-1,2234,1380,2311,-1,2306,2312,2307,-1,2234,2317,2312,-1,2318,2221,2220,-1,2318,2313,2317,-1,2315,2314,2319,-1,2318,2220,2313,-1,2218,2220,2221,-1,2320,2316,2315,-1,2223,2222,2308,-1,2222,2218,2215,-1,2316,2310,2315,-1,2314,2224,2319,-1,2319,2320,2315,-1,1170,2316,2321,-1,2316,1170,1173,-1,2312,2302,2234,-1,1382,2234,2302,-1,1374,1373,2322,-1,2312,2317,2313,-1,1379,1376,2323,-1,2324,2216,2221,-1,2318,2325,2324,-1,2320,2319,2326,-1,2324,2221,2318,-1,2215,2221,2216,-1,2320,2327,2321,-1,2222,2224,2314,-1,2224,2215,2214,-1,2321,2316,2320,-1,2246,2326,2319,-1,2326,2327,2320,-1,1171,2321,2328,-1,2321,1171,1170,-1,2317,2311,2325,-1,2311,2317,2234,-1,1376,2329,2323,-1,2317,2325,2318,-1,2323,2330,2325,-1,2331,2217,2216,-1,2324,2325,2330,-1,2327,2326,2332,-1,2331,2216,2324,-1,2216,2217,2214,-1,2333,2328,2327,-1,2224,2246,2319,-1,2210,2246,2214,-1,1171,2328,1168,-1,2245,2332,2326,-1,2321,2327,2328,-1,2327,2332,2333,-1,1168,2328,2334,-1,2325,2311,2323,-1,1379,2323,2311,-1,2335,1373,1370,-1,2324,2330,2331,-1,2330,2329,2336,-1,2337,2211,2217,-1,2331,2336,2337,-1,2338,2333,2332,-1,2337,2217,2331,-1,2217,2211,2210,-1,2339,2334,2333,-1,2246,2245,2326,-1,2209,2245,2210,-1,1168,2334,1166,-1,2248,2338,2332,-1,2328,2333,2334,-1,2333,2338,2339,-1,1166,2334,2340,-1,2323,2329,2330,-1,1376,1374,2329,-1,1370,1367,2341,-1,2330,2336,2331,-1,2322,2342,2336,-1,2343,2212,2211,-1,2343,2337,2342,-1,2344,2339,2338,-1,2343,2211,2337,-1,2209,2211,2212,-1,2345,2340,2339,-1,2245,2248,2332,-1,2213,2248,2209,-1,2340,2334,2339,-1,2247,2344,2338,-1,2339,2344,2345,-1,1164,2340,2346,-1,2340,1164,1166,-1,2336,2329,2322,-1,1374,2322,2329,-1,2347,1366,1365,-1,2336,2342,2337,-1,2335,2303,2342,-1,2305,2251,2212,-1,2305,2343,2303,-1,2348,2345,2344,-1,2305,2212,2343,-1,2213,2212,2251,-1,2346,2345,2349,-1,2248,2247,2338,-1,2250,2247,2213,-1,2349,2345,2348,-1,2249,2348,2344,-1,2346,2350,1163,-1,1164,2346,1163,-1,2340,2345,2346,-1,2342,2322,2335,-1,1373,2335,2322,-1,2341,1367,2351,-1,2342,2303,2343,-1,2341,2304,2303,-1,2352,2253,2251,-1,2352,2305,2304,-1,2353,2349,2348,-1,2352,2251,2305,-1,2250,2251,2253,-1,2354,2350,2349,-1,2247,2249,2344,-1,2207,2249,2250,-1,2354,2349,2353,-1,2205,2353,2348,-1,2350,2355,1160,-1,1163,2350,1160,-1,2346,2349,2350,-1,2303,2335,2341,-1,1370,2341,2335,-1,1369,2356,2351,-1,2357,1302,1291,-1,2304,2351,2358,-1,2359,2208,2253,-1,2359,2352,2358,-1,2360,2354,2353,-1,2359,2253,2352,-1,2207,2253,2208,-1,2361,2355,2354,-1,2249,2205,2348,-1,2205,2207,2206,-1,1161,2355,2362,-1,2204,2360,2353,-1,2360,2361,2354,-1,1160,2355,1161,-1,2350,2354,2355,-1,2341,2351,2304,-1,1367,1369,2351,-1,2363,2356,1363,-1,2304,2358,2352,-1,2358,2356,2364,-1,2365,2256,2208,-1,2365,2359,2364,-1,2361,2360,2366,-1,2365,2208,2359,-1,2206,2208,2256,-1,2361,2367,2362,-1,2205,2204,2353,-1,2204,2206,2254,-1,1158,2362,2368,-1,2252,2366,2360,-1,2366,2367,2361,-1,1161,2362,1158,-1,2355,2361,2362,-1,2351,2356,2358,-1,1369,1363,2356,-1,1355,2369,1365,-1,2358,2364,2359,-1,2364,2363,2370,-1,2371,2259,2256,-1,2365,2370,2371,-1,2367,2366,2372,-1,2365,2371,2256,-1,2254,2256,2259,-1,2367,2373,2368,-1,2204,2252,2360,-1,2252,2254,2203,-1,1156,2368,2374,-1,2201,2372,2366,-1,2372,2373,2367,-1,1158,2368,1156,-1,2362,2367,2368,-1,2356,2363,2364,-1,1363,1366,2363,-1,2375,1355,1358,-1,2364,2370,2365,-1,2370,2347,2376,-1,2377,2202,2259,-1,2377,2371,2376,-1,2373,2372,2378,-1,2371,2377,2259,-1,2259,2202,2203,-1,2373,2379,2374,-1,2252,2201,2366,-1,2199,2201,2203,-1,1154,1156,2374,-1,2200,2378,2372,-1,2368,2373,2374,-1,2379,2373,2378,-1,1154,2374,2380,-1,2370,2363,2347,-1,1366,2347,2363,-1,1360,2381,1358,-1,2370,2376,2371,-1,2376,2369,2382,-1,2383,2257,2202,-1,2383,2377,2382,-1,2384,2379,2378,-1,2383,2202,2377,-1,2199,2202,2257,-1,2379,2385,2380,-1,2201,2200,2372,-1,2258,2200,2199,-1,1152,2380,2386,-1,2255,2384,2378,-1,2384,2385,2379,-1,1154,2380,1152,-1,2374,2379,2380,-1,2376,2347,2369,-1,1365,2369,2347,-1,1351,2387,1360,-1,2376,2382,2377,-1,2382,2375,2388,-1,2389,2262,2257,-1,2389,2383,2388,-1,2390,2385,2384,-1,2389,2257,2383,-1,2258,2257,2262,-1,2385,2391,2386,-1,2200,2255,2378,-1,2197,2255,2258,-1,1150,2386,2392,-1,2194,2390,2384,-1,2390,2391,2385,-1,1152,2386,1150,-1,2380,2385,2386,-1,2382,2369,2375,-1,1355,2375,2369,-1,1353,2393,1351,-1,2382,2388,2383,-1,2388,2381,2394,-1,2395,2198,2262,-1,2395,2389,2394,-1,2396,2391,2390,-1,2395,2262,2389,-1,2197,2262,2198,-1,2391,2397,2392,-1,2255,2194,2384,-1,2195,2194,2197,-1,1147,2392,2398,-1,2196,2396,2390,-1,2396,2397,2391,-1,1150,2392,1147,-1,2386,2391,2392,-1,2388,2375,2381,-1,1358,2381,2375,-1,1352,2399,1353,-1,2388,2394,2389,-1,2394,2387,2400,-1,2401,2263,2198,-1,2401,2395,2400,-1,2402,2397,2396,-1,2401,2198,2395,-1,2195,2198,2263,-1,2397,2403,2398,-1,2194,2196,2390,-1,2260,2196,2195,-1,1148,2398,2404,-1,2261,2402,2396,-1,2402,2403,2397,-1,1147,2398,1148,-1,2392,2397,2398,-1,2394,2381,2387,-1,1360,2387,2381,-1,1346,2405,1352,-1,2394,2400,2395,-1,2400,2393,2406,-1,2407,2264,2263,-1,2407,2401,2406,-1,2408,2403,2402,-1,2407,2263,2401,-1,2260,2263,2264,-1,2403,2409,2404,-1,2196,2261,2396,-1,2192,2261,2260,-1,1149,2404,2410,-1,2190,2408,2402,-1,2408,2409,2403,-1,1148,2404,1149,-1,2398,2403,2404,-1,2400,2387,2393,-1,1351,2393,2387,-1,1349,2411,1346,-1,2400,2406,2401,-1,2406,2399,2412,-1,2413,2193,2264,-1,2407,2412,2413,-1,2414,2409,2408,-1,2407,2413,2264,-1,2192,2264,2193,-1,2409,2415,2410,-1,2261,2190,2402,-1,2191,2190,2192,-1,1151,1149,2410,-1,2189,2414,2408,-1,2404,2409,2410,-1,2409,2414,2415,-1,1151,2410,2416,-1,2406,2393,2399,-1,1353,2399,2393,-1,2417,1349,1348,-1,2406,2412,2407,-1,2412,2405,2418,-1,2419,2270,2193,-1,2413,2418,2419,-1,2420,2415,2414,-1,2413,2419,2193,-1,2191,2193,2270,-1,2415,2421,2416,-1,2190,2189,2408,-1,2268,2189,2191,-1,1151,2416,1153,-1,2267,2420,2414,-1,2410,2415,2416,-1,2415,2420,2421,-1,1153,2416,2422,-1,2412,2399,2405,-1,1352,2405,2399,-1,2423,1348,1338,-1,2412,2418,2413,-1,2418,2411,2424,-1,2425,2269,2270,-1,2419,2424,2425,-1,2426,2421,2420,-1,2419,2425,2270,-1,2268,2270,2269,-1,2421,2427,2422,-1,2189,2267,2414,-1,2188,2267,2268,-1,1153,2422,1155,-1,2186,2426,2420,-1,2416,2421,2422,-1,2421,2426,2427,-1,1155,2422,2428,-1,2418,2405,2411,-1,1346,2411,2405,-1,1341,1343,2429,-1,2418,2424,2419,-1,2424,2417,2430,-1,2431,2187,2269,-1,2425,2430,2431,-1,2432,2427,2426,-1,2425,2431,2269,-1,2188,2269,2187,-1,2427,2433,2428,-1,2267,2186,2420,-1,2184,2186,2188,-1,1155,2428,1157,-1,2185,2432,2426,-1,2422,2427,2428,-1,2427,2432,2433,-1,1157,2428,2434,-1,2424,2411,2417,-1,1349,2417,2411,-1,2423,1338,2435,-1,2424,2430,2425,-1,2423,2436,2430,-1,2437,2271,2187,-1,2431,2436,2437,-1,2438,2433,2432,-1,2431,2437,2187,-1,2184,2187,2271,-1,2439,2434,2433,-1,2186,2185,2426,-1,2265,2185,2184,-1,1157,2434,1159,-1,2266,2438,2432,-1,2428,2433,2434,-1,2433,2438,2439,-1,1159,2434,2440,-1,2430,2417,2423,-1,1348,2423,2417,-1,2435,1341,2429,-1,2430,2436,2431,-1,2435,2441,2436,-1,2442,2274,2271,-1,2442,2437,2441,-1,2443,2439,2438,-1,2437,2442,2271,-1,2265,2271,2274,-1,2444,2440,2439,-1,2185,2266,2432,-1,2183,2266,2265,-1,2440,2434,2439,-1,2179,2443,2438,-1,2443,2444,2439,-1,1162,2440,2445,-1,2440,1162,1159,-1,2423,2435,2436,-1,1338,1341,2435,-1,1336,2446,1333,-1,2436,2441,2437,-1,1343,1333,2447,-1,2448,2182,2274,-1,2448,2442,2449,-1,2450,2444,2443,-1,2442,2448,2274,-1,2183,2274,2182,-1,2451,2445,2444,-1,2266,2179,2438,-1,2180,2179,2183,-1,2445,2440,2444,-1,2181,2450,2443,-1,2450,2451,2444,-1,1165,2445,2452,-1,2445,1165,1162,-1,2441,2429,2449,-1,2429,2441,2435,-1,1335,2453,1336,-1,2441,2449,2442,-1,2449,2447,2454,-1,2455,2278,2182,-1,2455,2448,2454,-1,2456,2451,2450,-1,2448,2455,2182,-1,2180,2182,2278,-1,2457,2452,2451,-1,2179,2181,2443,-1,2273,2181,2180,-1,1165,2452,1167,-1,2272,2456,2450,-1,2445,2451,2452,-1,2457,2451,2456,-1,1167,2452,2458,-1,2449,2429,2447,-1,1343,2447,2429,-1,1329,2459,1335,-1,2449,2454,2448,-1,2454,2446,2460,-1,2461,2277,2278,-1,2461,2455,2460,-1,2462,2457,2456,-1,2455,2461,2278,-1,2273,2278,2277,-1,2457,2463,2458,-1,2181,2272,2450,-1,2175,2272,2273,-1,1169,2458,2464,-1,2129,2462,2456,-1,2462,2463,2457,-1,1167,2458,1169,-1,2452,2457,2458,-1,2454,2447,2446,-1,1333,2446,2447,-1,1331,2465,1329,-1,2454,2460,2455,-1,2460,2453,2466,-1,2467,2176,2277,-1,2467,2461,2466,-1,2468,2463,2462,-1,2461,2467,2277,-1,2175,2277,2176,-1,2463,2469,2464,-1,2272,2129,2456,-1,2127,2129,2175,-1,1172,2464,2470,-1,2128,2468,2462,-1,2468,2469,2463,-1,1169,2464,1172,-1,2458,2463,2464,-1,2460,2446,2453,-1,1336,2453,2446,-1,2471,2467,2466,-1,2460,2466,2461,-1,2466,2459,2471,-1,2472,2280,2176,-1,2472,2467,2471,-1,2473,2469,2468,-1,2467,2472,2176,-1,2127,2176,2280,-1,2469,2474,2470,-1,2129,2128,2462,-1,2276,2128,2127,-1,1174,2470,2475,-1,2275,2473,2468,-1,2473,2474,2469,-1,1172,2470,1174,-1,2464,2469,2470,-1,2466,2453,2459,-1,1335,2459,2453,-1,1330,2476,1331,-1,1329,2465,2459,-1,2471,2465,2477,-1,2478,2281,2280,-1,2478,2472,2477,-1,2479,2474,2473,-1,2472,2478,2280,-1,2276,2280,2281,-1,2474,2480,2475,-1,2128,2275,2468,-1,2171,2275,2276,-1,1175,2475,2481,-1,2178,2479,2473,-1,2479,2480,2474,-1,1174,2475,1175,-1,2470,2474,2475,-1,2471,2459,2465,-1,1330,1321,2482,-1,1324,2483,1321,-1,2471,2477,2472,-1,2477,2476,2484,-1,2485,2172,2281,-1,2485,2478,2484,-1,2486,2480,2479,-1,2478,2485,2281,-1,2171,2281,2172,-1,2480,2487,2481,-1,2275,2178,2473,-1,2170,2178,2171,-1,1176,2481,2488,-1,2177,2486,2479,-1,2486,2487,2480,-1,1175,2481,1176,-1,2475,2480,2481,-1,2477,2465,2476,-1,1331,2476,2465,-1,1326,2489,1324,-1,2477,2484,2478,-1,2484,2482,2490,-1,2491,2282,2172,-1,2491,2485,2490,-1,2492,2487,2486,-1,2485,2491,2172,-1,2170,2172,2282,-1,2487,2493,2488,-1,2178,2177,2479,-1,2167,2177,2170,-1,1288,1176,2488,-1,2279,2492,2486,-1,2481,2487,2488,-1,2487,2492,2493,-1,1288,2488,2494,-1,2484,2476,2482,-1,1330,2482,2476,-1,1316,2495,1326,-1,2484,2490,2485,-1,2490,2483,2496,-1,2497,2168,2282,-1,2497,2491,2496,-1,2498,2493,2492,-1,2491,2497,2282,-1,2167,2282,2168,-1,2493,2499,2494,-1,2177,2279,2486,-1,2162,2279,2167,-1,1288,2494,1287,-1,2173,2498,2492,-1,2488,2493,2494,-1,2493,2498,2499,-1,1287,2494,2500,-1,2490,2482,2483,-1,1321,2483,2482,-1,1319,2501,1316,-1,2490,2496,2491,-1,2496,2489,2502,-1,2503,2163,2168,-1,2503,2497,2502,-1,2504,2499,2498,-1,2497,2503,2168,-1,2162,2168,2163,-1,2499,2505,2500,-1,2279,2173,2492,-1,2164,2173,2162,-1,1287,2500,1286,-1,2174,2504,2498,-1,2494,2499,2500,-1,2499,2504,2505,-1,1286,2500,2506,-1,2496,2483,2489,-1,1324,2489,2483,-1,1318,2507,1319,-1,2496,2502,2497,-1,2502,2495,2508,-1,2509,2284,2163,-1,2509,2503,2508,-1,2510,2505,2504,-1,2503,2509,2163,-1,2164,2163,2284,-1,2505,2511,2506,-1,2173,2174,2498,-1,2158,2174,2164,-1,1286,2506,1177,-1,2169,2510,2504,-1,2500,2505,2506,-1,2505,2510,2511,-1,1177,2506,2512,-1,2502,2489,2495,-1,1326,2495,2489,-1,1311,2513,1318,-1,2502,2508,2503,-1,2508,2501,2514,-1,2515,2156,2284,-1,2515,2509,2514,-1,2516,2511,2510,-1,2509,2515,2284,-1,2158,2284,2156,-1,2517,2512,2511,-1,2174,2169,2504,-1,2157,2169,2158,-1,1177,2512,1285,-1,2166,2516,2510,-1,2506,2511,2512,-1,2511,2516,2517,-1,1285,2512,2518,-1,2508,2495,2501,-1,1316,2501,2495,-1,1314,2519,1311,-1,2508,2514,2509,-1,2514,2507,2520,-1,2521,2285,2156,-1,2521,2515,2520,-1,2522,2517,2516,-1,2515,2521,2156,-1,2157,2156,2285,-1,2523,2518,2517,-1,2169,2166,2510,-1,2159,2166,2157,-1,2518,2512,2517,-1,2165,2522,2516,-1,2522,2523,2517,-1,1145,2518,2524,-1,2518,1145,1285,-1,2514,2501,2507,-1,1319,2507,2501,-1,1313,2525,1314,-1,2514,2520,2515,-1,2520,2513,2526,-1,2527,2160,2285,-1,2527,2521,2526,-1,2528,2523,2522,-1,2521,2527,2285,-1,2159,2285,2160,-1,2524,2523,2529,-1,2166,2165,2516,-1,2161,2165,2159,-1,2524,2518,2523,-1,2152,2528,2522,-1,2528,2529,2523,-1,1146,2524,2530,-1,2524,1146,1145,-1,2520,2507,2513,-1,1318,2513,2507,-1,1303,2531,1313,-1,2520,2526,2521,-1,2526,2519,2532,-1,2533,2287,2160,-1,2533,2527,2532,-1,2534,2529,2528,-1,2527,2533,2160,-1,2161,2160,2287,-1,2530,2529,2535,-1,2165,2152,2522,-1,2148,2152,2161,-1,2530,2524,2529,-1,2151,2534,2528,-1,2534,2535,2529,-1,1280,2530,2536,-1,2530,1280,1146,-1,2526,2513,2519,-1,1311,2519,2513,-1,1306,2537,1303,-1,2526,2532,2527,-1,2532,2525,2538,-1,2539,2146,2287,-1,2539,2533,2538,-1,2540,2535,2534,-1,2533,2539,2287,-1,2148,2287,2146,-1,2536,2535,2541,-1,2152,2151,2528,-1,2147,2151,2148,-1,2536,2530,2535,-1,2154,2540,2534,-1,2540,2541,2535,-1,1187,2536,2542,-1,2536,1187,1280,-1,2532,2519,2525,-1,1314,2525,2519,-1,1308,2543,1306,-1,2532,2538,2533,-1,2538,2531,2544,-1,2545,2283,2146,-1,2545,2539,2544,-1,2546,2541,2540,-1,2539,2545,2146,-1,2147,2146,2283,-1,2547,2542,2541,-1,2151,2154,2534,-1,2155,2154,2147,-1,2542,2536,2541,-1,2153,2546,2540,-1,2546,2547,2541,-1,1188,2542,2548,-1,2542,1188,1187,-1,2538,2525,2531,-1,1313,2531,2525,-1,1298,2549,1308,-1,2538,2544,2539,-1,2544,2537,2550,-1,2132,2294,2551,-1,2291,2545,2550,-1,2552,2547,2546,-1,2291,2283,2545,-1,2283,2288,2155,-1,2553,2548,2547,-1,2154,2153,2540,-1,2153,2155,2286,-1,1188,2548,1276,-1,2131,2552,2546,-1,2542,2547,2548,-1,2547,2552,2553,-1,1276,2548,2554,-1,2544,2531,2537,-1,1303,2537,2531,-1,1300,2555,1298,-1,2544,2550,2545,-1,2556,2550,2543,-1,2286,2290,2132,-1,2289,2291,2556,-1,2553,2552,2133,-1,2289,2288,2291,-1,2290,2286,2288,-1,2553,2135,2554,-1,2153,2131,2546,-1,2131,2286,2132,-1,1276,2554,1277,-1,2130,2133,2552,-1,2548,2553,2554,-1,2553,2133,2135,-1,1277,2554,2557,-1,2550,2537,2543,-1,1306,2543,2537,-1,1302,2558,1300,-1,2550,2556,2291,-1,2549,2559,2556,-1,2130,2551,2140,-1,2289,2559,2295,-1,2560,2551,2561,-1,2289,2295,2290,-1,2290,2294,2132,-1,2135,2136,2557,-1,2131,2130,2552,-1,2130,2132,2551,-1,1277,2557,1192,-1,2140,2134,2133,-1,2554,2135,2557,-1,2135,2134,2136,-1,1192,2557,2562,-1,2556,2543,2549,-1,1308,2549,2543,-1,2563,2564,2565,-1,2556,2559,2289,-1,2555,2566,2559,-1,2551,2294,2561,-1,2566,2296,2295,-1,2140,2551,2560,-1,2296,2561,2294,-1,2567,2137,2568,-1,2136,2567,2562,-1,2130,2140,2133,-1,2140,2560,2139,-1,1192,2562,1272,-1,2139,2137,2134,-1,2557,2136,2562,-1,2136,2137,2567,-1,1272,2562,2569,-1,2559,2549,2555,-1,1298,2555,2549,-1,2296,2570,2561,-1,2559,2566,2295,-1,2571,2566,2558,-1,2561,2572,2560,-1,2571,2570,2296,-1,2560,2573,2139,-1,2570,2572,2561,-1,2139,2574,2137,-1,2573,2560,2572,-1,2567,2144,2569,-1,2574,2139,2573,-1,1272,2569,1196,-1,2568,2137,2574,-1,2562,2567,2569,-1,2567,2568,2144,-1,1196,2569,2143,-1,2566,2555,2558,-1,1300,2558,2555,-1,2570,2565,2572,-1,2566,2571,2296,-1,2357,2575,2571,-1,2572,2564,2573,-1,2575,2565,2570,-1,2573,2576,2574,-1,2565,2564,2572,-1,2574,2577,2568,-1,2564,2576,2573,-1,2578,2144,2568,-1,2574,2576,2577,-1,1196,2143,1197,-1,2568,2577,2578,-1,2569,2144,2143,-1,2144,2578,2142,-1,1197,2143,2138,-1,2571,2558,2357,-1,1302,2357,2558,-1,2579,2576,2564,-1,2571,2575,2570,-1,2297,2300,2575,-1,2580,2577,2576,-1,2300,2563,2565,-1,2581,2578,2577,-1,2563,2579,2564,-1,2582,2142,2578,-1,2579,2580,2576,-1,2583,2138,2142,-1,2580,2581,2577,-1,2138,2583,2141,-1,2582,2578,2581,-1,2143,2142,2138,-1,2142,2582,2583,-1,1268,2138,2141,-1,2575,2357,2297,-1,1291,2297,2357,-1,2299,2584,2563,-1,2575,2300,2565,-1,2299,2563,2300,-1,2584,2585,2579,-1,2584,2579,2563,-1,2585,2586,2580,-1,2585,2580,2579,-1,2586,2587,2581,-1,2586,2581,2580,-1,2587,2588,2582,-1,2587,2582,2581,-1,2588,2149,2583,-1,2588,2583,2582,-1,1198,1199,2150,-1,2141,2583,2149,-1,1199,2141,2150,-1,2297,1295,2292,-1,2300,2297,2292,-1,2584,2298,2589,-1,2293,2299,2292,-1,2585,2589,2590,-1,2298,2584,2299,-1,2586,2590,2591,-1,2589,2585,2584,-1,2587,2591,2592,-1,2590,2586,2585,-1,2588,2592,2593,-1,2591,2587,2586,-1,2149,2593,2594,-1,2592,2588,2587,-1,2150,2594,2145,-1,2593,2149,2588,-1,2594,2150,2149,-1,2145,1198,2150,-1,2595,2596,2597,-1,2598,2599,2600,-1,2601,2602,2603,-1,2604,2602,2605,-1,1183,1284,2606,-1,2607,2602,2608,-1,1183,2609,1179,-1,2610,2611,2612,-1,2242,1289,1180,-1,2613,2614,2615,-1,2616,2617,2609,-1,2615,2618,2619,-1,2620,2621,2622,-1,2623,2624,2625,-1,2626,2627,2628,-1,2629,2630,2631,-1,2626,2632,2633,-1,2634,2635,2629,-1,2636,2624,2633,-1,2637,2638,2639,-1,2640,2631,2641,-1,2642,2643,2595,-1,2637,2644,2645,-1,2646,2647,2648,-1,2649,2647,2650,-1,2651,2652,2653,-1,2654,2651,2655,-1,2656,2657,2658,-1,2658,2659,2660,-1,2661,2662,2663,-1,2664,2665,2662,-1,2666,2667,2668,-1,2669,2666,2670,-1,2671,2672,2673,-1,2673,2674,2675,-1,2676,2677,2678,-1,2676,2679,2680,-1,2681,2682,2683,-1,2681,2684,2677,-1,2685,2686,2687,-1,2685,2688,2682,-1,2689,2690,2685,-1,2682,2691,2689,-1,2692,2693,2590,-1,2694,2686,2690,-1,2298,2695,2589,-1,2696,2293,1842,-1,2697,1839,1838,-1,1842,1841,2696,-1,2695,2692,2589,-1,2692,2590,2589,-1,2693,2591,2590,-1,2693,2698,2591,-1,2591,2698,2592,-1,2592,2698,2694,-1,2699,2593,2694,-1,2699,2594,2593,-1,2594,2700,2145,-1,2700,2594,2699,-1,2695,2298,2696,-1,2701,1267,2145,-1,2702,2686,2698,-1,1294,1842,2293,-1,2677,2703,2704,-1,2691,2681,2704,-1,2705,2706,2680,-1,2703,2676,2706,-1,2674,2672,2707,-1,2707,2705,2708,-1,2708,2680,2709,-1,2710,2711,2712,-1,2713,2670,2714,-1,2715,2674,2708,-1,2670,2668,2716,-1,2714,2716,2671,-1,2673,2717,2714,-1,2718,2667,2719,-1,2720,2719,2666,-1,2718,2664,2661,-1,2662,2721,2722,-1,2664,2719,2723,-1,2724,2659,2657,-1,2724,2663,2722,-1,2722,2725,2659,-1,2726,2727,2658,-1,2653,2728,2655,-1,2727,2728,2656,-1,2652,2729,2730,-1,2655,2727,2731,-1,2732,2729,2651,-1,2730,2650,2646,-1,2733,2596,2734,-1,2650,2729,2735,-1,2597,2736,2642,-1,2736,2648,2737,-1,2642,2737,2738,-1,2739,2737,2647,-1,2645,2733,2638,-1,2734,2740,2638,-1,2595,2741,2734,-1,2629,2640,2742,-1,2644,2634,2742,-1,2743,2626,2624,-1,2625,2636,2641,-1,2634,2637,2744,-1,2632,2628,2619,-1,2745,2625,2631,-1,2621,2618,2614,-1,2712,2746,2622,-1,2599,2620,2746,-1,2628,2747,2615,-1,2614,2710,2622,-1,2748,2749,2750,-1,2751,2752,2712,-1,2753,1780,1781,-1,2752,2749,2748,-1,2754,2755,2756,-1,1781,1391,2756,-1,2233,2756,1391,-1,2229,2754,2233,-1,2757,1841,1840,-1,2293,2696,2298,-1,1840,2758,2757,-1,2759,2760,2761,-1,2695,2757,2762,-1,2763,2702,2693,-1,2763,2692,2762,-1,2764,2700,2699,-1,2692,2763,2693,-1,2698,2693,2702,-1,2700,2765,2701,-1,2592,2694,2593,-1,2694,2698,2686,-1,1267,2701,1201,-1,2690,2764,2699,-1,2145,2700,2701,-1,2700,2764,2765,-1,1201,2701,2766,-1,2695,2696,2757,-1,1841,2757,2696,-1,1838,1837,2767,-1,2695,2762,2692,-1,2762,2758,2768,-1,2769,2687,2702,-1,2763,2768,2769,-1,2765,2764,2770,-1,2763,2769,2702,-1,2702,2687,2686,-1,2771,2766,2765,-1,2694,2690,2699,-1,2690,2686,2685,-1,1201,2766,1202,-1,2689,2770,2764,-1,2701,2765,2766,-1,2765,2770,2771,-1,1202,2766,2772,-1,2757,2758,2762,-1,1840,1839,2758,-1,2697,1838,2767,-1,2762,2768,2763,-1,2697,2773,2768,-1,2774,2688,2687,-1,2774,2769,2773,-1,2771,2770,2775,-1,2774,2687,2769,-1,2685,2687,2688,-1,2776,2772,2771,-1,2690,2689,2764,-1,2689,2685,2682,-1,2772,2766,2771,-1,2770,2691,2775,-1,2775,2776,2771,-1,1259,2772,2777,-1,2772,1259,1202,-1,2768,2758,2697,-1,1839,2697,2758,-1,1835,1834,2778,-1,2768,2773,2769,-1,1837,1836,2779,-1,2780,2683,2688,-1,2774,2781,2780,-1,2776,2775,2782,-1,2780,2688,2774,-1,2682,2688,2683,-1,2776,2783,2777,-1,2689,2691,2770,-1,2691,2682,2681,-1,2777,2772,2776,-1,2704,2782,2775,-1,2782,2783,2776,-1,1207,2777,2784,-1,2777,1207,1259,-1,2773,2767,2781,-1,2767,2773,2697,-1,1836,2785,2779,-1,2773,2781,2774,-1,2779,2786,2781,-1,2787,2684,2683,-1,2780,2781,2786,-1,2783,2782,2788,-1,2787,2683,2780,-1,2683,2684,2681,-1,2789,2784,2783,-1,2691,2704,2775,-1,2677,2704,2681,-1,1207,2784,1208,-1,2703,2788,2782,-1,2777,2783,2784,-1,2783,2788,2789,-1,1208,2784,2790,-1,2781,2767,2779,-1,1837,2779,2767,-1,2791,1834,1833,-1,2780,2786,2787,-1,2786,2785,2792,-1,2793,2678,2684,-1,2787,2792,2793,-1,2794,2789,2788,-1,2793,2684,2787,-1,2684,2678,2677,-1,2795,2790,2789,-1,2704,2703,2782,-1,2676,2703,2677,-1,1208,2790,1254,-1,2706,2794,2788,-1,2784,2789,2790,-1,2789,2794,2795,-1,1254,2790,2796,-1,2779,2785,2786,-1,1836,1835,2785,-1,1833,1831,2797,-1,2786,2792,2787,-1,2778,2798,2792,-1,2799,2679,2678,-1,2799,2793,2798,-1,2800,2795,2794,-1,2799,2678,2793,-1,2676,2678,2679,-1,2801,2796,2795,-1,2703,2706,2788,-1,2680,2706,2676,-1,2796,2790,2795,-1,2705,2800,2794,-1,2795,2800,2801,-1,1212,2796,2802,-1,2796,1212,1254,-1,2792,2785,2778,-1,1835,2778,2785,-1,2803,1830,1829,-1,2792,2798,2793,-1,2791,2759,2798,-1,2761,2709,2679,-1,2761,2799,2759,-1,2804,2801,2800,-1,2761,2679,2799,-1,2680,2679,2709,-1,2802,2801,2805,-1,2706,2705,2794,-1,2708,2705,2680,-1,2805,2801,2804,-1,2707,2804,2800,-1,2802,2806,1213,-1,1212,2802,1213,-1,2796,2801,2802,-1,2798,2778,2791,-1,1834,2791,2778,-1,2797,1831,2807,-1,2798,2759,2799,-1,2797,2760,2759,-1,2808,2715,2709,-1,2808,2761,2760,-1,2809,2805,2804,-1,2808,2709,2761,-1,2708,2709,2715,-1,2810,2806,2805,-1,2705,2707,2800,-1,2674,2707,2708,-1,2810,2805,2809,-1,2672,2809,2804,-1,2806,2811,1251,-1,1213,2806,1251,-1,2802,2805,2806,-1,2759,2791,2797,-1,1833,2797,2791,-1,1832,2812,2807,-1,2813,1784,1780,-1,2760,2807,2814,-1,2815,2675,2715,-1,2815,2808,2814,-1,2816,2810,2809,-1,2815,2715,2808,-1,2674,2715,2675,-1,2817,2811,2810,-1,2707,2672,2804,-1,2672,2674,2673,-1,1218,2811,2818,-1,2671,2816,2809,-1,2816,2817,2810,-1,1251,2811,1218,-1,2806,2810,2811,-1,2797,2807,2760,-1,1831,1832,2807,-1,2819,2812,1828,-1,2760,2814,2808,-1,2814,2812,2820,-1,2821,2717,2675,-1,2821,2815,2820,-1,2817,2816,2822,-1,2821,2675,2815,-1,2673,2675,2717,-1,2817,2823,2818,-1,2672,2671,2809,-1,2671,2673,2714,-1,1219,2818,2824,-1,2716,2822,2816,-1,2822,2823,2817,-1,1218,2818,1219,-1,2811,2817,2818,-1,2807,2812,2814,-1,1832,1828,2812,-1,1825,2825,1829,-1,2814,2820,2815,-1,2820,2819,2826,-1,2827,2713,2717,-1,2821,2826,2827,-1,2823,2822,2828,-1,2821,2827,2717,-1,2714,2717,2713,-1,2823,2829,2824,-1,2671,2716,2816,-1,2716,2714,2670,-1,1244,2824,2830,-1,2668,2828,2822,-1,2828,2829,2823,-1,1219,2824,1244,-1,2818,2823,2824,-1,2812,2819,2820,-1,1828,1830,2819,-1,2831,1825,1826,-1,2820,2826,2821,-1,2826,2803,2832,-1,2833,2669,2713,-1,2833,2827,2832,-1,2829,2828,2834,-1,2827,2833,2713,-1,2713,2669,2670,-1,2829,2835,2830,-1,2716,2668,2822,-1,2666,2668,2670,-1,1224,1244,2830,-1,2667,2834,2828,-1,2824,2829,2830,-1,2835,2829,2834,-1,1224,2830,2836,-1,2826,2819,2803,-1,1830,2803,2819,-1,1827,2837,1826,-1,2826,2832,2827,-1,2832,2825,2838,-1,2839,2720,2669,-1,2839,2833,2838,-1,2840,2835,2834,-1,2839,2669,2833,-1,2666,2669,2720,-1,2835,2841,2836,-1,2668,2667,2828,-1,2719,2667,2666,-1,1225,2836,2842,-1,2718,2840,2834,-1,2840,2841,2835,-1,1224,2836,1225,-1,2830,2835,2836,-1,2832,2803,2825,-1,1829,2825,2803,-1,1821,2843,1827,-1,2832,2838,2833,-1,2838,2831,2844,-1,2845,2723,2720,-1,2845,2839,2844,-1,2846,2841,2840,-1,2845,2720,2839,-1,2719,2720,2723,-1,2841,2847,2842,-1,2667,2718,2834,-1,2664,2718,2719,-1,1239,2842,2848,-1,2661,2846,2840,-1,2846,2847,2841,-1,1225,2842,1239,-1,2836,2841,2842,-1,2838,2825,2831,-1,1825,2831,2825,-1,1823,2849,1821,-1,2838,2844,2839,-1,2844,2837,2850,-1,2851,2665,2723,-1,2851,2845,2850,-1,2852,2847,2846,-1,2851,2723,2845,-1,2664,2723,2665,-1,2847,2853,2848,-1,2718,2661,2840,-1,2662,2661,2664,-1,1230,2848,2854,-1,2663,2852,2846,-1,2852,2853,2847,-1,1239,2848,1230,-1,2842,2847,2848,-1,2844,2831,2837,-1,1826,2837,2831,-1,1822,2855,1823,-1,2844,2850,2845,-1,2850,2843,2856,-1,2857,2721,2665,-1,2857,2851,2856,-1,2858,2853,2852,-1,2857,2665,2851,-1,2662,2665,2721,-1,2853,2859,2854,-1,2661,2663,2846,-1,2722,2663,2662,-1,1231,2854,2860,-1,2724,2858,2852,-1,2858,2859,2853,-1,1230,2854,1231,-1,2848,2853,2854,-1,2850,2837,2843,-1,1827,2843,2837,-1,1816,2861,1822,-1,2850,2856,2851,-1,2856,2849,2862,-1,2863,2725,2721,-1,2863,2857,2862,-1,2864,2859,2858,-1,2863,2721,2857,-1,2722,2721,2725,-1,2859,2865,2860,-1,2663,2724,2852,-1,2659,2724,2722,-1,1237,2860,2866,-1,2657,2864,2858,-1,2864,2865,2859,-1,1231,2860,1237,-1,2854,2859,2860,-1,2856,2843,2849,-1,1821,2849,2843,-1,1819,2867,1816,-1,2856,2862,2857,-1,2862,2855,2868,-1,2869,2660,2725,-1,2863,2868,2869,-1,2870,2865,2864,-1,2863,2869,2725,-1,2659,2725,2660,-1,2865,2871,2866,-1,2724,2657,2858,-1,2658,2657,2659,-1,1233,1237,2866,-1,2656,2870,2864,-1,2860,2865,2866,-1,2865,2870,2871,-1,1233,2866,2872,-1,2862,2849,2855,-1,1823,2855,2849,-1,2873,1819,1818,-1,2862,2868,2863,-1,2868,2861,2874,-1,2875,2726,2660,-1,2869,2874,2875,-1,2876,2871,2870,-1,2869,2875,2660,-1,2658,2660,2726,-1,2871,2877,2872,-1,2657,2656,2864,-1,2727,2656,2658,-1,1233,2872,1234,-1,2728,2876,2870,-1,2866,2871,2872,-1,2871,2876,2877,-1,1234,2872,2878,-1,2868,2855,2861,-1,1822,2861,2855,-1,2879,1818,1808,-1,2868,2874,2869,-1,2874,2867,2880,-1,2881,2731,2726,-1,2875,2880,2881,-1,2882,2877,2876,-1,2875,2881,2726,-1,2727,2726,2731,-1,2877,2883,2878,-1,2656,2728,2870,-1,2655,2728,2727,-1,1234,2878,1242,-1,2653,2882,2876,-1,2872,2877,2878,-1,2877,2882,2883,-1,1242,2878,2884,-1,2874,2861,2867,-1,1816,2867,2861,-1,1811,1813,2885,-1,2874,2880,2875,-1,2880,2873,2886,-1,2887,2654,2731,-1,2881,2886,2887,-1,2888,2883,2882,-1,2881,2887,2731,-1,2655,2731,2654,-1,2883,2889,2884,-1,2728,2653,2876,-1,2651,2653,2655,-1,1242,2884,1228,-1,2652,2888,2882,-1,2878,2883,2884,-1,2883,2888,2889,-1,1228,2884,2890,-1,2880,2867,2873,-1,1819,2873,2867,-1,2879,1808,2891,-1,2880,2886,2881,-1,2879,2892,2886,-1,2893,2732,2654,-1,2887,2892,2893,-1,2894,2889,2888,-1,2887,2893,2654,-1,2651,2654,2732,-1,2895,2890,2889,-1,2653,2652,2882,-1,2729,2652,2651,-1,1228,2890,1229,-1,2730,2894,2888,-1,2884,2889,2890,-1,2889,2894,2895,-1,1229,2890,2896,-1,2886,2873,2879,-1,1818,2879,2873,-1,2891,1811,2885,-1,2886,2892,2887,-1,2891,2897,2892,-1,2898,2735,2732,-1,2898,2893,2897,-1,2899,2895,2894,-1,2893,2898,2732,-1,2729,2732,2735,-1,2900,2896,2895,-1,2652,2730,2888,-1,2650,2730,2729,-1,2896,2890,2895,-1,2646,2899,2894,-1,2899,2900,2895,-1,1248,2896,2901,-1,2896,1248,1229,-1,2879,2891,2892,-1,1808,1811,2891,-1,1806,2902,1803,-1,2892,2897,2893,-1,1813,1803,2903,-1,2904,2649,2735,-1,2904,2898,2905,-1,2906,2900,2899,-1,2898,2904,2735,-1,2650,2735,2649,-1,2907,2901,2900,-1,2730,2646,2894,-1,2647,2646,2650,-1,2901,2896,2900,-1,2648,2906,2899,-1,2906,2907,2900,-1,1247,2901,2908,-1,2901,1247,1248,-1,2897,2885,2905,-1,2885,2897,2891,-1,1805,2909,1806,-1,2897,2905,2898,-1,2905,2903,2910,-1,2911,2739,2649,-1,2911,2904,2910,-1,2912,2907,2906,-1,2904,2911,2649,-1,2647,2649,2739,-1,2913,2908,2907,-1,2646,2648,2899,-1,2737,2648,2647,-1,1247,2908,1223,-1,2736,2912,2906,-1,2901,2907,2908,-1,2913,2907,2912,-1,1223,2908,2914,-1,2905,2885,2903,-1,1813,2903,2885,-1,1799,2915,1805,-1,2905,2910,2904,-1,2910,2902,2916,-1,2917,2738,2739,-1,2917,2911,2916,-1,2918,2913,2912,-1,2911,2917,2739,-1,2737,2739,2738,-1,2913,2919,2914,-1,2648,2736,2906,-1,2642,2736,2737,-1,1253,2914,2920,-1,2597,2918,2912,-1,2918,2919,2913,-1,1223,2914,1253,-1,2908,2913,2914,-1,2910,2903,2902,-1,1803,2902,2903,-1,1801,2921,1799,-1,2910,2916,2911,-1,2916,2909,2922,-1,2923,2643,2738,-1,2923,2917,2922,-1,2924,2919,2918,-1,2917,2923,2738,-1,2642,2738,2643,-1,2919,2925,2920,-1,2736,2597,2912,-1,2595,2597,2642,-1,1217,2920,2926,-1,2596,2924,2918,-1,2924,2925,2919,-1,1253,2920,1217,-1,2914,2919,2920,-1,2916,2902,2909,-1,1806,2909,2902,-1,1800,2927,1801,-1,2916,2922,2917,-1,2922,2915,2928,-1,2929,2741,2643,-1,2929,2923,2928,-1,2930,2925,2924,-1,2923,2929,2643,-1,2595,2643,2741,-1,2925,2931,2926,-1,2597,2596,2918,-1,2734,2596,2595,-1,1215,2926,2932,-1,2733,2930,2924,-1,2930,2931,2925,-1,1217,2926,1215,-1,2920,2925,2926,-1,2922,2909,2915,-1,1805,2915,2909,-1,1794,2933,1800,-1,2922,2928,2923,-1,2928,2921,2934,-1,2935,2740,2741,-1,2935,2929,2934,-1,2936,2931,2930,-1,2929,2935,2741,-1,2734,2741,2740,-1,2931,2937,2932,-1,2596,2733,2924,-1,2638,2733,2734,-1,1257,2932,2938,-1,2645,2936,2930,-1,2936,2937,2931,-1,1215,2932,1257,-1,2926,2931,2932,-1,2928,2915,2921,-1,1799,2921,2915,-1,1795,2939,1794,-1,2928,2934,2929,-1,2934,2927,2940,-1,2941,2639,2740,-1,2941,2935,2940,-1,2942,2937,2936,-1,2935,2941,2740,-1,2638,2740,2639,-1,2937,2943,2938,-1,2733,2645,2930,-1,2637,2645,2638,-1,1209,2938,2944,-1,2644,2942,2936,-1,2942,2943,2937,-1,1257,2938,1209,-1,2932,2937,2938,-1,2934,2921,2927,-1,1801,2927,2921,-1,1796,2945,1795,-1,2934,2940,2935,-1,2940,2933,2946,-1,2947,2744,2639,-1,2947,2941,2946,-1,2948,2943,2942,-1,2941,2947,2639,-1,2637,2639,2744,-1,2943,2949,2944,-1,2645,2644,2936,-1,2634,2644,2637,-1,1210,1209,2944,-1,2742,2948,2942,-1,2938,2943,2944,-1,2943,2948,2949,-1,1210,2944,2950,-1,2940,2927,2933,-1,1800,2933,2927,-1,1791,2951,1796,-1,2940,2946,2941,-1,2946,2939,2952,-1,2953,2635,2744,-1,2953,2947,2952,-1,2954,2949,2948,-1,2947,2953,2744,-1,2634,2744,2635,-1,2949,2955,2950,-1,2644,2742,2942,-1,2629,2742,2634,-1,1210,2950,1262,-1,2640,2954,2948,-1,2944,2949,2950,-1,2949,2954,2955,-1,1262,2950,2956,-1,2946,2933,2939,-1,1794,2939,2933,-1,1793,2957,1791,-1,2946,2952,2947,-1,2952,2945,2958,-1,2959,2630,2635,-1,2959,2953,2958,-1,2960,2955,2954,-1,2953,2959,2635,-1,2629,2635,2630,-1,2955,2961,2956,-1,2742,2640,2948,-1,2631,2640,2629,-1,1262,2956,1265,-1,2641,2960,2954,-1,2950,2955,2956,-1,2955,2960,2961,-1,1265,2956,2962,-1,2952,2939,2945,-1,1795,2945,2939,-1,1792,2963,1793,-1,2952,2958,2953,-1,2958,2951,2964,-1,2965,2745,2630,-1,2965,2959,2964,-1,2966,2961,2960,-1,2959,2965,2630,-1,2631,2630,2745,-1,2961,2967,2962,-1,2640,2641,2954,-1,2625,2641,2631,-1,1265,2962,1204,-1,2636,2966,2960,-1,2956,2961,2962,-1,2961,2966,2967,-1,1204,2962,2968,-1,2958,2945,2951,-1,1796,2951,2945,-1,1788,2969,1792,-1,2958,2964,2959,-1,2964,2957,2970,-1,2971,2623,2745,-1,2971,2965,2970,-1,2972,2967,2966,-1,2965,2971,2745,-1,2625,2745,2623,-1,2973,2968,2967,-1,2641,2636,2960,-1,2624,2636,2625,-1,1204,2968,1266,-1,2633,2972,2966,-1,2962,2967,2968,-1,2967,2972,2973,-1,1266,2968,2974,-1,2964,2951,2957,-1,1791,2957,2951,-1,1790,2975,1788,-1,2964,2970,2965,-1,2970,2963,2976,-1,2977,2743,2623,-1,2977,2971,2976,-1,2978,2973,2972,-1,2971,2977,2623,-1,2624,2623,2743,-1,2979,2974,2973,-1,2636,2633,2966,-1,2626,2633,2624,-1,2974,2968,2973,-1,2632,2978,2972,-1,2978,2979,2973,-1,1194,2974,2980,-1,2974,1194,1266,-1,2970,2957,2963,-1,1793,2963,2957,-1,1789,2981,1790,-1,2970,2976,2971,-1,2976,2969,2982,-1,2983,2627,2743,-1,2983,2977,2982,-1,2984,2979,2978,-1,2977,2983,2743,-1,2626,2743,2627,-1,2980,2979,2985,-1,2633,2632,2972,-1,2628,2632,2626,-1,2980,2974,2979,-1,2619,2984,2978,-1,2984,2985,2979,-1,1195,2980,2986,-1,2980,1195,1194,-1,2976,2963,2969,-1,1792,2969,2963,-1,1785,2987,1789,-1,2976,2982,2977,-1,2982,2975,2988,-1,2989,2747,2627,-1,2989,2983,2988,-1,2990,2985,2984,-1,2983,2989,2627,-1,2628,2627,2747,-1,2986,2985,2991,-1,2632,2619,2978,-1,2615,2619,2628,-1,2986,2980,2985,-1,2618,2990,2984,-1,2990,2991,2985,-1,1270,2986,2992,-1,2986,1270,1195,-1,2982,2969,2975,-1,1788,2975,2969,-1,2993,2989,2988,-1,2982,2988,2983,-1,2988,2981,2993,-1,2994,2613,2747,-1,2994,2989,2993,-1,2995,2991,2990,-1,2989,2994,2747,-1,2615,2747,2613,-1,2992,2991,2996,-1,2619,2618,2984,-1,2614,2618,2615,-1,2992,2986,2991,-1,2621,2995,2990,-1,2995,2996,2991,-1,1191,2992,2997,-1,2992,1191,1270,-1,2988,2975,2981,-1,1790,2981,2975,-1,1786,2998,1785,-1,1789,2987,2981,-1,2993,2987,2999,-1,3000,2710,2613,-1,3000,2994,2999,-1,3001,2996,2995,-1,2994,3000,2613,-1,2614,2613,2710,-1,3002,2997,2996,-1,2618,2621,2990,-1,2622,2621,2614,-1,2997,2992,2996,-1,2620,3001,2995,-1,3001,3002,2996,-1,1189,2997,3003,-1,2997,1189,1191,-1,2993,2981,2987,-1,1786,1787,3004,-1,1782,3005,1787,-1,2993,2999,2994,-1,2999,2998,3006,-1,2600,2748,3007,-1,2711,3000,3006,-1,3008,3002,3001,-1,2711,2710,3000,-1,2710,2712,2622,-1,3009,3003,3002,-1,2621,2620,2995,-1,2620,2622,2746,-1,1189,3003,1275,-1,2599,3008,3001,-1,2997,3002,3003,-1,3002,3008,3009,-1,1275,3003,3010,-1,2999,2987,2998,-1,1785,2998,2987,-1,1783,3011,1782,-1,2999,3006,3000,-1,3012,3006,3004,-1,2746,2752,2600,-1,2751,2711,3012,-1,3009,3008,2601,-1,2751,2712,2711,-1,2752,2746,2712,-1,3009,2603,3010,-1,2620,2599,3001,-1,2599,2746,2600,-1,1275,3010,1278,-1,2598,2601,3008,-1,3003,3009,3010,-1,3009,2601,2603,-1,1278,3010,3013,-1,3006,2998,3004,-1,1786,3004,2998,-1,1784,3014,1783,-1,3006,3012,2711,-1,3005,3015,3012,-1,2598,3007,2608,-1,2751,3015,2749,-1,3016,3007,3017,-1,2751,2749,2752,-1,2752,2748,2600,-1,2603,2604,3013,-1,2599,2598,3008,-1,2598,2600,3007,-1,1278,3013,1184,-1,2608,2602,2601,-1,3010,2603,3013,-1,2603,2602,2604,-1,1184,3013,3018,-1,3012,3004,3005,-1,1787,3005,3004,-1,3019,3020,3021,-1,3012,3015,2751,-1,3011,3022,3015,-1,3007,2748,3017,-1,3022,2750,2749,-1,2608,3007,3016,-1,2750,3017,2748,-1,3023,2605,3024,-1,2604,3023,3018,-1,2598,2608,2601,-1,2608,3016,2607,-1,1184,3018,1279,-1,2607,2605,2602,-1,3013,2604,3018,-1,2604,2605,3023,-1,1279,3018,3025,-1,3015,3005,3011,-1,1782,3011,3005,-1,2750,3026,3017,-1,3015,3022,2749,-1,3027,3022,3014,-1,3017,3028,3016,-1,3027,3026,2750,-1,3016,3029,2607,-1,3026,3028,3017,-1,2607,3030,2605,-1,3029,3016,3028,-1,3023,2612,3025,-1,3030,2607,3029,-1,1279,3025,1281,-1,3024,2605,3030,-1,3018,3023,3025,-1,3023,3024,2612,-1,1281,3025,2611,-1,3022,3011,3014,-1,1783,3014,3011,-1,3026,3021,3028,-1,3022,3027,2750,-1,2813,3031,3027,-1,3028,3020,3029,-1,3031,3021,3026,-1,3029,3032,3030,-1,3021,3020,3028,-1,3030,3033,3024,-1,3020,3032,3029,-1,3034,2612,3024,-1,3030,3032,3033,-1,1281,2611,1284,-1,3024,3033,3034,-1,3025,2612,2611,-1,2612,3034,2610,-1,1284,2611,2606,-1,3027,3014,2813,-1,1784,2813,3014,-1,3035,3032,3020,-1,3027,3031,3026,-1,2753,2755,3031,-1,3036,3033,3032,-1,2755,3019,3021,-1,3037,3034,3033,-1,3019,3035,3020,-1,3038,2610,3034,-1,3035,3036,3032,-1,3039,2606,2610,-1,3036,3037,3033,-1,2606,3039,2609,-1,3038,3034,3037,-1,2611,2610,2606,-1,2610,3038,3039,-1,1183,2606,2609,-1,3031,2813,2753,-1,1780,2753,2813,-1,2754,3040,3019,-1,3031,2755,3021,-1,2754,3019,2755,-1,3040,3041,3035,-1,3040,3035,3019,-1,3041,3042,3036,-1,3041,3036,3035,-1,3042,3043,3037,-1,3042,3037,3036,-1,3043,3044,3038,-1,3043,3038,3037,-1,3044,2616,3039,-1,3044,3039,3038,-1,1180,1179,2617,-1,2609,3039,2616,-1,1179,2609,2617,-1,2753,1781,2756,-1,2755,2753,2756,-1,3040,2229,2231,-1,2233,2754,2756,-1,3041,2231,2227,-1,2229,3040,2754,-1,3042,2227,2235,-1,2231,3041,3040,-1,3043,2235,2237,-1,2227,3042,3041,-1,3044,2237,2239,-1,2235,3043,3042,-1,2616,2239,2240,-1,2237,3044,3043,-1,2617,2240,2242,-1,2239,2616,3044,-1,2240,2617,2616,-1,2242,1180,2617,-1,3045,3046,3047,-1,3048,3049,3050,-1,3048,3050,3051,-1,3046,3045,3049,-1,3049,3052,3046,-1,3053,3054,3052,-1,3055,3056,3057,-1,3057,3058,3053,-1,3059,3060,3061,-1,3062,3061,3063,-1,3064,3065,3066,-1,3059,3066,3065,-1,3064,3067,3068,-1,3067,3064,3066,-1,3060,3059,3065,-1,3055,3062,3063,-1,3060,3063,3061,-1,3057,3056,3058,-1,3057,3062,3055,-1,3052,3054,3046,-1,3054,3053,3058,-1,3052,3049,3048,-1,3069,3070,3071,-1,3070,3069,3072,-1,3071,3070,3073,-1,3069,3074,3072,-1,3071,3073,3075,-1,3076,3077,3078,-1,3079,3080,3077,-1,3077,3076,3079,-1,3081,3082,3080,-1,3079,3083,3080,-1,3080,3083,3081,-1,3084,3082,3081,-1,3083,3085,3086,-1,3083,3086,3081,-1,3087,3086,3085,-1,3087,3088,3089,-1,3089,3086,3087,-1,3090,3089,3091,-1,3088,3091,3089,-1,3092,3090,3091,-1,3093,3094,3095,-1,3092,3093,3095,-1,3090,3092,3095,-1,3096,3097,3098,-1,3099,3100,3101,-1,3099,3101,3102,-1,3097,3096,3100,-1,3100,3103,3097,-1,3104,3105,3103,-1,3106,3107,3108,-1,3108,3109,3104,-1,3110,3111,3112,-1,3113,3112,3114,-1,3115,3116,3117,-1,3110,3117,3116,-1,3115,3118,3119,-1,3118,3115,3117,-1,3111,3110,3116,-1,3106,3113,3114,-1,3111,3114,3112,-1,3108,3107,3109,-1,3108,3113,3106,-1,3103,3105,3097,-1,3105,3104,3109,-1,3103,3100,3099,-1,3120,3121,3122,-1,3121,3120,3123,-1,3122,3121,3124,-1,3120,3125,3123,-1,3122,3124,3126,-1,3127,3128,3129,-1,3130,3131,3132,-1,3133,3131,3134,-1,3131,3133,3135,-1,3134,3131,3130,-1,3136,3137,3138,-1,3127,3131,3139,-1,3140,3141,3142,-1,3143,3142,3141,-1,3144,3142,3145,-1,3143,3145,3142,-1,3144,3138,3142,-1,3146,3137,3136,-1,3137,3142,3138,-1,3129,3128,3146,-1,3146,3136,3129,-1,3131,3135,3139,-1,3139,3128,3127,-1,
        ]
    }
}
Shape{
    appearance Appearance {
        material  Material {
            diffuseColor 1.0 1.0 1.0
            specularColor 0.7529411764705882 0.7529411764705882 0.7529411764705882
            ambientIntensity 1.0
            transparency 1.0
            shininess 0.5
        }
    }
    geometry IndexedFaceSet {
        ccw TRUE
        solid FALSE
        coord DEF co Coordinate {
            point [
                0.783 1.1811 1.4986, 0.7352 1.1811 1.4846, 0.7351 1.1811 1.4983, 0.7977 1.1811 1.6051, 0.7822 1.1811 1.605, 0.7986 1.1811 1.485, 0.7021 1.1811 1.5088, 0.7095 1.1811 1.4938, 0.7035 1.1811 1.4897, 0.6832 1.1811 1.4974, 0.6831 1.1811 1.4828, 0.6758 1.1811 1.4822, 0.6599 1.1811 1.4967, 0.6713 1.1811 1.4959, 0.6683 1.1811 1.4822, 0.6612 1.1811 1.4828, 0.6539 1.1811 1.4841, 0.6404 1.1811 1.4889, 0.6402 1.1811 1.5038, 0.6496 1.1811 1.4994, 0.6469 1.1811 1.486, 0.697 1.1811 1.4865, 0.6935 1.1811 1.5017, 0.6902 1.1811 1.4842, 0.6924 1.1811 1.602, 0.6805 1.1811 1.5909, 0.6808 1.1811 1.6052, 0.7148 1.1811 1.4988, 0.7086 1.1811 1.5183, 0.7272 1.1811 1.5631, 0.7288 1.1811 1.5556, 0.7121 1.1811 1.5572, 0.7295 1.1811 1.5328, 0.7283 1.1811 1.5254, 0.7124 1.1811 1.5297, 0.7247 1.1811 1.5701, 0.7214 1.1811 1.5769, 0.7078 1.1811 1.5692, 0.7007 1.1811 1.5792, 0.7122 1.1811 1.5889, 0.7172 1.1811 1.5832, 0.6914 1.1811 1.5865, 0.7029 1.1811 1.5966, 0.6532 1.1811 1.5904, 0.6523 1.1811 1.6049, 0.6679 1.1811 1.5922, 0.668 1.1811 1.6062, 0.6396 1.1811 1.6011, 0.6397 1.1811 1.5849, 0.7297 1.1811 1.5482, 0.7136 1.1811 1.5431, 0.7299 1.1811 1.5404, 0.7263 1.1811 1.5182, 0.7234 1.1811 1.5112, 0.7195 1.1811 1.5047, 0.5537 1.1811 1.5896, 0.5536 1.1811 1.6034, 0.6001 1.1811 1.5899, 0.6155 1.1811 1.6039, 0.6004 1.1811 1.5515, 0.6005 1.1811 1.5377, 0.5574 1.1811 1.5512, 0.5575 1.1811 1.5374, 0.6163 1.1811 1.4837, 0.5518 1.1811 1.4833, 0.6007 1.1811 1.4973, 0.5517 1.1811 1.497, 0.4718 1.1811 1.5849, 0.4611 1.1811 1.5954, 0.468 1.1811 1.5985, 0.4321 1.1811 1.5308, 0.4472 1.1811 1.5437, 0.4487 1.1811 1.5298, 0.4546 1.1811 1.5915, 0.4656 1.1811 1.5817, 0.4601 1.1811 1.5776, 0.4485 1.1811 1.5575, 0.4319 1.1811 1.5567, 0.4352 1.1811 1.5681, 0.4308 1.1811 1.544, 0.4528 1.1811 1.5688, 0.4487 1.1811 1.5868, 0.4753 1.1811 1.6007, 0.4783 1.1811 1.5871, 0.453 1.1811 1.5182, 0.4413 1.1811 1.5085, 0.4356 1.1811 1.5189, 0.4826 1.1811 1.6022, 0.4902 1.1811 1.6029, 0.485 1.1811 1.5885, 0.4493 1.1811 1.4994, 0.4602 1.1811 1.5089, 0.4552 1.1811 1.4946, 0.4979 1.1811 1.603, 0.4919 1.1811 1.5891, 0.499 1.1811 1.5892, 0.4704 1.1811 1.5017, 0.4761 1.1811 1.4994, 0.4686 1.1811 1.4874, 0.5055 1.1811 1.6031, 0.4758 1.1811 1.4852, 0.5059 1.1811 1.5893, 0.4823 1.1811 1.4978, 0.4883 1.1811 1.4969, 0.4834 1.1811 1.4837, 0.5128 1.1811 1.5893, 0.5062 1.1811 1.483, 0.4986 1.1811 1.4829, 0.501 1.1811 1.4966, 0.5131 1.1811 1.6031, 0.5206 1.1811 1.6032, 0.5072 1.1811 1.4967, 0.5135 1.1811 1.4967, 0.5138 1.1811 1.483, 0.5282 1.1811 1.6032, 0.5291 1.1811 1.4831, 0.4947 1.1811 1.4966, 0.4908 1.1811 1.483, 0.465 1.1811 1.5049, 0.4617 1.1811 1.4906, 0.4408 1.1811 1.5781, 0.5214 1.1811 1.4831, 0.3457 1.1811 1.5147, 0.3337 1.1811 1.4817, 0.3166 1.1811 1.4816, 0.3614 1.1811 1.6021, 0.3504 1.1811 1.5283, 0.3957 1.1811 1.515, 0.4246 1.1811 1.4824, 0.4075 1.1811 1.4823, 0.378 1.1811 1.6022, 0.3836 1.1811 1.5479, 0.3704 1.1811 1.5868, 0.3765 1.1811 1.5672, 0.3642 1.1811 1.5671, 0.3573 1.1811 1.5477, 0.3907 1.1811 1.5286, 0.7372 1.1811 1.4142, 0.7836 1.1811 1.4007, 0.7373 1.1811 1.4004, 0.7991 1.1811 1.4146, 0.7839 1.1811 1.3623, 0.784 1.1811 1.3485, 0.7411 1.1811 1.3482, 0.741 1.1811 1.3619, 0.7999 1.1811 1.2945, 0.7353 1.1811 1.2941, 0.7843 1.1811 1.3081, 0.7352 1.1811 1.3077, 0.6824 1.1811 1.3814, 0.6839 1.1811 1.3692, 0.6763 1.1811 1.3679, 0.703 1.1811 1.378, 0.712 1.1811 1.3737, 0.7033 1.1811 1.3647, 0.7121 1.1811 1.359, 0.6939 1.1811 1.3681, 0.6669 1.1811 1.3068, 0.6673 1.1811 1.3228, 0.6685 1.1811 1.3186, 0.6931 1.1811 1.3806, 0.6564 1.1811 1.3695, 0.6626 1.1811 1.3761, 0.6709 1.1811 1.3639, 0.6666 1.1811 1.3481, 0.6528 1.1811 1.3604, 0.6677 1.1811 1.3573, 0.6727 1.1811 1.3359, 0.6667 1.1811 1.3366, 0.72 1.1811 1.3098, 0.7055 1.1811 1.318, 0.7208 1.1811 1.3169, 0.7044 1.1811 1.3124, 0.7176 1.1811 1.3037, 0.7135 1.1811 1.2986, 0.7081 1.1811 1.2948, 0.7012 1.1811 1.308, 0.7044 1.1811 1.3242, 0.7196 1.1811 1.3257, 0.7015 1.1811 1.2925, 0.6937 1.1811 1.2917, 0.6962 1.1811 1.3051, 0.6897 1.1811 1.304, 0.6831 1.1811 1.2934, 0.6807 1.1811 1.3057, 0.7008 1.1811 1.3429, 0.7014 1.1811 1.3289, 0.6963 1.1811 1.3319, 0.6743 1.1811 1.2984, 0.6734 1.1811 1.3109, 0.667 1.1811 1.2936, 0.652 1.1811 1.2935, 0.6921 1.1811 1.3447, 0.6908 1.1811 1.3334, 0.6668 1.1811 1.3321, 0.6668 1.1811 1.3275, 0.6516 1.1811 1.3487, 0.6712 1.1811 1.3801, 0.7089 1.1811 1.3394, 0.7156 1.1811 1.3336, 0.6845 1.1811 1.3343, 0.6786 1.1811 1.3351, 0.6705 1.1811 1.3145, 0.5928 1.1811 1.3231, 0.5899 1.1811 1.3194, 0.5843 1.1811 1.3352, 0.6233 1.1811 1.3071, 0.6259 1.1811 1.2939, 0.6204 1.1811 1.3059, 0.6144 1.1811 1.3042, 0.6198 1.1811 1.2923, 0.6137 1.1811 1.2914, 0.6174 1.1811 1.3049, 0.6113 1.1811 1.3037, 0.6071 1.1811 1.2911, 0.6081 1.1811 1.3034, 0.6048 1.1811 1.3034, 0.6008 1.1811 1.2915, 0.6016 1.1811 1.3037, 0.5986 1.1811 1.3042, 0.5946 1.1811 1.2927, 0.5929 1.1811 1.3066, 0.5955 1.1811 1.3051, 0.5833 1.1811 1.2978, 0.5907 1.1811 1.3089, 0.5888 1.1811 1.2947, 0.5746 1.1811 1.3089, 0.589 1.1811 1.3149, 0.5779 1.1811 1.3028, 0.5894 1.1811 1.3116, 0.5747 1.1811 1.324, 0.5735 1.1811 1.3162, 0.5875 1.1811 1.367, 0.5773 1.1811 1.3623, 0.5772 1.1811 1.3769, 0.5975 1.1811 1.3808, 0.5991 1.1811 1.3686, 0.5869 1.1811 1.3798, 0.6299 1.1811 1.363, 0.6156 1.1811 1.3572, 0.6267 1.1811 1.3691, 0.6213 1.1811 1.3742, 0.6144 1.1811 1.3619, 0.6109 1.1811 1.3655, 0.6311 1.1811 1.3559, 0.6057 1.1811 1.3679, 0.6105 1.1811 1.3792, 0.5996 1.1811 1.3271, 0.5985 1.1811 1.3421, 0.6068 1.1811 1.3302, 0.5909 1.1811 1.3388, 0.5784 1.1811 1.3305, 0.6146 1.1811 1.3336, 0.6057 1.1811 1.3452, 0.6123 1.1811 1.3492, 0.6148 1.1811 1.3526, 0.6211 1.1811 1.3372, 0.6301 1.1811 1.3486, 0.6269 1.1811 1.3423, 0.6261 1.1811 1.3084, 0.6316 1.1811 1.2963, 0.6288 1.1811 1.31, 0.6315 1.1811 1.3119, 0.5225 1.1811 1.2796, 0.5322 1.1811 1.2928, 0.5273 1.1811 1.2697, 0.4829 1.1811 1.378, 0.4985 1.1811 1.3782, 0.5073 1.1811 1.3544, 0.5247 1.1811 1.3068, 0.5161 1.1811 1.3307, 0.5403 1.1811 1.3547, 0.5652 1.1811 1.3786, 0.5322 1.1811 1.3308, 0.5338 1.1811 1.261, 0.5389 1.1811 1.2772, 0.5429 1.1811 1.2705, 0.5484 1.1811 1.3785, 0.5544 1.1811 1.2653, 0.5586 1.1811 1.2527, 0.5533 1.1811 1.2524, 0.5481 1.1811 1.2666, 0.5427 1.1811 1.2546, 0.5586 1.1811 1.2657, 0.563 1.1811 1.2537, 0.5629 1.1811 1.267, 0.4047 1.1811 1.398, 0.4046 1.1811 1.4118, 0.451 1.1811 1.3983, 0.4664 1.1811 1.4123, 0.4513 1.1811 1.3599, 0.4514 1.1811 1.3461, 0.4084 1.1811 1.3596, 0.4085 1.1811 1.3458, 0.4673 1.1811 1.2922, 0.4027 1.1811 1.2917, 0.4517 1.1811 1.3057, 0.4026 1.1811 1.3054, 0.3227 1.1811 1.3933, 0.3121 1.1811 1.4038, 0.3189 1.1811 1.4069, 0.283 1.1811 1.3392, 0.2981 1.1811 1.3521, 0.2996 1.1811 1.3382, 0.3056 1.1811 1.3999, 0.3166 1.1811 1.3901, 0.311 1.1811 1.386, 0.2995 1.1811 1.3659, 0.2828 1.1811 1.3651, 0.2862 1.1811 1.3765, 0.2818 1.1811 1.3524, 0.3038 1.1811 1.3772, 0.2996 1.1811 1.3952, 0.3262 1.1811 1.4091, 0.3292 1.1811 1.3955, 0.304 1.1811 1.3266, 0.2922 1.1811 1.3169, 0.2865 1.1811 1.3273, 0.3335 1.1811 1.4106, 0.3411 1.1811 1.4113, 0.336 1.1811 1.3969, 0.3002 1.1811 1.3078, 0.3112 1.1811 1.3173, 0.3062 1.1811 1.303, 0.3488 1.1811 1.4114, 0.3429 1.1811 1.3975, 0.3499 1.1811 1.3976, 0.3214 1.1811 1.3101, 0.3271 1.1811 1.3078, 0.3196 1.1811 1.2959, 0.3564 1.1811 1.4115, 0.3268 1.1811 1.2936, 0.3568 1.1811 1.3977, 0.3332 1.1811 1.3062, 0.3392 1.1811 1.3053, 0.3343 1.1811 1.2921, 0.3638 1.1811 1.3977, 0.3572 1.1811 1.2914, 0.3496 1.1811 1.2913, 0.3519 1.1811 1.305, 0.364 1.1811 1.4115, 0.3716 1.1811 1.4116, 0.3582 1.1811 1.3051, 0.3644 1.1811 1.3051, 0.3648 1.1811 1.2914, 0.3792 1.1811 1.4116, 0.38 1.1811 1.2915, 0.3456 1.1811 1.305, 0.3418 1.1811 1.2914, 0.316 1.1811 1.3133, 0.3126 1.1811 1.299, 0.2917 1.1811 1.3865, 0.3724 1.1811 1.2915, 0.1966 1.1811 1.3231, 0.1846 1.1811 1.2901, 0.1675 1.1811 1.29, 0.2124 1.1811 1.4105, 0.2013 1.1811 1.3367, 0.2467 1.1811 1.3234, 0.2756 1.1811 1.2908, 0.2584 1.1811 1.2907, 0.229 1.1811 1.4106, 0.2346 1.1811 1.3563, 0.2213 1.1811 1.3952, 0.2275 1.1811 1.3756, 0.2151 1.1811 1.3755, 0.2082 1.1811 1.3561, 0.2417 1.1811 1.337, 1.0507 1.1811 1.348, 1.0715 1.1811 1.3438, 1.0773 1.1811 1.3381, 1.0076 1.1811 1.2956, 1.0123 1.1811 1.3477, 1.0825 1.1811 1.3226, 1.0806 1.1811 1.3128, 1.058 1.1811 1.2959, 1.0642 1.1811 1.3476, 1.0559 1.1811 1.3489, 1.0754 1.1811 1.3045, 1.0676 1.1811 1.2986, 1.0811 1.1811 1.3309, 1.4154 1.1811 1.5152, 1.3733 1.1811 1.4833, 1.3628 1.1811 1.4959, 1.2587 1.1811 1.2922, 1.2764 1.1811 1.243, 1.2581 1.1811 1.241, 0.99 1.1811 1.2983, 0.9979 1.1811 1.3503, 1.2709 1.1811 1.5142, 1.2484 1.1811 1.5269, 1.2862 1.1811 1.5188, 1.2582 1.1811 1.3588, 1.2748 1.1811 1.4108, 1.2915 1.1811 1.4055, 0.9029 1.1811 1.3793, 0.9567 1.1811 1.3858, 0.9094 1.1811 1.3628, 0.9733 1.1811 1.3637, 0.9183 1.1811 1.3475, 0.9638 1.1811 1.3739, 1.2478 1.1811 1.3571, 1.1931 1.1811 1.3831, 1.2059 1.1811 1.3953, 1.2315 1.1811 1.3452, 1.1721 1.1811 1.3343, 0.952 1.1811 1.3993, 0.8989 1.1811 1.3966, 0.9504 1.1811 1.4139, 0.9296 1.1811 1.3334, 0.9848 1.1811 1.3557, 0.9428 1.1811 1.3213, 0.9731 1.1811 1.3036, 0.9574 1.1811 1.3113, 0.8974 1.1811 1.4143, 0.952 1.1811 1.4291, 0.928 1.1811 1.4921, 0.975 1.1811 1.466, 0.9153 1.1811 1.4752, 0.9057 1.1811 1.4563, 0.9569 1.1811 1.4432, 0.8997 1.1811 1.4359, 1.0124 1.1811 1.5796, 1.0553 1.1811 1.5503, 0.9998 1.1811 1.5632, 1.0013 1.1811 1.4791, 0.9613 1.1811 1.5183, 0.9812 1.1811 1.5268, 1.0338 1.1811 1.5186, 0.9893 1.1811 1.5456, 1.0433 1.1811 1.5354, 1.0165 1.1811 1.4809, 1.0271 1.1811 1.5004, 1.0233 1.1811 1.481, 1.2388 1.1811 1.3524, 1.0694 1.1811 1.5632, 1.0268 1.1811 1.5946, 1.0471 1.1811 1.6102, 1.0854 1.1811 1.5738, 1.0692 1.1811 1.6227, 1.1031 1.1811 1.5817, 1.0927 1.1811 1.6319, 1.1426 1.1811 1.6398, 1.1421 1.1811 1.5886, 1.1173 1.1811 1.6377, 1.1221 1.1811 1.5867, 1.2267 1.1811 1.6188, 1.2453 1.1811 1.6072, 1.2048 1.1811 1.5718, 1.1648 1.1811 1.6386, 1.1863 1.1811 1.6346, 1.1646 1.1811 1.5867, 1.207 1.1811 1.6279, 1.1856 1.1811 1.581, 1.4013 1.1811 1.5315, 1.35 1.1811 1.5062, 1.3194 1.1811 1.5189, 1.3468 1.1811 1.5649, 1.3569 1.1811 1.5611, 1.3355 1.1811 1.514, 1.3759 1.1811 1.5514, 1.3849 1.1811 1.5454, 1.3666 1.1811 1.5566, 1.2831 1.1811 1.5699, 1.2938 1.1811 1.5713, 1.3023 1.1811 1.5205, 1.3259 1.1811 1.57, 1.2571 1.1811 1.5074, 1.3933 1.1811 1.5388, 1.3813 1.1811 1.4689, 1.4267 1.1811 1.4969, 1.435 1.1811 1.4771, 1.4421 1.1811 1.4344, 1.3883 1.1811 1.4358, 1.4402 1.1811 1.4562, 1.3864 1.1811 1.4529, 1.4407 1.1811 1.4141, 1.4364 1.1811 1.3942, 1.3867 1.1811 1.4187, 1.4293 1.1811 1.3753, 1.3819 1.1811 1.4028, 1.4069 1.1811 1.3411, 1.3517 1.1811 1.3651, 1.3641 1.1811 1.3757, 1.4194 1.1811 1.3574, 1.3742 1.1811 1.3884, 1.2853 1.1811 1.3059, 1.3389 1.1811 1.2996, 1.3317 1.1811 1.2834, 1.3376 1.1811 1.3568, 1.358 1.1811 1.3062, 1.2934 1.1811 1.2487, 1.269 1.1811 1.294, 1.3085 1.1811 1.2576, 1.2104 1.1811 1.2553, 1.1977 1.1811 1.2656, 1.248 1.1811 1.2939, 1.1871 1.1811 1.2782, 1.1791 1.1811 1.2927, 1.2316 1.1811 1.3059, 1.2251 1.1811 1.3253, 1.2268 1.1811 1.336, 1.2383 1.1811 1.4105, 1.0521 1.1811 1.3967, 1.0783 1.1811 1.4421, 1.3065 1.1811 1.397, 1.2685 1.1811 1.3572, 1.174 1.1811 1.3086, 1.2269 1.1811 1.315, 1.3215 1.1811 1.2693, 1.2781 1.1811 1.2987, 1.241 1.1811 1.2426, 1.225 1.1811 1.2475, 1.2899 1.1811 1.3364, 1.285 1.1811 1.3456, 1.33 1.1811 1.3722, 1.2777 1.1811 1.3527, 1.3194 1.1811 1.3857, 1.3758 1.1811 1.3153, 1.3921 1.1811 1.3269, 1.3365 1.1811 1.5679, 1.3046 1.1811 1.5718, 1.3153 1.1811 1.5713, 1.2591 1.1811 1.5963, 1.2219 1.1811 1.5595, 1.2716 1.1811 1.5838, 1.2365 1.1811 1.5444, 0.9434 1.1811 1.5066, 0.9873 1.1811 1.474, 0.9647 1.1811 1.4556, 1.2388 1.1811 1.2986, 1.2917 1.1811 1.3258, 1.29 1.1811 1.3151, 1.1722 1.1811 1.3258, 1.257 1.1811 1.4126, 1.2211 1.1811 1.4046
            ]
        }
        coordIndex [
            0,1,2,-1,3,0,4,-1,1,0,5,-1,3,5,0,-1,6,7,8,-1,9,10,11,-1,12,13,14,-1,13,9,11,-1,12,15,16,-1,14,15,12,-1,17,18,19,-1,12,16,19,-1,16,20,19,-1,19,20,17,-1,21,22,8,-1,6,8,22,-1,13,11,14,-1,9,23,10,-1,22,21,23,-1,22,23,9,-1,24,25,26,-1,7,6,27,-1,6,28,27,-1,29,30,31,-1,32,33,34,-1,35,31,36,-1,37,38,39,-1,40,36,37,-1,41,42,38,-1,43,44,45,-1,26,45,46,-1,45,44,46,-1,43,47,44,-1,26,25,45,-1,43,48,47,-1,41,24,42,-1,24,41,25,-1,42,39,38,-1,36,31,37,-1,39,40,37,-1,29,31,35,-1,30,49,50,-1,31,30,50,-1,51,32,50,-1,51,50,49,-1,52,34,33,-1,32,34,50,-1,34,53,28,-1,53,34,52,-1,27,28,54,-1,53,54,28,-1,55,56,57,-1,56,58,57,-1,58,59,57,-1,59,60,61,-1,59,58,60,-1,61,60,62,-1,58,63,60,-1,64,65,63,-1,63,65,60,-1,64,66,65,-1,67,68,69,-1,70,71,72,-1,73,74,75,-1,76,77,78,-1,79,77,71,-1,80,76,78,-1,75,80,81,-1,82,83,67,-1,84,85,86,-1,82,87,83,-1,88,89,87,-1,89,83,87,-1,90,91,92,-1,88,93,94,-1,94,89,88,-1,93,95,94,-1,96,97,98,-1,95,93,99,-1,100,98,97,-1,99,101,95,-1,102,103,104,-1,105,101,99,-1,106,107,108,-1,109,110,105,-1,111,112,113,-1,110,114,105,-1,114,115,105,-1,116,107,117,-1,99,109,105,-1,116,108,107,-1,92,118,119,-1,117,104,103,-1,90,84,91,-1,104,100,102,-1,69,82,67,-1,74,73,68,-1,74,68,67,-1,75,81,73,-1,81,80,120,-1,120,80,78,-1,76,71,77,-1,79,71,70,-1,72,84,86,-1,72,86,70,-1,85,84,90,-1,91,118,92,-1,96,98,119,-1,96,119,118,-1,102,100,97,-1,116,117,103,-1,111,106,108,-1,112,121,113,-1,111,113,106,-1,105,115,112,-1,121,112,115,-1,122,123,124,-1,125,126,124,-1,126,122,124,-1,127,128,129,-1,130,128,131,-1,122,126,127,-1,132,130,133,-1,134,135,125,-1,125,135,126,-1,132,134,125,-1,133,130,131,-1,130,132,125,-1,136,131,128,-1,126,136,127,-1,128,127,136,-1,137,138,139,-1,140,141,138,-1,137,140,138,-1,142,143,141,-1,141,140,142,-1,141,143,144,-1,140,145,142,-1,146,147,145,-1,145,147,142,-1,146,148,147,-1,149,150,151,-1,152,153,154,-1,153,155,154,-1,152,154,156,-1,157,158,159,-1,156,160,152,-1,156,150,160,-1,161,162,163,-1,160,150,149,-1,164,165,166,-1,161,166,165,-1,167,168,164,-1,169,170,171,-1,172,173,174,-1,175,176,174,-1,170,177,178,-1,172,169,173,-1,175,179,176,-1,179,180,181,-1,182,183,184,-1,180,182,181,-1,185,186,187,-1,180,183,182,-1,188,157,189,-1,157,190,191,-1,192,187,193,-1,194,195,196,-1,163,166,161,-1,196,165,164,-1,163,197,151,-1,163,162,197,-1,151,197,149,-1,185,198,186,-1,199,177,198,-1,193,200,192,-1,185,187,192,-1,189,184,188,-1,164,192,201,-1,200,201,192,-1,157,202,189,-1,191,196,158,-1,168,194,196,-1,164,201,167,-1,164,168,196,-1,196,195,158,-1,191,158,157,-1,157,159,202,-1,188,184,183,-1,176,179,181,-1,170,169,172,-1,176,172,174,-1,178,177,199,-1,171,170,178,-1,198,177,186,-1,203,204,205,-1,206,207,208,-1,209,210,211,-1,212,208,210,-1,213,214,215,-1,213,209,211,-1,216,217,218,-1,216,215,214,-1,219,217,220,-1,219,218,217,-1,220,221,222,-1,219,220,222,-1,223,224,225,-1,220,225,221,-1,226,227,228,-1,223,228,229,-1,230,227,231,-1,232,233,234,-1,232,235,236,-1,237,235,232,-1,238,239,240,-1,241,242,243,-1,242,240,239,-1,239,238,244,-1,242,241,240,-1,245,246,243,-1,232,234,237,-1,236,235,245,-1,247,248,249,-1,250,203,205,-1,227,251,204,-1,252,249,253,-1,247,250,248,-1,254,255,256,-1,235,246,245,-1,257,258,239,-1,246,241,243,-1,257,239,244,-1,258,256,255,-1,239,258,255,-1,256,252,254,-1,254,252,253,-1,253,249,248,-1,247,203,250,-1,204,251,205,-1,227,226,231,-1,230,251,227,-1,224,223,229,-1,229,228,227,-1,221,225,224,-1,216,214,217,-1,212,210,209,-1,213,211,214,-1,207,210,208,-1,207,259,260,-1,259,207,206,-1,260,259,261,-1,261,262,260,-1,263,264,265,-1,266,267,268,-1,264,263,269,-1,268,270,266,-1,271,272,264,-1,273,264,269,-1,274,275,276,-1,277,272,271,-1,271,264,273,-1,265,275,274,-1,275,265,264,-1,278,279,280,-1,281,282,276,-1,283,284,279,-1,283,279,278,-1,285,284,283,-1,280,281,278,-1,282,274,276,-1,280,282,281,-1,263,270,269,-1,270,263,266,-1,286,287,288,-1,287,289,288,-1,289,290,288,-1,290,291,292,-1,290,289,291,-1,292,291,293,-1,289,294,291,-1,295,296,294,-1,294,296,291,-1,295,297,296,-1,298,299,300,-1,301,302,303,-1,304,305,306,-1,307,308,309,-1,310,308,302,-1,311,307,309,-1,306,311,312,-1,313,314,298,-1,315,316,317,-1,313,318,314,-1,319,320,318,-1,320,314,318,-1,321,322,323,-1,319,324,325,-1,325,320,319,-1,324,326,325,-1,327,328,329,-1,326,324,330,-1,331,329,328,-1,330,332,326,-1,333,334,335,-1,336,332,330,-1,337,338,339,-1,340,341,336,-1,342,343,344,-1,341,345,336,-1,345,346,336,-1,347,338,348,-1,330,340,336,-1,347,339,338,-1,323,349,350,-1,348,335,334,-1,321,315,322,-1,335,331,333,-1,300,313,298,-1,305,304,299,-1,305,299,298,-1,306,312,304,-1,312,311,351,-1,351,311,309,-1,307,302,308,-1,310,302,301,-1,303,315,317,-1,303,317,301,-1,316,315,321,-1,322,349,323,-1,327,329,350,-1,327,350,349,-1,333,331,328,-1,347,348,334,-1,342,337,339,-1,343,352,344,-1,342,344,337,-1,336,346,343,-1,352,343,346,-1,353,354,355,-1,356,357,355,-1,357,353,355,-1,358,359,360,-1,361,359,362,-1,353,357,358,-1,363,361,364,-1,365,366,356,-1,356,366,357,-1,363,365,356,-1,364,361,362,-1,361,363,356,-1,367,362,359,-1,357,367,358,-1,359,358,367,-1,368,369,370,-1,368,371,372,-1,373,374,375,-1,376,368,377,-1,368,376,369,-1,378,375,374,-1,375,378,379,-1,380,373,368,-1,368,370,380,-1,381,382,383,-1,373,375,368,-1,371,368,375,-1,384,385,386,-1,387,388,372,-1,372,371,387,-1,389,390,391,-1,392,393,394,-1,395,396,397,-1,398,399,400,-1,401,402,403,-1,396,400,397,-1,404,405,402,-1,406,407,408,-1,409,398,410,-1,410,411,409,-1,388,412,413,-1,412,388,387,-1,410,413,411,-1,410,388,413,-1,398,409,399,-1,400,399,397,-1,395,407,406,-1,406,396,395,-1,407,414,408,-1,408,414,415,-1,416,417,418,-1,419,420,421,-1,422,423,424,-1,425,426,427,-1,428,429,430,-1,428,427,429,-1,431,432,433,-1,425,432,431,-1,401,434,402,-1,435,423,422,-1,436,437,438,-1,435,436,438,-1,439,440,437,-1,440,439,441,-1,442,443,444,-1,441,444,445,-1,446,447,448,-1,449,450,451,-1,452,453,451,-1,454,383,455,-1,456,457,458,-1,459,460,461,-1,462,459,458,-1,463,464,465,-1,404,402,434,-1,465,466,456,-1,390,389,467,-1,383,454,381,-1,468,455,461,-1,454,455,468,-1,469,382,470,-1,469,470,471,-1,472,473,474,-1,471,474,475,-1,476,477,478,-1,477,479,480,-1,481,482,483,-1,479,484,485,-1,486,487,488,-1,489,490,487,-1,491,492,493,-1,494,495,496,-1,497,498,499,-1,500,405,501,-1,502,392,401,-1,501,405,404,-1,503,504,402,-1,394,505,506,-1,507,500,508,-1,405,503,402,-1,508,499,498,-1,509,492,510,-1,386,511,384,-1,384,511,512,-1,496,384,512,-1,384,491,385,-1,512,494,496,-1,513,514,489,-1,515,516,517,-1,490,489,518,-1,505,517,506,-1,518,489,519,-1,481,519,482,-1,489,482,519,-1,483,484,481,-1,485,484,483,-1,478,477,480,-1,480,479,485,-1,478,472,476,-1,475,474,473,-1,473,472,478,-1,382,381,470,-1,469,471,475,-1,459,462,460,-1,459,461,455,-1,458,459,456,-1,520,457,456,-1,456,466,520,-1,521,522,465,-1,466,465,522,-1,465,391,463,-1,465,464,521,-1,390,463,391,-1,448,447,523,-1,448,523,524,-1,524,523,525,-1,463,390,526,-1,524,525,463,-1,526,524,463,-1,448,453,446,-1,450,452,451,-1,452,446,453,-1,443,449,451,-1,445,444,443,-1,442,449,443,-1,440,438,437,-1,440,441,445,-1,424,423,430,-1,435,422,436,-1,424,430,429,-1,425,427,432,-1,432,427,428,-1,417,416,527,-1,425,528,426,-1,426,528,527,-1,527,528,417,-1,418,529,419,-1,417,529,418,-1,421,420,415,-1,419,529,420,-1,415,414,421,-1,530,496,495,-1,531,487,532,-1,530,497,499,-1,530,495,497,-1,508,498,507,-1,533,405,500,-1,500,507,533,-1,392,502,534,-1,535,401,403,-1,401,535,502,-1,392,534,393,-1,392,394,506,-1,506,517,516,-1,515,489,514,-1,516,515,514,-1,487,531,489,-1,513,489,531,-1,532,487,486,-1,486,488,510,-1,509,493,492,-1,488,509,510,-1,491,384,492,-1,
        ]
    }
}